id,collected_time,create_time,desc,duet_display,duet_enabled,duet_info_duet_from_id,is_ad,item_comment_status,item_mute,item_control_can_repost,official_item,original_item,share_enabled,playlist_id,stitch_display,stitch_enabled,diversification_id,stats_time,collect_count,comment_count,digg_count,play_count,share_count,vq_score,duration,share_cover,poi_id,poi_name,address,city,city_code,country_code,poi_category,father_poi_id,father_poi_name,poi_tt_type_code,poi_tt_type_name_medium,poi_tt_type_name_super,poi_tt_type_name_tiny,user_id,user_avatar_larger,user_avatar_medium,user_avatar_thumb,user_tt_seller,user_verified,challenges,music_id,music_title,music_album,music_author_name,music_duration,music_original,music_play_url,url,engagement,vision_description
7405077039516028193,2025-03-07 23:06:51.060042+01,1724128903,Part 20 | the End…. Watch these adorable toddlers hilariously freak out when their cactus toy talks back! 😂🌵  #babyreactions #funnykids #cactustoy #viral #toddlersoftiktok #toddlerreaction #kidsreaction #ToddlerLife #CuteAndFunny #BabyLaughs #ParentingHumor #KidFails #xyzbca #relatable #trending #itendswithus #novelshort #blakelively #verydemure #rush #rushtok #breakdance #d23 #17agustus #daughters #bebe #momcozy #hijo #bebestiktoks  cactus toys for talking videos | cactus baby reaction | cactus toys for kids | autistic dog | cactus cat reaction | cactus toys reaction compilation | cactus toys for cat |  baby using cactus **Warning ⚠️:** This video contains harmless pranks where people get playfully scared. No harassment or harm involved!,0,t,0.0,f,0,f,t,f,f,t,,0,t,10017.0,2025-06-18 00:31:20.605635+02,1646933,100800,19700000,314200000,3800000,63.85,61,"{"""",https://p16-sign-useast2a.tiktokcdn.com/tos-useast2a-p-0037-euttp/02857cd266fe42e591540497621cdf2b_1724128906~tplv-photomode-tiktok-play.jpeg?lk3s=b59d6b55&x-expires=1745013600&x-signature=iXNoZlyIfC%2Bw%2F2ZfbWvOylGkU4Y%3D&shp=b59d6b55&shcp=-,https://p16-sign-useast2a.tiktokcdn.com/tos-useast2a-p-0037-euttp/02857cd266fe42e591540497621cdf2b_1724128906~tplv-photomode-share-play.jpeg?lk3s=b59d6b55&x-expires=1745013600&x-signature=2uuKESNx2E%2F6wQkuY5DNHCng44w%3D&shp=b59d6b55&shcp=-}",22535865200907089,United States,North America,,4273359.0,6252001,Place and Address,,,19a3a1,Places,Place and Address,Country,7380131985362011169,https://p16-common-sign-useast2a.tiktokcdn-us.com/tos-useast2a-avt-0068-euttp/075efcac543b27056311efa9a0fa7776~tplv-tiktokx-cropcenter:1080:1080.jpeg?dr=9640&refresh_token=15064580&x-expires=1750356000&x-signature=A67o1gXJDd3OdYRKdwc2nRINuYM%3D&t=4d5b0474&ps=13740610&shp=a5d48078&shcp=81f88b70&idc=useast5,https://p16-common-sign-useast2a.tiktokcdn-us.com/tos-useast2a-avt-0068-euttp/075efcac543b27056311efa9a0fa7776~tplv-tiktokx-cropcenter:720:720.jpeg?dr=9640&refresh_token=664b7297&x-expires=1750356000&x-signature=G2vSWgDMw1akPDWGSkXXfgtTWLg%3D&t=4d5b0474&ps=13740610&shp=a5d48078&shcp=81f88b70&idc=useast5,https://p16-common-sign-useast2a.tiktokcdn-us.com/tos-useast2a-avt-0068-euttp/075efcac543b27056311efa9a0fa7776~tplv-tiktokx-cropcenter:100:100.jpeg?dr=9640&refresh_token=d2bf4952&x-expires=1750356000&x-signature=2qMLk%2FP0ULmNlOBeh3iRzJIDuRo%3D&t=4d5b0474&ps=13740610&shp=a5d48078&shcp=81f88b70&idc=useast5,f,f,"[""babyreactions"",""funnykids"",""cactustoy"",""viral"",""toddlersoftiktok"",""toddlerreaction"",""kidsreaction"",""toddlerlife"",""cuteandfunny"",""babylaughs"",""parentinghumor"",""kidfails"",""xyzbca"",""relatable"",""trending"",""itendswithus"",""novelshort"",""blakelively"",""verydemure"",""rush"",""rushtok"",""breakdance"",""d23"",""17agustus"",""daughters"",""bebe"",""momcozy"",""hijo"",""bebestiktoks""]",7.40507720653744e+18,original sound,,ehculo,61.0,t,https://v16m.tiktokcdn-us.com/098403f187483477fcec0c8e18d8d11f/67f9e93e/video/tos/useast2a/tos-useast2a-v-2370-euttp/o8bAvhviioYoziOnYEAeEyBSApEoidKAB7DgHE/?a=1233&bti=NDU3ZjAwOg%3D%3D&ch=0&cr=0&dr=0&er=2&cd=0%7C0%7C0%7C0&br=250&bt=125&ds=5&ft=GSDrKInz7ThOMG.OXq8Zmo&mime_type=audio_mpeg&qs=13&rc=M2lxZHU5cjU0dTMzZjU8M0BpM2lxZHU5cjU0dTMzZjU8M0A0Ml9gMmRrcS9gLS1kMWNzYSM0Ml9gMmRrcS9gLS1kMWNzcw%3D%3D&vvpl=1&l=20250411221601AAD453D353927F11FDDA&btag=e00050000&download=true,https://tiktok.com/@/video/7405077039516028193,511200000,"The main subject in this TikTok video is a person standing on a platform, likely at a train station or a bus stop. They are holding onto a rail and looking down, possibly waiting for their transportation to arrive. There's no text or other objects visible in the image."
7318665072786574622,2025-03-08 01:54:27.824977+01,1704009564,#puppy #pets #fypシ #foryou ,0,t,0.0,f,0,f,t,f,f,t,,0,t,,2025-06-08 01:27:46.936492+02,928671,128356,13984913,326121104,1260405,63.02,13,"{"""",https://p16-pu-sign-useast8.tiktokcdn-us.com/tos-useast8-p-0068-tx2/c982e30c97af49e7ae97c7128cba6c64_1704009566~tplv-photomode-tiktok-play.jpeg?lk3s=b59d6b55&x-expires=1741813200&x-signature=SQIOTNT%2BFmIj2d1jynBQ6cXMQJY%3D&shp=b59d6b55&shcp=-,https://p19-pu-sign-useast8.tiktokcdn-us.com/tos-useast8-p-0068-tx2/c982e30c97af49e7ae97c7128cba6c64_1704009566~tplv-photomode-share-play.jpeg?lk3s=b59d6b55&x-expires=1741813200&x-signature=ABjEbOuwg3BwMRb7DB8ksPMVyns%3D&shp=b59d6b55&shcp=-}",22535865202704586,Hollywood,"California, United States",,5368361.0,6252001,Place and Address,,,19a3a6,Places,Place and Address,Other Places,7263882126444102699,https://p16-sign-va.tiktokcdn.com/tos-maliva-avt-0068/6dabd5378c53bcaaca1d4bdb5867bd9d~tplv-tiktokx-cropcenter:1080:1080.jpeg?dr=10399&refresh_token=29b4f78b&x-expires=1750370400&x-signature=H%2B1V6HqgxeMJu25ZveCwv55gY4g%3D&t=4d5b0474&ps=13740610&shp=a5d48078&shcp=b59d6b55&idc=no1a,https://p16-sign-va.tiktokcdn.com/tos-maliva-avt-0068/6dabd5378c53bcaaca1d4bdb5867bd9d~tplv-tiktokx-cropcenter:720:720.jpeg?dr=10399&refresh_token=2198d051&x-expires=1750370400&x-signature=qynW5Xx%2BSJW41eBaoUXHoJKEesw%3D&t=4d5b0474&ps=13740610&shp=a5d48078&shcp=b59d6b55&idc=no1a,https://p16-sign-va.tiktokcdn.com/tos-maliva-avt-0068/6dabd5378c53bcaaca1d4bdb5867bd9d~tplv-tiktokx-cropcenter:100:100.jpeg?dr=10399&refresh_token=f749e854&x-expires=1750370400&x-signature=%2FJMtMNvLBf0sxyWvrLrP9ZgZTs8%3D&t=4d5b0474&ps=13740610&shp=a5d48078&shcp=b59d6b55&idc=no1a,f,f,"[""puppy"",""pets"",""fyp\u30b7"",""foryou""]",7.220472520573783e+18,original sound,,Joe Valenta - Music,6.0,t,https://v16m.tiktokcdn-us.com/01415526badf1c43cfae7c4b4b44e304/67e0c112/video/tos/useast5/tos-useast5-v-27dcd7c799-tx/oYkNxZPiY9EABRyUQEVofBCGDJewxQbaXgdnWD/?a=1233&bti=ODszNWYuMDE6&ch=0&cr=0&dr=0&er=0&lr=default&cd=0%7C0%7C0%7C0&br=250&bt=125&ft=GSDrKInz7Thzp1ROXq8Zmo&mime_type=audio_mpeg&qs=6&rc=aDMzPGhlaGVmMzQ7NzVoO0BpMzp0bWY6ZjQ3ajMzODU8NEA2YC0vMGAzNWExMC1gYy81YSNkZTZwcjQwX25gLS1kMS1zcw%3D%3D&vvpl=1&l=20250323201852BCD4A145C4FB25A97FF9&btag=e000b0000,https://tiktok.com/@/video/7318665072786574622,465970234,"The main subject of the image appears to be a person dancing in an indoor environment, possibly a room. There is no text present in the image."
7404183113464778030,2025-03-18 19:50:58.689127+01,1723920728,Omg 😳 #fear #storm #northsea #dangerous ,0,t,0.0,f,0,f,t,f,f,t,,0,t,10087.0,2025-05-23 23:10:45.272443+02,793510,59092,14096127,293385729,453106,58.92,60,"{"""",https://p16-pu-sign-useast8.tiktokcdn-us.com/tos-useast5-p-0068-tx/e09d98935e7f417793d52d6307fc1f74_1723920730~tplv-photomode-tiktok-play.jpeg?lk3s=b59d6b55&x-expires=1745013600&x-signature=q4N%2FujEPS1vFvtnflwSJ2PmYp3U%3D&shp=b59d6b55&shcp=-,https://p16-pu-sign-useast8.tiktokcdn-us.com/tos-useast5-p-0068-tx/e09d98935e7f417793d52d6307fc1f74_1723920730~tplv-photomode-share-play.jpeg?lk3s=b59d6b55&x-expires=1745013600&x-signature=KacgUfDH4ItPKuqdzpotMcRSPzs%3D&shp=b59d6b55&shcp=-}",22535796481546927,New York,United States,,5129313.0,6252001,Place and Address,,,19a3a3,Places,Place and Address,Province,7263943312150938667,https://p16-sign-va.tiktokcdn.com/tos-maliva-avt-0068/9d80ebec54102187ea1d51c2553ca684~tplv-tiktokx-cropcenter:1080:1080.jpeg?dr=10399&refresh_token=a0bdac7d&x-expires=1750327200&x-signature=XBqqP59BxhEbIcfnZI9JTKMRCsw%3D&t=4d5b0474&ps=13740610&shp=a5d48078&shcp=b59d6b55&idc=no1a,https://p16-sign-va.tiktokcdn.com/tos-maliva-avt-0068/9d80ebec54102187ea1d51c2553ca684~tplv-tiktokx-cropcenter:720:720.jpeg?dr=10399&refresh_token=50c7d86a&x-expires=1750327200&x-signature=S0nUez1re2F6Pa6s8c0PIkAQ2nA%3D&t=4d5b0474&ps=13740610&shp=a5d48078&shcp=b59d6b55&idc=no1a,https://p16-sign-va.tiktokcdn.com/tos-maliva-avt-0068/9d80ebec54102187ea1d51c2553ca684~tplv-tiktokx-cropcenter:100:100.jpeg?dr=10399&refresh_token=40d715fb&x-expires=1750327200&x-signature=RdcYLnkK3ycwKDsg0SDomNJcAsU%3D&t=4d5b0474&ps=13740610&shp=a5d48078&shcp=b59d6b55&idc=no1a,f,f,"[""fear"",""storm"",""northsea"",""dangerous""]",7.138700430573308e+18,Hoist The Colours - Bass Singers Version,Hoist The Colours (Bass Singers Version),The Wellermen & Bobby Bass & Eric Hollaway,60.0,f,https://sf19.tiktokcdn-us.com/obj/tos-alisg-ve-2774/oIAA1LvfQQdziABxI9ujsHiBwi7WoEOLrBC6Mj,https://tiktok.com/@/video/7404183113464778030,434346999,"The main subject in the image is a person standing outside, possibly on a street or sidewalk. They are looking at something off-camera, and there is a bottle visible in their hand."
7374499964082228523,2025-03-20 04:39:53.737193+01,1717009580,Help is on the way?! Lifes a hitch 🤣 #viral #funny #funnyvideos #AlaskaElevated #couples #couplegoals #husbandwife #fail @I Can Keto That ,0,t,0.0,f,0,f,t,f,f,t,,0,t,10002.0,2025-06-16 15:30:09.569309+02,1319471,142774,15679734,274733146,4131244,68.03,17,"{"""",https://p16-pu-sign-useast8.tiktokcdn-us.com/tos-useast5-p-0068-tx/442563fdf67f4221a01ea87227220b8d_1717009581~tplv-photomode-tiktok-play.jpeg?lk3s=b59d6b55&x-expires=1744297200&x-signature=wWGh3XBKWft%2FnwnJszpLKbcDfmQ%3D&shp=b59d6b55&shcp=-,https://p16-pu-sign-useast8.tiktokcdn-us.com/tos-useast5-p-0068-tx/442563fdf67f4221a01ea87227220b8d_1717009581~tplv-photomode-share-play.jpeg?lk3s=b59d6b55&x-expires=1744297200&x-signature=xBvxAjSdTYQeJg3IyEloXvuxwk8%3D&shp=b59d6b55&shcp=-}",22535865200921446,Alaska,United States,,116028560.0,6252001,Place and Address,,,19a3a3,Places,Place and Address,Province,6923665417810871302,https://p19-pu-sign-useast8.tiktokcdn-us.com/tos-useast8-avt-0068-tx2/5c429132bcb22384b7460ed63409a215~tplv-tiktokx-cropcenter:1080:1080.jpeg?dr=9640&refresh_token=3846f28e&x-expires=1750338000&x-signature=x8vGCgyVH8KupHPfAVwi8RlpMDo%3D&t=4d5b0474&ps=13740610&shp=a5d48078&shcp=b59d6b55&idc=useast5,https://p16-pu-sign-useast8.tiktokcdn-us.com/tos-useast8-avt-0068-tx2/5c429132bcb22384b7460ed63409a215~tplv-tiktokx-cropcenter:720:720.jpeg?dr=9640&refresh_token=0d75bf9b&x-expires=1750338000&x-signature=NLg6%2B2LK%2FembvRy73%2Fvz%2Byv4NaE%3D&t=4d5b0474&ps=13740610&shp=a5d48078&shcp=b59d6b55&idc=useast5,https://p16-pu-sign-useast8.tiktokcdn-us.com/tos-useast8-avt-0068-tx2/5c429132bcb22384b7460ed63409a215~tplv-tiktokx-cropcenter:100:100.jpeg?dr=9640&refresh_token=7b919603&x-expires=1750338000&x-signature=kAPAlVcY4v7Wx9yigl27xgSaJa8%3D&t=4d5b0474&ps=13740610&shp=a5d48078&shcp=b59d6b55&idc=useast5,f,f,"[""viral"",""funny"",""funnyvideos"",""alaskaelevated"",""couples"",""couplegoals"",""husbandwife"",""fail""]",6.746632592105146e+18,Break My Stride,Best of 80S Pop Hits,Chateau Pop,60.0,f,,https://tiktok.com/@/video/7374499964082228523,431530486,"The main subject in this TikTok video is a person dancing to music with their hands placed on top of their head. The setting appears to be indoors, possibly a living room or bedroom, given the presence of a window. Notable objects include a bed and a window, which are located in the background. There are no other people visible in the frame."
7219601776272477482,2025-04-11 03:51:10.506261+02,1680944597,#foryou #fyp #xh ,0,t,0.0,f,0,f,t,f,f,t,,0,t,10041.0,2025-04-11 03:51:10.621353+02,783631,456319,5482901,342570787,4643226,66.55,11,"{"""",https://p19-pu-sign-useast8.tiktokcdn-us.com/tos-useast5-p-0068-tx/32ed9134245d488cbc686995959f3f5d_1680944598~tplv-photomode-tiktok-play.jpeg?lk3s=b59d6b55&x-expires=1744938000&x-signature=%2Fa8r96Wm85ISYAYoPmeTwnCb7XU%3D&shp=b59d6b55&shcp=-,https://p16-pu-sign-useast8.tiktokcdn-us.com/tos-useast5-p-0068-tx/32ed9134245d488cbc686995959f3f5d_1680944598~tplv-photomode-share-play.jpeg?lk3s=b59d6b55&x-expires=1744938000&x-signature=vs31DCmWGxHzmqS7zmB4jUpYNxk%3D&shp=b59d6b55&shcp=-}",22535865250225433,Los Angeles,"Texas, United States",,4683696.0,6252001,Place and Address,,,19a3a6,Places,Place and Address,Other Places,7158970287442740270,https://p19-pu-sign-useast8.tiktokcdn-us.com/tos-useast5-avt-0068-tx/bf406c5883fd595cfeb29e9f6461eee8~tplv-tiktokx-cropcenter:1080:1080.jpeg?dr=9640&refresh_token=22b15274&x-expires=1744506000&x-signature=bKNnfHPS8QjuceUtfJQv%2F0sH04E%3D&t=4d5b0474&ps=13740610&shp=a5d48078&shcp=b59d6b55&idc=useast5,https://p16-pu-sign-useast8.tiktokcdn-us.com/tos-useast5-avt-0068-tx/bf406c5883fd595cfeb29e9f6461eee8~tplv-tiktokx-cropcenter:720:720.jpeg?dr=9640&refresh_token=6de4080a&x-expires=1744506000&x-signature=P9bk%2FWOSi1hGLdITJWYnQZAlPNY%3D&t=4d5b0474&ps=13740610&shp=a5d48078&shcp=b59d6b55&idc=useast5,https://p19-pu-sign-useast8.tiktokcdn-us.com/tos-useast5-avt-0068-tx/bf406c5883fd595cfeb29e9f6461eee8~tplv-tiktokx-cropcenter:100:100.jpeg?dr=9640&refresh_token=162c24cc&x-expires=1744506000&x-signature=abOzC39LzoN6m%2BOX1pT82JgDGPA%3D&t=4d5b0474&ps=13740610&shp=a5d48078&shcp=b59d6b55&idc=useast5,f,f,"[""foryou"",""fyp"",""xh""]",7.215447834764512e+18,YEAH Karl Wolf REMIX,,Karl Wolf,27.0,t,https://v19.tiktokcdn-us.com/c8b789f0dccae56a518d22b20a6b7c54/67f9d043/video/tos/useast5/tos-useast5-v-27dcd7c799-tx/e44e0cb6957a41b59c373a6057e52adc/?a=1233&bti=NDU3ZjAwOg%3D%3D&ch=0&cr=0&dr=0&er=2&cd=0%7C0%7C0%7C0&br=250&bt=125&ds=5&ft=GSDrKInz7ThsFP.OXq8Zmo&mime_type=audio_mpeg&qs=13&rc=M3g8ZzU6Zjg5ajMzNzU8M0BpM3g8ZzU6Zjg5ajMzNzU8M0A1NW5qcjRva2VgLS1kMTZzYSM1NW5qcjRva2VgLS1kMTZzcw%3D%3D&vvpl=1&l=2025041120295987A395D948F7AC1A78AB&btag=e00078000&download=true,https://tiktok.com/@/video/7219601776272477482,397399797,"In the image, a person is holding a smartphone up to their face, suggesting that they are recording or taking a photo. The setting appears to be outdoors during the daytime, as there is natural light visible in the image. There are no notable objects or actions other than the individual using the smartphone."
7194819694761774382,2025-03-11 11:39:01.230547+01,1675174512,Big boiiiiii #kangaroojack #kangaroo #kangarootok #crocodileencounter ,0,t,0.0,f,0,f,t,f,f,t,,0,t,10021.0,2025-06-17 07:47:22.719669+02,1421236,324715,19187205,204312497,3154595,71.16,10,"{"""",https://p19-sign.tiktokcdn-us.com/tos-useast5-p-0068-tx/b87d5dacfc7e456f8c68b7c99327e7d8_1675174513~tplv-photomode-tiktok-play.jpeg?lk3s=b59d6b55&x-expires=1744966800&x-signature=3zSjR6zBLc6JSeEH2Bawf5XmVeg%3D&shp=b59d6b55&shcp=-,https://p19-pu-sign-useast8.tiktokcdn-us.com/tos-useast5-p-0068-tx/b87d5dacfc7e456f8c68b7c99327e7d8_1675174513~tplv-photomode-share-play.jpeg?lk3s=b59d6b55&x-expires=1744966800&x-signature=EwWYL%2B56neQohwEPM1gBwP8DtuQ%3D&shp=b59d6b55&shcp=-}",22535796481626279,Texas,United States,,4742656.0,6252001,Place and Address,,,19a3a3,Places,Place and Address,Province,6657696402019614726,https://p16-sign-va.tiktokcdn.com/tos-maliva-avt-0068/6b8b7f584ec35391a45ee9ffbf90cc3f~tplv-tiktokx-cropcenter:1080:1080.jpeg?dr=10399&refresh_token=f4dca461&x-expires=1750309200&x-signature=awv%2Bfa6ZT7I%2FKlId4%2B1r9H5BvxQ%3D&t=4d5b0474&ps=13740610&shp=a5d48078&shcp=b59d6b55&idc=no1a,https://p16-sign-va.tiktokcdn.com/tos-maliva-avt-0068/6b8b7f584ec35391a45ee9ffbf90cc3f~tplv-tiktokx-cropcenter:720:720.jpeg?dr=10399&refresh_token=b8baa3f6&x-expires=1750309200&x-signature=vEniFEy%2BAsRvUclyOfH0g1WI3FQ%3D&t=4d5b0474&ps=13740610&shp=a5d48078&shcp=b59d6b55&idc=no1a,https://p16-sign-va.tiktokcdn.com/tos-maliva-avt-0068/6b8b7f584ec35391a45ee9ffbf90cc3f~tplv-tiktokx-cropcenter:100:100.jpeg?dr=10399&refresh_token=7fd43d22&x-expires=1750309200&x-signature=uOJ%2Bj17%2Bjku4syqDnIde1FmZlB4%3D&t=4d5b0474&ps=13740610&shp=a5d48078&shcp=b59d6b55&idc=no1a,f,f,"[""kangaroojack"",""kangaroo"",""kangarootok"",""crocodileencounter""]",7.175278841739365e+18,its cuffin season,,☆ riley ☆,10.0,t,https://v16m.tiktokcdn-us.com/6b79cc41d81b482d8351d3379ccb9a94/67f93a02/video/tos/useast5/tos-useast5-v-27dcd7-tx/9bd5f3db6d6142599845177bdb0d969a/?a=1233&bti=NDU3ZjAwOg%3D%3D&ch=0&cr=0&dr=0&er=2&cd=0%7C0%7C0%7C0&br=250&bt=125&ds=5&ft=GSDrKInz7ThMSB.OXq8Zmo&mime_type=audio_mpeg&qs=13&rc=amttcjc6Zjl1aDMzZzU8NEBpamttcjc6Zjl1aDMzZzU8NEBucGFucjRvYDZgLS1kMS9zYSNucGFucjRvYDZgLS1kMS9zcw%3D%3D&vvpl=1&l=20250411094911B8F6019BA383CC0035A7&btag=e00070000&download=true,https://tiktok.com/@/video/7194819694761774382,396184547,"The main subject of the TikTok video is a person who is sitting down, wearing a white t-shirt. They are in an indoor setting, with a plain white background visible behind them. There is no text or any other objects or actions that can be confidently identified within the image provided."
7422057267551423790,2025-03-23 20:37:49.560673+01,1728082375,Dachshund’s are a girls best friend🫶🏻 #dacshundsoftiktok #dachshund #wienerdog #daughter #prek #afterschoolroutine #fyp #heartwarming #love #viral #cutenessoverloaded ,0,t,0.0,f,0,f,t,f,f,t,,0,t,10019.0,2025-06-16 09:49:51.332778+02,1203926,105104,21873468,168090028,1832409,57.92,34,"{"""",https://p16-pu-sign-useast8.tiktokcdn-us.com/tos-useast5-p-0068-tx/68d19244ae5e4eb7aa82ef068d271f6f_1728082376~tplv-photomode-tiktok-play.jpeg?lk3s=b59d6b55&x-expires=1744938000&x-signature=Rpp29PUWnhn%2Fe70rbhNqmzVUfhs%3D&shp=b59d6b55&shcp=-,https://p16-pu-sign-useast8.tiktokcdn-us.com/tos-useast5-p-0068-tx/68d19244ae5e4eb7aa82ef068d271f6f_1728082376~tplv-photomode-share-play.jpeg?lk3s=b59d6b55&x-expires=1744938000&x-signature=STS2V14sQsRlp%2FltABaR0eUNbiM%3D&shp=b59d6b55&shcp=-}",22535865206810408,Louisiana,United States,,4337471.0,6252001,Place and Address,,,19a3a3,Places,Place and Address,Province,6781161712084747269,https://p16-pu-sign-useast8.tiktokcdn-us.com/tos-useast5-avt-0068-tx/092cb44a91847ae6f7a2af99c13a22b7~tplv-tiktokx-cropcenter:1080:1080.jpeg?dr=9640&refresh_token=f9b3c721&x-expires=1750230000&x-signature=id8sDb9lQm96XyZXzDe1etiVHtk%3D&t=4d5b0474&ps=13740610&shp=a5d48078&shcp=81f88b70&idc=useast5,https://p19-pu-sign-useast8.tiktokcdn-us.com/tos-useast5-avt-0068-tx/092cb44a91847ae6f7a2af99c13a22b7~tplv-tiktokx-cropcenter:720:720.jpeg?dr=9640&refresh_token=f6a13188&x-expires=1750230000&x-signature=DJVxmO1wMGdEJuXmgW0Y8L%2F%2BXzA%3D&t=4d5b0474&ps=13740610&shp=a5d48078&shcp=81f88b70&idc=useast5,https://p19-pu-sign-useast8.tiktokcdn-us.com/tos-useast5-avt-0068-tx/092cb44a91847ae6f7a2af99c13a22b7~tplv-tiktokx-cropcenter:100:100.jpeg?dr=9640&refresh_token=9b28d6b8&x-expires=1750230000&x-signature=k3X5YGJ7PRtIhrN11nC4Kgh7sTE%3D&t=4d5b0474&ps=13740610&shp=a5d48078&shcp=81f88b70&idc=useast5,f,f,"[""dacshundsoftiktok"",""dachshund"",""wienerdog"",""daughter"",""prek"",""afterschoolroutine"",""fyp"",""heartwarming"",""Love"",""viral"",""cutenessoverloaded""]",7.345489880803839e+18,look after you,,lyriq,90.0,t,,https://tiktok.com/@/video/7422057267551423790,386824708,"The image depicts a person dancing in a room with colorful lighting, there are no notable objects or actions to describe."
7384261288530119979,2025-03-18 09:24:34.984429+01,1719282315,“English or Spanish” #rollercoaster #fy #foryou #slingshotpcb @hannah ,0,t,0.0,f,0,f,t,f,f,t,,0,t,10086.0,2025-06-17 12:16:43.046686+02,1654488,103778,22168410,164884024,1205013,65.25,20,"{"""",https://p19-pu-sign-useast8.tiktokcdn-us.com/tos-useast5-p-0068-tx/5e8a365122d8449cadb29258c41afb81_1719282316~tplv-photomode-tiktok-play.jpeg?lk3s=b59d6b55&x-expires=1744941600&x-signature=AWlyFRKCzpE5Cook%2FzxsBY4bE38%3D&shp=b59d6b55&shcp=-,https://p19-pu-sign-useast8.tiktokcdn-us.com/tos-useast5-p-0068-tx/5e8a365122d8449cadb29258c41afb81_1719282316~tplv-photomode-share-play.jpeg?lk3s=b59d6b55&x-expires=1744941600&x-signature=ltrYwWOkm%2F%2F1WiCBJqsBWWRQdBM%3D&shp=b59d6b55&shcp=-}",21568295373025942,Slingshot PCB,"8762 Thomas Dr, Panama City, United States",Panama City,4167694.0,6252001,Office and Industrial,Panama City,Panama City,13a0a2,Business Facility,Office and Industrial,Company,6602384002072657926,https://p16-sign-va.tiktokcdn.com/tos-maliva-avt-0068/d374cc2501d5dea3e5b679cc4477ff0b~tplv-tiktokx-cropcenter:1080:1080.jpeg?dr=14579&refresh_token=9cd6f3e4&x-expires=1750327200&x-signature=xmbaDUQhASqvrawnPpGDkPipggE%3D&t=4d5b0474&ps=13740610&shp=a5d48078&shcp=b59d6b55&idc=maliva,https://p16-sign-va.tiktokcdn.com/tos-maliva-avt-0068/d374cc2501d5dea3e5b679cc4477ff0b~tplv-tiktokx-cropcenter:720:720.jpeg?dr=14579&refresh_token=7a5eb79a&x-expires=1750327200&x-signature=9aaXPZqwahgJCdGh3F8YLibAgpY%3D&t=4d5b0474&ps=13740610&shp=a5d48078&shcp=b59d6b55&idc=maliva,https://p16-sign-va.tiktokcdn.com/tos-maliva-avt-0068/d374cc2501d5dea3e5b679cc4477ff0b~tplv-tiktokx-cropcenter:100:100.jpeg?dr=14579&refresh_token=2ce5f5d7&x-expires=1750327200&x-signature=XVSFJ4Ax99OmwNzafLS3SLhcD5g%3D&t=4d5b0474&ps=13740610&shp=a5d48078&shcp=b59d6b55&idc=maliva,f,f,"[""rollercoaster"",""fy"",""foryou"",""slingshotpcb""]",7.120630002965563e+18,Static,Gemini Rights,Steve Lacy,60.0,f,https://sf16.tiktokcdn-us.com/obj/tos-alisg-ve-2774/oQKGAQXYGe9fbF3cAIeeK1dIYLx0rVG17JCmcM,https://tiktok.com/@/video/7384261288530119979,386568124,"The main subject of this TikTok video is a person who is performing a dance or posing in a room with white walls. In the background, there's a small clock visible on one wall."
7252393384923401515,2025-04-13 19:29:10.132409+02,1688579427,#satisfy #satisfyingvideo #justinbieber #letmeloveyou ,0,t,0.0,f,0,f,t,f,f,t,0.0,0,t,10052.0,2025-05-02 09:51:27.45355+02,1341323,56368,15354454,225847665,459007,64.58,67,"{"""",https://p16-pu-sign-useast8.tiktokcdn-us.com/tos-useast8-p-0068-tx2/84108cf4b02c41799491186f79aa2e7f_1704362095~tplv-photomode-tiktok-play.jpeg?lk3s=b59d6b55&x-expires=1745168400&x-signature=0UWR6TCXvoNCamaJ95ddoO1tmMU%3D&shp=b59d6b55&shcp=-,https://p19-pu-sign-useast8.tiktokcdn-us.com/tos-useast8-p-0068-tx2/84108cf4b02c41799491186f79aa2e7f_1704362095~tplv-photomode-share-play.jpeg?lk3s=b59d6b55&x-expires=1745168400&x-signature=n64QFSLTtqjQKaLjb3YFwxVx%2FRs%3D&shp=b59d6b55&shcp=-}",22535865201205278,New York,United States,,5128581.0,6252001,Place and Address,,,19a3a0,Places,Place and Address,City,7233947603468633130,https://p19-pu-sign-useast8.tiktokcdn-us.com/tos-useast8-avt-0068-tx2/0c406b054535769ef21ebcba31d06a04~tplv-tiktokx-cropcenter:1080:1080.jpeg?dr=9640&refresh_token=6fb373f1&x-expires=1750302000&x-signature=YhdvW7wvMErcvqYuFAxJcw64bDU%3D&t=4d5b0474&ps=13740610&shp=a5d48078&shcp=b59d6b55&idc=useast5,https://p19-pu-sign-useast8.tiktokcdn-us.com/tos-useast8-avt-0068-tx2/0c406b054535769ef21ebcba31d06a04~tplv-tiktokx-cropcenter:720:720.jpeg?dr=9640&refresh_token=7f3b6005&x-expires=1750302000&x-signature=9xc36WfljDQPVrM0mX8Gq8EQIQw%3D&t=4d5b0474&ps=13740610&shp=a5d48078&shcp=b59d6b55&idc=useast5,https://p16-pu-sign-useast8.tiktokcdn-us.com/tos-useast8-avt-0068-tx2/0c406b054535769ef21ebcba31d06a04~tplv-tiktokx-cropcenter:100:100.jpeg?dr=9640&refresh_token=fe35ee67&x-expires=1750302000&x-signature=Sb1PjvOKprf8zTI2K4fH4iZx3SE%3D&t=4d5b0474&ps=13740610&shp=a5d48078&shcp=b59d6b55&idc=useast5,f,f,"[""satisfy"",""satisfyingvideo"",""justinbieber"",""letmeloveyou""]",7.294374040150952e+18,Let Me Love You,Xylo Asmr Homages Vol 1,Imani Lopez,60.0,f,,https://tiktok.com/@/video/7252393384923401515,379392205,"- Main subject: A person is dancing energetically with their arms outstretched.
- Setting/environment: The person is inside a room, possibly in the evening or at night.
- Notable objects or actions: The lighting is dimly lit, highlighting the person's movements. The room appears to be an indoor living space or a bedroom."
7417183932510227743,2025-03-23 10:29:21.309111+01,1726947719,Im sorry little one 🫡 #fyp #xyzabc ,0,t,0.0,f,0,f,t,f,f,t,,0,t,10050.0,2025-06-16 06:44:31.311551+02,1355162,101328,21542953,142332075,3382353,69.33,14,"{"""",https://p16-pu-sign-useast8.tiktokcdn-us.com/tos-useast8-p-0068-tx2/ab1b997111f04ac6b0d2ef71daac37b5_1726947721~tplv-photomode-tiktok-play.jpeg?lk3s=b59d6b55&x-expires=1744966800&x-signature=29Rg40drEZW69zMIj%2FoCHzvAjhQ%3D&shp=b59d6b55&shcp=-,https://p19-pu-sign-useast8.tiktokcdn-us.com/tos-useast8-p-0068-tx2/ab1b997111f04ac6b0d2ef71daac37b5_1726947721~tplv-photomode-share-play.jpeg?lk3s=b59d6b55&x-expires=1744966800&x-signature=OesFVpfALy2LHgsGKv0bHt4AZ%2Fg%3D&shp=b59d6b55&shcp=-}",22535796488025723,Hello Kitty Cafe,"860 Spectrum Center Dr, Irvine, CA 92618, United States",Irvine,5359777.0,6252001,Food and Drink,Irvine,Irvine,05a0a4,Drinks,Food and Drink,Other Drinks,6715608862214341637,https://p16-sign-va.tiktokcdn.com/tos-maliva-avt-0068/7ca6008fdc24e43f64319e2633e65165~tplv-tiktokx-cropcenter:1080:1080.jpeg?dr=10399&refresh_token=423fa9e9&x-expires=1750190400&x-signature=xiN0czgi6gPmtupuiB%2BFaSAEZEw%3D&t=4d5b0474&ps=13740610&shp=a5d48078&shcp=b59d6b55&idc=no1a,https://p16-sign-va.tiktokcdn.com/tos-maliva-avt-0068/7ca6008fdc24e43f64319e2633e65165~tplv-tiktokx-cropcenter:720:720.jpeg?dr=10399&refresh_token=606a3b97&x-expires=1750190400&x-signature=PmD5HFV%2BKRjt1qyAfiENrzktSSE%3D&t=4d5b0474&ps=13740610&shp=a5d48078&shcp=b59d6b55&idc=no1a,https://p16-sign-va.tiktokcdn.com/tos-maliva-avt-0068/7ca6008fdc24e43f64319e2633e65165~tplv-tiktokx-cropcenter:100:100.jpeg?dr=10399&refresh_token=99378a7b&x-expires=1750190400&x-signature=JK2%2BiJay6LaopDhjzrGkg5IHxkw%3D&t=4d5b0474&ps=13740610&shp=a5d48078&shcp=b59d6b55&idc=no1a,f,f,"[""fyp"",""xyzabc""]",6.966304045443108e+18,escape,,Kilgore Doubtfire,18.0,t,https://v16m.tiktokcdn-us.com/d62966771e2f96c55d1ad06a26800f29/67f9c68a/video/tos/useast5/tos-useast5-v-27dcd7-tx/d5ca8a8f006348529180b9664623c14a/?a=1233&bti=NDU3ZjAwOg%3D%3D&ch=0&cr=0&dr=0&er=2&cd=0%7C0%7C0%7C0&br=252&bt=126&ds=5&ft=GSDrKInz7ThMdP.OXq8Zmo&mime_type=audio_mp4&qs=13&rc=am1lNmc8ZDpuNTMzNzU8M0Bpam1lNmc8ZDpuNTMzNzU8M0ByYGlrZmZlZWpgLS1kMTZzYSNyYGlrZmZlZWpgLS1kMTZzcw%3D%3D&vvpl=1&l=20250411194840F8FBD828599EAD17BDA7&btag=e00078000&download=true,https://tiktok.com/@/video/7417183932510227743,357761605,"The main subject in this TikTok video is a person using a smartphone to take a picture or record a video of a cityscape at night. The setting appears to be an urban area with buildings illuminated by artificial light sources. There are no notable objects or actions, as the focus seems to be on capturing the view through the phone's camera."
7453477561163631918,2025-03-18 09:47:50.387911+01,1735397984,They're finally reunited.#usa🇺🇸 #surprise #reunion ,0,t,0.0,f,0,f,t,f,f,t,,0,t,10018.0,2025-06-17 14:29:24.508073+02,1074974,56468,16104969,177117955,285783,61.66,84,"{"""",https://p16-sign.tiktokcdn-us.com/tos-useast5-p-0068-tx/oQUBFB03yPLEKEIZSGAQEBg9iins94AAmI9wj~tplv-photomode-tiktok-play.jpeg?lk3s=b59d6b55&x-expires=1745006400&x-signature=kuXEWWPhbawbsYJ%2BEqQFMB1c0BE%3D&shp=b59d6b55&shcp=-,https://p16-sign.tiktokcdn-us.com/tos-useast5-p-0068-tx/oQUBFB03yPLEKEIZSGAQEBg9iins94AAmI9wj~tplv-photomode-share-play.jpeg?lk3s=b59d6b55&x-expires=1745006400&x-signature=PzT3sQ6nnF2OcxnqHcEoE6R93MI%3D&shp=b59d6b55&shcp=-}",22535796481546927,New York,United States,,5129313.0,6252001,Place and Address,,,19a3a3,Places,Place and Address,Province,7438963485298115626,https://p16-sign-va.tiktokcdn.com/tos-maliva-avt-0068/d20f3c3cf6f3bc1895e6817173bc0e25~tplv-tiktokx-cropcenter:1080:1080.jpeg?dr=10399&refresh_token=04fb648a&x-expires=1750334400&x-signature=ArKrlhtIbckczqgIJX0rw0ESLg4%3D&t=4d5b0474&ps=13740610&shp=a5d48078&shcp=b59d6b55&idc=no1a,https://p16-sign-va.tiktokcdn.com/tos-maliva-avt-0068/d20f3c3cf6f3bc1895e6817173bc0e25~tplv-tiktokx-cropcenter:720:720.jpeg?dr=10399&refresh_token=57d149db&x-expires=1750334400&x-signature=yJU%2FHZXzp0iWoD8XoHWeqYHrp8g%3D&t=4d5b0474&ps=13740610&shp=a5d48078&shcp=b59d6b55&idc=no1a,https://p16-sign-va.tiktokcdn.com/tos-maliva-avt-0068/d20f3c3cf6f3bc1895e6817173bc0e25~tplv-tiktokx-cropcenter:100:100.jpeg?dr=10399&refresh_token=80703111&x-expires=1750334400&x-signature=z3ynQ%2Fd2FQ3kyeYq2NquiD1BUuQ%3D&t=4d5b0474&ps=13740610&shp=a5d48078&shcp=b59d6b55&idc=no1a,f,f,"[""usa\ud83c\uddfa\ud83c\uddf8"",""surprise"",""reunion""]",7.32811770192934e+18,suono originale,,sophia ★,248.0,t,https://v19.tiktokcdn-us.com/0a59799847c38b9a297e329bb8d45670/67f9c6c4/video/tos/useast2a/tos-useast2a-v-2370-euttp/osA9ZvhAEiblw0CtmKDoAyLTBAOCAY0pAoEgi/?a=1233&bti=NDU3ZjAwOg%3D%3D&ch=0&cr=0&dr=0&er=2&cd=0%7C0%7C0%7C0&br=250&bt=125&ds=5&ft=GSDrKInz7Thz9P.OXq8Zmo&mime_type=audio_mpeg&qs=13&rc=anI1M3c5cmhlcDMzZjU8M0BpanI1M3c5cmhlcDMzZjU8M0BkLS1oMmRrNW1gLS1kMWNzYSNkLS1oMmRrNW1gLS1kMWNzcw%3D%3D&vvpl=1&l=202504111945470FBEE85A5E68970ED82F&btag=e00058000&download=true,https://tiktok.com/@/video/7453477561163631918,338167645,"The main subject of this TikTok video is a young person who appears to be dancing or performing some type of movement. The setting is indoors, and the notable object in the image is a wall clock visible in the background."
7455040453239491870,2025-03-07 21:55:11.099867+01,1735761880,"COOKIE LOOK AWAY!!! 😱🫣🤭 We’ve talked about recreating this moment for years and we finally did it! The gingerbread cookie was so delicious, we only felt a little bit guilty #disneyland #disney #disneyparks #christmasfantasyparade #achristmasfantasyparade #gingerbread",0,f,0.0,f,0,f,t,f,f,t,,0,f,10003.0,2025-06-17 23:04:09.653229+02,1143494,41904,18200469,153159381,1631167,70.02,9,"{"""",https://p16-pu-sign-useast8.tiktokcdn-us.com/tos-useast8-p-0068-tx2/o4QO1dIRMFneIAGeqHQANLIQenGdE1Cpheop9U~tplv-photomode-tiktok-play.jpeg?lk3s=b59d6b55&x-expires=1745028000&x-signature=A3SkPNOSVwRrNRgFDz1Aje0ifns%3D&shp=b59d6b55&shcp=-,https://p19-pu-sign-useast8.tiktokcdn-us.com/tos-useast8-p-0068-tx2/o4QO1dIRMFneIAGeqHQANLIQenGdE1Cpheop9U~tplv-photomode-share-play.jpeg?lk3s=b59d6b55&x-expires=1745028000&x-signature=NhOuBtP63H5XhuzypeOkb%2FyIsKg%3D&shp=b59d6b55&shcp=-}",22535865201216880,Disneyland Park,"Anaheim, CA 92802, United States",Downtown Anaheim,5323810.0,6252001,Recreation and Sport,Downtown Anaheim,Downtown Anaheim,21a0a0,Amusement,Recreation and Sport,Amusement Park,7029518799980741638,https://p16-sign-va.tiktokcdn.com/tos-maliva-avt-0068/5b199561c516fbba0093881fee350364~tplv-tiktokx-cropcenter:1080:1080.jpeg?dr=14579&refresh_token=36fd8c51&x-expires=1750348800&x-signature=MA4an8EZguY38ezIwyfUv6qhSnU%3D&t=4d5b0474&ps=13740610&shp=a5d48078&shcp=b59d6b55&idc=maliva,https://p16-sign-va.tiktokcdn.com/tos-maliva-avt-0068/5b199561c516fbba0093881fee350364~tplv-tiktokx-cropcenter:720:720.jpeg?dr=14579&refresh_token=880bc3d9&x-expires=1750348800&x-signature=cAG6Ud9IsHS2lYX2EUSzlIoTlEk%3D&t=4d5b0474&ps=13740610&shp=a5d48078&shcp=b59d6b55&idc=maliva,https://p16-sign-va.tiktokcdn.com/tos-maliva-avt-0068/5b199561c516fbba0093881fee350364~tplv-tiktokx-cropcenter:100:100.jpeg?dr=14579&refresh_token=623f5d46&x-expires=1750348800&x-signature=R19MRBJAZEtNIy%2FxYLTRB3pFHhY%3D&t=4d5b0474&ps=13740610&shp=a5d48078&shcp=b59d6b55&idc=maliva,f,f,"[""disneyland"",""disney"",""disneyparks"",""christmasfantasyparade"",""achristmasfantasyparade"",""gingerbread""]",7.455040359513918e+18,original sound,,TheMainStreetDuo,9.0,t,https://v16m.tiktokcdn-us.com/651a0a9001c6991e208888f0e036f232/67fa2507/video/tos/useast8/tos-useast8-v-27dcd7-tx2/oM9oHfz1jAkTDRAEAvxEEZCqnI6FEBSeOtfnAB/?a=1233&bti=NDU3ZjAwOg%3D%3D&ch=0&cr=0&dr=0&er=2&cd=0%7C0%7C0%7C0&br=250&bt=125&ds=5&ft=GSDrKInz7ThVWh.OXq8Zmo&mime_type=audio_mpeg&qs=13&rc=amd4eXI5cnBzdzMzaTU8NEBpamd4eXI5cnBzdzMzaTU8NEAwNGltMmRjc25gLS1kMTJzYSMwNGltMmRjc25gLS1kMTJzcw%3D%3D&vvpl=1&l=202504120231585F2A77F46E70B12EAD8D&btag=e00070000&download=true,https://tiktok.com/@/video/7455040453239491870,335164071,"The main subject in this image appears to be a person using a smartphone. They are likely taking a photo or recording a video, as they are holding the device and looking at its screen. The setting seems to be outdoors, with some natural lighting visible on the subject's face. The specific environment is not clear from the image alone, but it could be a park, street, or other public area."
7355978738867113249,2025-05-20 11:03:32.172245+02,1712697272,Omg i really look over the stalls what would you do?😂 #foryoupage #college #rupee7ft2baller @Romeo ,0,t,0.0,f,0,f,t,f,f,t,,0,t,10003.0,2025-05-20 11:03:34.203084+02,1448552,110351,17872506,141782418,3722735,64.55,14,"{"""",https://p16-sign-useast2a.tiktokcdn.com/tos-useast2a-p-0037-euttp/150f5efe9f2644f6932faa959bfc83c9_1712697274~tplv-photomode-tiktok-play.jpeg?lk3s=b59d6b55&x-expires=1748336400&x-signature=HkE7BcFvia5HpYd8RAhNubfM0Mw%3D&shp=b59d6b55&shcp=-,https://p16-sign-useast2a.tiktokcdn.com/tos-useast2a-p-0037-euttp/150f5efe9f2644f6932faa959bfc83c9_1712697274~tplv-photomode-share-play.jpeg?lk3s=b59d6b55&x-expires=1748336400&x-signature=bK0iiUXEu5CN%2B4%2FHXCjXM01rTOk%3D&shp=b59d6b55&shcp=-}",22535796481626279,Texas,United States,,4742656.0,6252001,Place and Address,,,19a3a3,Places,Place and Address,Province,6769689637197136902,https://p16-sign-useast2a.tiktokcdn.com/tos-useast2a-avt-0068-euttp/1266ab8dec28473702de96789914ea1f~tplv-tiktokx-cropcenter:1080:1080.jpeg?dr=10399&refresh_token=31e0bfe3&x-expires=1750309200&x-signature=T1eqOIc66jeHKNNsnnlkQn0fpA8%3D&t=4d5b0474&ps=13740610&shp=a5d48078&shcp=b59d6b55&idc=no1a,https://p16-sign-useast2a.tiktokcdn.com/tos-useast2a-avt-0068-euttp/1266ab8dec28473702de96789914ea1f~tplv-tiktokx-cropcenter:720:720.jpeg?dr=10399&refresh_token=b79da1fa&x-expires=1750309200&x-signature=P6tSJG%2FwiESX1%2F7kKWpIGTKymG8%3D&t=4d5b0474&ps=13740610&shp=a5d48078&shcp=b59d6b55&idc=no1a,https://p16-sign-useast2a.tiktokcdn.com/tos-useast2a-avt-0068-euttp/1266ab8dec28473702de96789914ea1f~tplv-tiktokx-cropcenter:100:100.jpeg?dr=10399&refresh_token=e95ab388&x-expires=1750309200&x-signature=4vckr0D5FrZq6ABxZbyA8gnqrwk%3D&t=4d5b0474&ps=13740610&shp=a5d48078&shcp=b59d6b55&idc=no1a,f,f,"[""foryoupage"",""college"",""rupee7ft2baller""]",7.312144517049028e+18,suono originale,,spidey,22.0,t,https://v16m.tiktokcdn-us.com/72d72dd676063489ec9f63094113cea6/67f9e0cf/video/tos/useast2a/tos-useast2a-v-2370-euttp/o8p35BfinvEAG9EBKbovEjiiwdAcAy5LBbhPAM/?a=1233&bti=NDU3ZjAwOg%3D%3D&ch=0&cr=0&dr=0&er=2&cd=0%7C0%7C0%7C0&br=250&bt=125&ds=5&ft=GSDrKInz7ThX-q.OXq8Zmo&mime_type=audio_mpeg&qs=13&rc=M3Z4cnM5cmd5bzMzZjU8M0BpM3Z4cnM5cmd5bzMzZjU8M0AwM2lvMmRzNnBgLS1kMWNzYSMwM2lvMmRzNnBgLS1kMWNzcw%3D%3D&vvpl=1&l=2025041121404087D2DAF2346EA9124ACE&btag=e00078000&download=true,https://tiktok.com/@/video/7355978738867113249,320507478,"The image shows a person dancing to music in a dimly lit room, with a focus on the lower half of their body. There are no notable objects or actions in the background. The individual appears to be moving to the rhythm of the song, but it's difficult to determine the specific type of dance or the style of the song from this single frame."
7451269290801630510,2025-03-12 04:46:31.738128+01,1734883830,When your granddaughter wants to be the most dramatic person in the room and you are ruining her moment 🤣#granny #glamma#fyp#dramaticmoments#pettytiktok ,0,f,0.0,f,0,f,t,f,f,t,,0,f,10018.0,2025-06-17 21:34:27.950009+02,1496256,158945,18185705,130876883,2367293,67.48,27,"{"""",https://p19-pu-sign-useast8.tiktokcdn-us.com/tos-useast5-p-0068-tx/ooQu9FBRSDn7aGElcg9MAFfIQfEqDcDE9rQSDA~tplv-photomode-tiktok-play.jpeg?lk3s=b59d6b55&x-expires=1745020800&x-signature=y5S0Hn6awViObTtqTKW8M34nJi0%3D&shp=b59d6b55&shcp=-,https://p16-pu-sign-useast8.tiktokcdn-us.com/tos-useast5-p-0068-tx/ooQu9FBRSDn7aGElcg9MAFfIQfEqDcDE9rQSDA~tplv-photomode-share-play.jpeg?lk3s=b59d6b55&x-expires=1745020800&x-signature=ZJgWcLuPwVlp2FDxUHIL0L7PX54%3D&shp=b59d6b55&shcp=-}",22535796481626279,Texas,United States,,4742656.0,6252001,Place and Address,,,19a3a3,Places,Place and Address,Province,6810070154702423046,https://p16-pu-sign-useast8.tiktokcdn-us.com/tos-useast8-avt-0068-tx2/6fe59a4a56ecd54667c86cdab92fff3c~tplv-tiktokx-cropcenter:1080:1080.jpeg?dr=9640&refresh_token=f4d2d222&x-expires=1750330800&x-signature=yVKfmGRqEAoXlH%2B2NFBU7nZF%2F6M%3D&t=4d5b0474&ps=13740610&shp=a5d48078&shcp=b59d6b55&idc=useast8,https://p19-pu-sign-useast8.tiktokcdn-us.com/tos-useast8-avt-0068-tx2/6fe59a4a56ecd54667c86cdab92fff3c~tplv-tiktokx-cropcenter:720:720.jpeg?dr=9640&refresh_token=e2a87e3c&x-expires=1750330800&x-signature=xsjKePwS4XSLVN1NxN69Hn%2BIBu4%3D&t=4d5b0474&ps=13740610&shp=a5d48078&shcp=b59d6b55&idc=useast8,https://p19-pu-sign-useast8.tiktokcdn-us.com/tos-useast8-avt-0068-tx2/6fe59a4a56ecd54667c86cdab92fff3c~tplv-tiktokx-cropcenter:100:100.jpeg?dr=9640&refresh_token=f63ff72c&x-expires=1750330800&x-signature=R0injiigXDkjwvA%2FabbD18O2rGg%3D&t=4d5b0474&ps=13740610&shp=a5d48078&shcp=b59d6b55&idc=useast8,f,f,"[""granny"",""glamma"",""fyp"",""dramaticmoments"",""pettytiktok""]",6.999894365447391e+18,Monkeyshine-JP,Tell Me About Time-JP,Lt FitzGibbons Men,89.0,f,https://sf16.tiktokcdn-us.com/obj/tos-alisg-ve-2774/3c2b16b99d77407f8c7cff1d1c477b2b,https://tiktok.com/@/video/7451269290801630510,312733933,"The main subject of the TikTok video is a person who is standing in front of a building with their hands out to either side, as if they are showing something or gesturing. The setting appears to be an outdoor urban environment, possibly a city street or plaza. There are no notable objects or actions that stand out in this particular image."
7454667943415205163,2025-03-18 18:17:18.218665+01,1735675139,Omg 😨 #ocean #storm #northsea #dangerous #dory #job  #USA #AMERICA ,0,t,0.0,f,0,f,t,f,f,t,,0,t,10070.0,2025-06-17 19:04:46.566875+02,577574,56765,12251321,188125414,530979,59.0,60,"{"""",https://p19-sign.tiktokcdn-us.com/tos-useast5-p-0068-tx/o0zoBfI7DDtnFvrET0ETEMIQdBSIqRwgfURBzA~tplv-photomode-tiktok-play.jpeg?lk3s=b59d6b55&x-expires=1745028000&x-signature=v3HUuVrLok0%2FcMXZcngfeTz3QGw%3D&shp=b59d6b55&shcp=-,https://p16-pu-sign-useast8.tiktokcdn-us.com/tos-useast5-p-0068-tx/o0zoBfI7DDtnFvrET0ETEMIQdBSIqRwgfURBzA~tplv-photomode-share-play.jpeg?lk3s=b59d6b55&x-expires=1745028000&x-signature=fRfNwS0MgWGlGBYegHn8X6njrfc%3D&shp=b59d6b55&shcp=-}",22535865200907089,United States,North America,,4273359.0,6252001,Place and Address,,,19a3a1,Places,Place and Address,Country,7263943312150938667,https://p16-sign-va.tiktokcdn.com/tos-maliva-avt-0068/9d80ebec54102187ea1d51c2553ca684~tplv-tiktokx-cropcenter:1080:1080.jpeg?dr=10399&refresh_token=a0bdac7d&x-expires=1750327200&x-signature=XBqqP59BxhEbIcfnZI9JTKMRCsw%3D&t=4d5b0474&ps=13740610&shp=a5d48078&shcp=b59d6b55&idc=no1a,https://p16-sign-va.tiktokcdn.com/tos-maliva-avt-0068/9d80ebec54102187ea1d51c2553ca684~tplv-tiktokx-cropcenter:720:720.jpeg?dr=10399&refresh_token=50c7d86a&x-expires=1750327200&x-signature=S0nUez1re2F6Pa6s8c0PIkAQ2nA%3D&t=4d5b0474&ps=13740610&shp=a5d48078&shcp=b59d6b55&idc=no1a,https://p16-sign-va.tiktokcdn.com/tos-maliva-avt-0068/9d80ebec54102187ea1d51c2553ca684~tplv-tiktokx-cropcenter:100:100.jpeg?dr=10399&refresh_token=40d715fb&x-expires=1750327200&x-signature=RdcYLnkK3ycwKDsg0SDomNJcAsU%3D&t=4d5b0474&ps=13740610&shp=a5d48078&shcp=b59d6b55&idc=no1a,f,f,"[""ocean"",""storm"",""northsea"",""dangerous"",""dory"",""job"",""usa"",""america""]",7.138700430573308e+18,Hoist The Colours - Bass Singers Version,Hoist The Colours (Bass Singers Version),The Wellermen & Bobby Bass & Eric Hollaway,60.0,f,https://sf19.tiktokcdn-us.com/obj/tos-alisg-ve-2774/oIAA1LvfQQdziABxI9ujsHiBwi7WoEOLrBC6Mj,https://tiktok.com/@/video/7454667943415205163,310638624,"The main subject of the video is a person standing in front of a mirror, making a silly or funny facial expression while holding a toothbrush in their mouth. The setting appears to be a bathroom, as suggested by the presence of the mirror and the toothbrush. There are no other notable objects or actions in the image."
7366532911283096878,2025-03-18 23:01:36.514716+01,1715154645,Girl Cries After Her Dad Laughs At Her Drawing😭 #fyp #viral ,0,t,0.0,f,0,f,t,f,f,t,,0,t,10018.0,2025-06-17 20:11:24.95372+02,2388523,98890,18405385,116867685,1974659,65.58,60,"{"""",https://p19-sign.tiktokcdn-us.com/tos-useast5-p-0068-tx/0dd003fede3741afa2f9e17a150bffbd_1715154646~tplv-photomode-tiktok-play.jpeg?lk3s=b59d6b55&x-expires=1745006400&x-signature=PvA33NA%2BllmnnrL0rPZpRAdciIY%3D&shp=b59d6b55&shcp=-,https://p16-sign.tiktokcdn-us.com/tos-useast5-p-0068-tx/0dd003fede3741afa2f9e17a150bffbd_1715154646~tplv-photomode-share-play.jpeg?lk3s=b59d6b55&x-expires=1745006400&x-signature=G7d382JxCQjxgSGrfPzkB3ao8%2Fg%3D&shp=b59d6b55&shcp=-}",22535865205515618,South Carolina,United States,,4579571.0,6252001,Place and Address,,,19a3a3,Places,Place and Address,Province,6798684489201402886,https://p19-pu-sign-useast8.tiktokcdn-us.com/tos-useast5-avt-0068-tx/7c3b2bbc147911acc4f5a3ef13afa32b~tplv-tiktokx-cropcenter:1080:1080.jpeg?dr=9640&refresh_token=0445b1dc&x-expires=1750323600&x-signature=lS6nkr4Ub0sst6FAnj3Fo88nfHo%3D&t=4d5b0474&ps=13740610&shp=a5d48078&shcp=b59d6b55&idc=useast5,https://p16-pu-sign-useast8.tiktokcdn-us.com/tos-useast5-avt-0068-tx/7c3b2bbc147911acc4f5a3ef13afa32b~tplv-tiktokx-cropcenter:720:720.jpeg?dr=9640&refresh_token=f5dee2cb&x-expires=1750323600&x-signature=%2FQCuGwyVbyK5rZVNdnnovrcNVqY%3D&t=4d5b0474&ps=13740610&shp=a5d48078&shcp=b59d6b55&idc=useast5,https://p16-pu-sign-useast8.tiktokcdn-us.com/tos-useast5-avt-0068-tx/7c3b2bbc147911acc4f5a3ef13afa32b~tplv-tiktokx-cropcenter:100:100.jpeg?dr=9640&refresh_token=1f85b8df&x-expires=1750323600&x-signature=Bk4VyzNZXrf3SEl0m1KusIEkjPs%3D&t=4d5b0474&ps=13740610&shp=a5d48078&shcp=b59d6b55&idc=useast5,f,f,"[""fyp"",""viral""]",7.366533054091005e+18,original sound,,Onye Mane,60.0,t,https://v16m.tiktokcdn-us.com/582a599f79469ee81f948f8bb70bda43/67f9cd39/video/tos/useast5/tos-useast5-v-27dcd7-tx/oQeqH7eGkQcfTuMoTu1oDdJlsC1EoI2ALAAvQA/?a=1233&bti=NDU3ZjAwOg%3D%3D&ch=0&cr=0&dr=0&er=2&cd=0%7C0%7C0%7C0&br=250&bt=125&ds=5&ft=GSDrKInz7Th7oP.OXq8Zmo&mime_type=audio_mpeg&qs=13&rc=MzV1aHE5cm9scjMzZzU8NEBpMzV1aHE5cm9scjMzZzU8NEBha2kvMmRzcXFgLS1kMS9zYSNha2kvMmRzcXFgLS1kMS9zcw%3D%3D&vvpl=1&l=20250411201628200A046BD2C92C0F7AE1&btag=e00050000&download=true,https://tiktok.com/@/video/7366532911283096878,300921535,"This TikTok video features a person performing a dance move while in an urban setting, possibly on a street or sidewalk. The main subject is dressed casually and appears to be moving their arms in a dynamic manner. There are no other notable objects or actions in the image."
7230455017583414529,2025-03-07 23:35:25.145148+01,1683471500,BEST MAGIC TRICK REACTIONS 😱😳 #magic #bestvideo #trending #reactions ,0,t,0.0,f,0,f,t,f,f,t,,0,t,10006.0,2025-03-08 01:11:34.254551+01,392898,20206,6087437,239796656,167975,60.28,67,"{"""",https://p16-sign-sg.tiktokcdn.com/tos-alisg-p-0037/c8eb762356ba427397335cd54464d9cb_1683471526~tplv-photomode-tiktok-play.jpeg?lk3s=b59d6b55&x-expires=1741827600&x-signature=PWKWPFjfCeKa7tT7toG9buLKLi4%3D&shp=b59d6b55&shcp=-,https://p16-sign-sg.tiktokcdn.com/tos-alisg-p-0037/c8eb762356ba427397335cd54464d9cb_1683471526~tplv-photomode-share-play.jpeg?lk3s=b59d6b55&x-expires=1741827600&x-signature=5Ue3DEGZH%2FsASenUl7LyawyGvsE%3D&shp=b59d6b55&shcp=-}",22535865204397957,Los Angeles County,"California, United States",,5368361.0,6252001,Place and Address,,,19a3a3,Places,Place and Address,Province,6874207451051754498,https://p16-sign-sg.tiktokcdn.com/tos-alisg-avt-0068/ea04e76b05495d1a8b7f1a359c61ab41~tplv-tiktokx-cropcenter:1080:1080.jpeg?dr=10399&refresh_token=0cc91bb7&x-expires=1750323600&x-signature=%2F25cnOXKdG7ArGBqdWQcXGfWPBU%3D&t=4d5b0474&ps=13740610&shp=a5d48078&shcp=b59d6b55&idc=no1a,https://p16-sign-sg.tiktokcdn.com/tos-alisg-avt-0068/ea04e76b05495d1a8b7f1a359c61ab41~tplv-tiktokx-cropcenter:720:720.jpeg?dr=10399&refresh_token=3daf59a0&x-expires=1750323600&x-signature=rUZvg9qd6T9eNgJrOykHFvXLsSk%3D&t=4d5b0474&ps=13740610&shp=a5d48078&shcp=b59d6b55&idc=no1a,https://p16-sign-sg.tiktokcdn.com/tos-alisg-avt-0068/ea04e76b05495d1a8b7f1a359c61ab41~tplv-tiktokx-cropcenter:100:100.jpeg?dr=10399&refresh_token=729e16c1&x-expires=1750323600&x-signature=O35qG8I%2ByKaNX6K9Nt4SCurh7Gc%3D&t=4d5b0474&ps=13740610&shp=a5d48078&shcp=b59d6b55&idc=no1a,f,f,"[""magic"",""bestvideo"",""trending"",""reactions""]",7.19961713717281e+18,I Love You,I Love You,D' RORI,59.0,f,,https://tiktok.com/@/video/7230455017583414529,300671026,Video download failed
7282907648129928494,2025-03-18 06:36:58.965963+01,1695684086,Do ya’ll know the name of the spotted fish? #wildlifephotography #wildflorida #everglades #florida ,0,t,0.0,f,0,f,t,f,f,t,,0,t,10021.0,2025-05-30 20:30:30.56235+02,1453609,52268,18322745,117439717,492694,64.26,26,"{"""",https://p19-pu-sign-useast8.tiktokcdn-us.com/tos-useast5-p-0068-tx/c55b6fb20f804025bae593115f8a289a_1695684087~tplv-photomode-tiktok-play.jpeg?lk3s=b59d6b55&x-expires=1743138000&x-signature=PwOPrsLLk9x937wIRz%2B2L5b%2F7aY%3D&shp=b59d6b55&shcp=-,https://p16-pu-sign-useast8.tiktokcdn-us.com/tos-useast5-p-0068-tx/c55b6fb20f804025bae593115f8a289a_1695684087~tplv-photomode-share-play.jpeg?lk3s=b59d6b55&x-expires=1743138000&x-signature=7dsPcQdyHZUyuLfm635ADUwYM9Q%3D&shp=b59d6b55&shcp=-}",22535865227269666,Everglades,Florida,Miami,4164138.0,6252001,Outdoors and Traveling,Miami,Miami,08a1b3,Natural Attraction,Outdoors and Traveling,Marsh,6677229888461079558,https://p16-sign.tiktokcdn-us.com/tos-useast5-avt-0068-tx/b4f67b674a2240395dfd117979f0ea44~tplv-tiktokx-cropcenter:1080:1080.jpeg?dr=9640&refresh_token=c63f29a6&x-expires=1750366800&x-signature=V9WZycFNW4J2afNbN4rErgi3L8g%3D&t=4d5b0474&ps=13740610&shp=a5d48078&shcp=b59d6b55&idc=useast5,https://p19-sign.tiktokcdn-us.com/tos-useast5-avt-0068-tx/b4f67b674a2240395dfd117979f0ea44~tplv-tiktokx-cropcenter:720:720.jpeg?dr=9640&refresh_token=1b31b184&x-expires=1750366800&x-signature=2CVVLAWBgjOY4HefFm1CyB%2F98OM%3D&t=4d5b0474&ps=13740610&shp=a5d48078&shcp=b59d6b55&idc=useast5,https://p16-sign.tiktokcdn-us.com/tos-useast5-avt-0068-tx/b4f67b674a2240395dfd117979f0ea44~tplv-tiktokx-cropcenter:100:100.jpeg?dr=9640&refresh_token=f36d40eb&x-expires=1750366800&x-signature=oZt2F3%2BqhcaBIib%2FIgl8AAdCCI8%3D&t=4d5b0474&ps=13740610&shp=a5d48078&shcp=b59d6b55&idc=useast5,f,f,"[""wildlifephotography"",""wildflorida"",""everglades"",""florida""]",7.282907711669358e+18,original sound,,Luca Martinez,26.0,t,https://v16m.tiktokcdn-us.com/a3721bb80f96fea3478c1c757cb399ff/67fa2b52/video/tos/useast5/tos-useast5-v-27dcd7-tx/o0CDZfGIdwlwbBslQhnh5g4dSEVJDX8guf8Uwp/?a=1233&bti=NDU3ZjAwOg%3D%3D&ch=0&cr=0&dr=0&er=2&cd=0%7C0%7C0%7C0&br=250&bt=125&ft=GSDrKInz7ThM1h.OXq8Zmo&mime_type=audio_mpeg&qs=6&rc=ZmdpN2VlOmZoOjM2O2dlZ0BpM2t2NTc6Zng0bjMzZzU8NEBiMjIyLjU2XzQxNWA2Nl4uYSNqcGczcjQwXzZgLS1kMS9zcw%3D%3D&vvpl=1&l=20250412025832B20E91FEFB16F92F8BBF&btag=e000b8000&download=true,https://tiktok.com/@/video/7282907648129928494,300667167,"The main subject of this TikTok video is a person performing a dance move. The setting appears to be indoors, possibly in a living room or bedroom. There is a noticeable presence of a plant and some light-colored walls. The person is wearing casual clothing and has their hair pulled back."
7321333468086963488,2025-03-11 07:25:10.767416+01,1704630791,Elle aime les hommes grands #foryou #foryoupage #seanbridon #mrseanextra #africanparents #jackbridon #senegalaise_tik_tok #tiktoktrending ,0,t,0.0,f,0,f,t,f,f,t,,0,t,10000.0,2025-06-14 06:03:42.181068+02,266345,40940,4466196,255775478,152027,64.18,128,"{"""",https://p16-sign-useast2a.tiktokcdn.com/tos-useast2a-p-0037-euttp/90373ea8149d4932bfa703cfa86d3027_1704630795~tplv-photomode-tiktok-play.jpeg?lk3s=b59d6b55&x-expires=1744966800&x-signature=dQ2xIPneaRUiR1VCkNeToqD9Bf4%3D&shp=b59d6b55&shcp=-,https://p16-sign-useast2a.tiktokcdn.com/tos-useast2a-p-0037-euttp/90373ea8149d4932bfa703cfa86d3027_1704630795~tplv-photomode-share-play.jpeg?lk3s=b59d6b55&x-expires=1744966800&x-signature=atvnb9l1vT66WvH8jocvEapW5MQ%3D&shp=b59d6b55&shcp=-}",21568295358948940,African 21 Master & Art Studio Stylistgo-Greenhair,"1707 Pitkin Ave, Brooklyn, United States",Kings,5110302.0,6252001,Other,Kings,Kings,99a0a0,Other,Other,,7300503046734414881,https://p16-sign-useast2a.tiktokcdn.com/tos-useast2a-avt-0068-euttp/916adac77d392310594cd72fa8c2dcc7~tplv-tiktokx-cropcenter:1080:1080.jpeg?dr=14579&refresh_token=bb640e17&x-expires=1750320000&x-signature=ncv%2BfDYXGn%2BkOVuWyUuWfX1dpgM%3D&t=4d5b0474&ps=13740610&shp=a5d48078&shcp=b59d6b55&idc=maliva,https://p16-sign-useast2a.tiktokcdn.com/tos-useast2a-avt-0068-euttp/916adac77d392310594cd72fa8c2dcc7~tplv-tiktokx-cropcenter:720:720.jpeg?dr=14579&refresh_token=05830d20&x-expires=1750320000&x-signature=NedqIvHRIRowuumXri7l7jQLEdo%3D&t=4d5b0474&ps=13740610&shp=a5d48078&shcp=b59d6b55&idc=maliva,https://p16-sign-useast2a.tiktokcdn.com/tos-useast2a-avt-0068-euttp/916adac77d392310594cd72fa8c2dcc7~tplv-tiktokx-cropcenter:100:100.jpeg?dr=14579&refresh_token=a95e776b&x-expires=1750320000&x-signature=nfgtGoJJdLJ9xOfGTNNkiCdAvr0%3D&t=4d5b0474&ps=13740610&shp=a5d48078&shcp=b59d6b55&idc=maliva,f,f,"[""foryou"",""foryoupage"",""seanbridon"",""mrseanextra"",""africanparents"",""jackbridon"",""senegalaise_tik_tok"",""tiktoktrending""]",7.321333536765152e+18,original sound,,Sean Bridon Extra,128.0,t,https://v16m.tiktokcdn-us.com/3ea7dbf558fd1b869704b3dbfcd31124/67f93488/video/tos/useast2a/tos-useast2a-v-2370-euttp/ocEM9AJUEDCfhECaAlAQQuMiPBFo5mmDpMVTSe/?a=1233&bti=NDU3ZjAwOg%3D%3D&ch=0&cr=0&dr=0&er=2&cd=0%7C0%7C0%7C0&br=250&bt=125&ds=5&ft=GSDrKInz7ThGsF.OXq8Zmo&mime_type=audio_mpeg&qs=13&rc=M3NwN3g5cjc8cDMzZjU8M0BpM3NwN3g5cjc8cDMzZjU8M0BrMjQzMmRzaGFgLS1kMWNzYSNrMjQzMmRzaGFgLS1kMWNzcw%3D%3D&vvpl=1&l=202504110923529E015F163F6059078007&btag=e00050000&download=true,https://tiktok.com/@/video/7321333468086963488,300437438,This TikTok video shows a person in a kitchen environment. The main subject is interacting with a bowl by spinning it around on the counter. There are no notable objects or actions in the image.
7428748283171949866,2025-03-11 09:21:37.47472+01,1729640251,,0,t,0.0,f,0,f,t,f,f,t,,0,t,10025.0,2025-06-10 13:28:52.324713+02,1337028,72181,14375664,156422097,1404129,62.68,9,"{"""",https://p16-sign.tiktokcdn-us.com/tos-useast5-p-0068-tx/320ddcf1dc684eb199d24e9b8b46f72b_1729640252~tplv-photomode-tiktok-play.jpeg?lk3s=b59d6b55&x-expires=1742284800&x-signature=oKuzKF701mavTZewnR%2BvhsUU9cw%3D&shp=b59d6b55&shcp=-,https://p19-sign.tiktokcdn-us.com/tos-useast5-p-0068-tx/320ddcf1dc684eb199d24e9b8b46f72b_1729640252~tplv-photomode-share-play.jpeg?lk3s=b59d6b55&x-expires=1742284800&x-signature=zeN6fJ2%2FEH2NaBZr4RWWjZfLrP4%3D&shp=b59d6b55&shcp=-}",22535865211565959,Raleigh,"North Carolina, United States",,4487042.0,6252001,Place and Address,,,19a3a0,Places,Place and Address,City,7049507719750960175,https://p16-sign-va.tiktokcdn.com/tos-maliva-avt-0068/7346292543279071274~tplv-tiktokx-cropcenter:1080:1080.jpeg?dr=10399&refresh_token=2720e4ba&x-expires=1749726000&x-signature=wWNkScM7nzxKmaPk%2FQCTiBObCqw%3D&t=4d5b0474&ps=13740610&shp=a5d48078&shcp=b59d6b55&idc=no1a,https://p16-sign-va.tiktokcdn.com/tos-maliva-avt-0068/7346292543279071274~tplv-tiktokx-cropcenter:720:720.jpeg?dr=10399&refresh_token=cab5caa5&x-expires=1749726000&x-signature=27cvIV6rMHIoc%2FtjhoqVzdhGWSI%3D&t=4d5b0474&ps=13740610&shp=a5d48078&shcp=b59d6b55&idc=no1a,https://p16-sign-va.tiktokcdn.com/tos-maliva-avt-0068/7346292543279071274~tplv-tiktokx-cropcenter:100:100.jpeg?dr=10399&refresh_token=338dad31&x-expires=1749726000&x-signature=3WjqN5vS%2BgCeNTr8J0tRVUJ0mfQ%3D&t=4d5b0474&ps=13740610&shp=a5d48078&shcp=b59d6b55&idc=no1a,t,f,[],7.428748226670398e+18,original sound,,Jereen,9.0,t,https://v16m.tiktokcdn-us.com/3943d3979e4e24be105cc7dfe73adf18/67f9eb21/video/tos/useast5/tos-useast5-v-27dcd7-tx/ow0RNZiCYPgwEAAncg34lzUAAAxgEzZwiB7sP/?a=1233&bti=NDU3ZjAwOg%3D%3D&ch=0&cr=0&dr=0&er=2&cd=0%7C0%7C0%7C0&br=250&bt=125&ds=5&ft=GSDrKInz7ThwRG.OXq8Zmo&mime_type=audio_mpeg&qs=13&rc=am5rc2o5cmk2djMzZzU8NEBpam5rc2o5cmk2djMzZzU8NEBtMHFgMmQ0YmBgLS1kMS9zYSNtMHFgMmQ0YmBgLS1kMS9zcw%3D%3D&vvpl=1&l=202504112224559EEE4D3330DAF4140A78&btag=e00070000&download=true,https://tiktok.com/@/video/7428748283171949866,300178737,"In this TikTok video, a person is performing the ""Renegade"" dance move, which involves moving one's legs in different directions while staying on one foot. The setting is indoors, with a white wall visible in the background. There are no notable objects or actions in the image."
7404292794094767402,2025-06-13 02:53:33.116463+02,1723946263,Deadpool x Nickpool #deadpool #wolverine #nyc #timessquare ,0,t,0.0,f,0,f,t,f,f,t,7.369974327619407e+18,0,t,10080.0,2025-06-13 02:53:35.680147+02,537565,21543,11618292,182138178,221213,68.34,28,"{"""",https://p19-pu-sign-useast8.tiktokcdn-us.com/tos-useast5-p-0068-tx/da065ae637c94ffb90b6ce951122d029_1723946264~tplv-photomode-tiktok-play~tplv-tiktokx-origin.jpeg?dr=9625&x-expires=1750377600&x-signature=07fJdggZIiPIGPKquJvEcv%2FjOLc%3D&t=4d5b0474&ps=13740610&shp=b59d6b55&shcp=43f4a2f9&idc=useast5,https://p19-pu-sign-useast8.tiktokcdn-us.com/tos-useast5-p-0068-tx/da065ae637c94ffb90b6ce951122d029_1723946264~tplv-photomode-share-play~tplv-tiktokx-origin.jpeg?dr=9625&x-expires=1750377600&x-signature=UfuybZd4sLnvuv54sT1%2Blz%2BtHv8%3D&t=4d5b0474&ps=13740610&shp=b59d6b55&shcp=43f4a2f9&idc=useast5}",22535865201205278,New York,United States,,5128581.0,6252001,Place and Address,,,19a3a0,Places,Place and Address,City,6699211557223826437,https://p16-sign.tiktokcdn-us.com/tos-useast5-avt-0068-tx/7321410560359137323~tplv-tiktokx-cropcenter:1080:1080.jpeg?dr=9640&refresh_token=642ffda3&x-expires=1750356000&x-signature=SN4YR0YIpAhrBdtYxAnhxKpimSE%3D&t=4d5b0474&ps=13740610&shp=a5d48078&shcp=b59d6b55&idc=useast5,https://p16-sign.tiktokcdn-us.com/tos-useast5-avt-0068-tx/7321410560359137323~tplv-tiktokx-cropcenter:720:720.jpeg?dr=9640&refresh_token=fbdbcdcc&x-expires=1750356000&x-signature=50PdOUPnEvYG1vp4BtkoZWJEfSg%3D&t=4d5b0474&ps=13740610&shp=a5d48078&shcp=b59d6b55&idc=useast5,https://p16-sign.tiktokcdn-us.com/tos-useast5-avt-0068-tx/7321410560359137323~tplv-tiktokx-cropcenter:100:100.jpeg?dr=9640&refresh_token=553de737&x-expires=1750356000&x-signature=KRPec6EpCX4tuy9RRvplnAExGjA%3D&t=4d5b0474&ps=13740610&shp=a5d48078&shcp=b59d6b55&idc=useast5,f,t,"[""deadpool"",""wolverine"",""nyc"",""timessquare""]",6.69641487731917e+18,Bye Bye Bye,No Strings Attached,*NSYNC,60.0,f,https://sf16.tiktokcdn-us.com/obj/tos-alisg-ve-2774/a8e05ff8b86f4aeb8bea6b2ab37472c4,https://tiktok.com/@/video/7404292794094767402,298321098,The main subject of this TikTok video is a person who is dancing energetically in a living room. They are wearing a pair of shorts and appear to be enjoying the dance move they are performing. There are no notable objects or actions in the setting.
7339833960438222126,2025-04-23 18:24:49.57934+02,1708938421,Thank you so much for 883k followers 😭💕 we’re happy to see so many of you guys enjoying our videos! (Dc: @Matt ) #timbaland #thewayiare #2000s #triplets #slide #smooth #pourtoi #fyp ,0,t,0.0,f,0,f,t,f,f,t,,0,t,10080.0,2025-04-23 18:24:53.063819+02,1181909,53829,16053624,135644453,192786,70.69,12,"{"""",https://p16-pu-sign-useast8.tiktokcdn-us.com/tos-useast5-p-0068-tx/2e92a0c95dee4152bdaf02531fc45114_1711672802~tplv-photomode-tiktok-play.jpeg?lk3s=b59d6b55&x-expires=1746028800&x-signature=ue4GamDoms9as456oDyKSoaw31E%3D&shp=b59d6b55&shcp=-,https://p16-sign.tiktokcdn-us.com/tos-useast5-p-0068-tx/2e92a0c95dee4152bdaf02531fc45114_1711672802~tplv-photomode-share-play.jpeg?lk3s=b59d6b55&x-expires=1746028800&x-signature=dnud4lakfDqj1gtHeoD5vp9Kw4Y%3D&shp=b59d6b55&shcp=-}",22535865204397957,Los Angeles County,"California, United States",,5368361.0,6252001,Place and Address,,,19a3a3,Places,Place and Address,Province,6790561987027518469,https://p16-sign-va.tiktokcdn.com/tos-maliva-avt-0068/59226b7f0fe3ea409119f27c121fb798~tplv-tiktokx-cropcenter:1080:1080.jpeg?dr=10399&refresh_token=2359db95&x-expires=1750345200&x-signature=v7yq%2F7c3NsJRSObwhLoBOQTFjIk%3D&t=4d5b0474&ps=13740610&shp=a5d48078&shcp=b59d6b55&idc=no1a,https://p16-sign-va.tiktokcdn.com/tos-maliva-avt-0068/59226b7f0fe3ea409119f27c121fb798~tplv-tiktokx-cropcenter:720:720.jpeg?dr=10399&refresh_token=c7694a47&x-expires=1750345200&x-signature=soCBb9ztwa%2BgSyea4W%2F0aANHdEQ%3D&t=4d5b0474&ps=13740610&shp=a5d48078&shcp=b59d6b55&idc=no1a,https://p16-sign-va.tiktokcdn.com/tos-maliva-avt-0068/59226b7f0fe3ea409119f27c121fb798~tplv-tiktokx-cropcenter:100:100.jpeg?dr=10399&refresh_token=05c15ef2&x-expires=1750345200&x-signature=lTc0dtQTOFFsiqI3t2%2FjKOp7ddQ%3D&t=4d5b0474&ps=13740610&shp=a5d48078&shcp=b59d6b55&idc=no1a,f,f,"[""timbaland"",""thewayiare"",""2000s"",""triplets"",""slide"",""smooth"",""pourtoi"",""fyp""]",7.168589408042552e+18,original sound,,музыка для липсингов💘,12.0,t,https://v16m.tiktokcdn-us.com/8462b40a502154f89bd6c3c4fc7af7be/67f9cab5/video/tos/useast5/tos-useast5-v-27dcd7c799-tx/5cc618b7b89c48aab50676521c86f998/?a=1233&bti=NDU3ZjAwOg%3D%3D&ch=0&cr=0&dr=0&er=2&cd=0%7C0%7C0%7C0&br=248&bt=124&ds=5&ft=GSDrKInz7ThvtP.OXq8Zmo&mime_type=audio_mp4&qs=13&rc=anhnNTo6Zjp5ZzMzNzU8M0BpanhnNTo6Zjp5ZzMzNzU8M0BxYGNfcjQwMXFgLS1kMTZzYSNxYGNfcjQwMXFgLS1kMTZzcw%3D%3D&vvpl=1&l=20250411200632D9AA8E8619C75516D6F6&btag=e00070000&download=true,https://tiktok.com/@/video/7339833960438222126,296180693,"The main subject of this TikTok video is a person who appears to be dancing. The setting is indoors, with the dancer in front of a wall. There's also an object visible in the image: a framed picture on the wall behind the dancer. The specific actions and details of the dance cannot be determined from this single frame."
7355645925949295878,2025-03-12 05:52:44.945784+01,1712619780,They adopted a raccoon after realizing the mistake they had made  #animals #raccoon  #animal #Ghost #adoption #mapache #sad #cute #emotional ,0,t,0.0,f,0,f,t,f,f,t,,0,t,10021.0,2025-06-11 19:35:19.284728+02,1129339,59927,13010509,159275036,430247,52.66,61,"{"""",https://p16-sign-va.tiktokcdn.com/tos-maliva-p-0068/347c921a46724927a95e501b7e73f215_1712619781~tplv-photomode-tiktok-play.jpeg?lk3s=b59d6b55&x-expires=1744934400&x-signature=IcdR0YIh69zJsqhilbPTVgaVBVc%3D&shp=b59d6b55&shcp=-,https://p16-sign-va.tiktokcdn.com/tos-maliva-p-0068/347c921a46724927a95e501b7e73f215_1712619781~tplv-photomode-share-play.jpeg?lk3s=b59d6b55&x-expires=1744934400&x-signature=8U0zO93EN%2FlVm3Rjxw0WzE%2FrjLU%3D&shp=b59d6b55&shcp=-}",22535865200907089,United States,North America,,4273359.0,6252001,Place and Address,,,19a3a1,Places,Place and Address,Country,7285900916195066886,https://p77-sign-va.tiktokcdn.com/tos-maliva-avt-0068/a5cf18eeaf8f352083576cb40801636c~tplv-tiktokx-cropcenter:1080:1080.jpeg?dr=14579&refresh_token=af9c8145&x-expires=1749834000&x-signature=O%2Fr2k18vAjumusfMFyirCTus7OE%3D&t=4d5b0474&ps=13740610&shp=a5d48078&shcp=b59d6b55&idc=maliva,https://p16-sign-va.tiktokcdn.com/tos-maliva-avt-0068/a5cf18eeaf8f352083576cb40801636c~tplv-tiktokx-cropcenter:720:720.jpeg?dr=14579&refresh_token=0c4f2f12&x-expires=1749834000&x-signature=BQKrOGBpl1%2BYPGpUwaT4OLIBzsE%3D&t=4d5b0474&ps=13740610&shp=a5d48078&shcp=b59d6b55&idc=maliva,https://p77-sign-va.tiktokcdn.com/tos-maliva-avt-0068/a5cf18eeaf8f352083576cb40801636c~tplv-tiktokx-cropcenter:100:100.jpeg?dr=14579&refresh_token=17f8df32&x-expires=1749834000&x-signature=qa8snHhw1xaOCYtcHtuwAkILFCQ%3D&t=4d5b0474&ps=13740610&shp=a5d48078&shcp=b59d6b55&idc=maliva,f,f,"[""animals"",""raccoon"",""animal"",""ghost"",""adoption"",""mapache"",""sad"",""cute"",""emotional""]",7.355645947228474e+18,sonido original,,SubHuman,61.0,t,https://v19.tiktokcdn-us.com/55f6d118a2df8fe9ec2222429d1c864a/67f8b31a/video/tos/useast5/tos-useast5-v-27dcd7c799-tx/oghoCKRSXIEQzAf0fTAIpeAFmgI7UCGAMIUTAL/?a=1233&bti=NDU3ZjAwOg%3D%3D&ch=0&cr=0&dr=0&er=2&cd=0%7C0%7C0%7C0&br=250&bt=125&ds=5&ft=GSDrKInz7ThkBw.OXq8Zmo&mime_type=audio_mpeg&qs=13&rc=anNubXg5cjU7cjMzNzU8M0BpanNubXg5cjU7cjMzNzU8M0BtczVuMmQ0L15gLS1kMTZzYSNtczVuMmQ0L15gLS1kMTZzcw%3D%3D&vvpl=1&l=2025041100124461518E4983BFF81C6418&btag=e00050000&download=true,https://tiktok.com/@/video/7355645925949295878,289380126,"The main subject is a person dancing in what appears to be an indoor setting, possibly a room with a couch visible. The person is performing a dance move and there's no specific action or object that stands out in the image provided."
7403430738978213162,2025-03-11 08:40:13.184193+01,1723745550,Oh… okay 🥹 can you tell my toddler absolutely loves Wednesday LOL 😂🫶🏻 #toddler #wednesdayaddams #fyp #obsessed #jennaortega ,0,t,0.0,f,0,f,t,f,f,t,,0,t,10003.0,2025-06-11 01:14:15.425148+02,836522,67397,16886321,120002279,2165133,65.97,21,"{"""",https://p16-sign.tiktokcdn-us.com/tos-useast5-p-0068-tx/3ffcfd230a8a4d6e8a58e8f21ce6c8da_1723745552~tplv-photomode-tiktok-play.jpeg?lk3s=b59d6b55&x-expires=1744981200&x-signature=QASMsX8PLd%2BHeXvBKW2aMRFron4%3D&shp=b59d6b55&shcp=-,https://p16-pu-sign-useast8.tiktokcdn-us.com/tos-useast5-p-0068-tx/3ffcfd230a8a4d6e8a58e8f21ce6c8da_1723745552~tplv-photomode-share-play.jpeg?lk3s=b59d6b55&x-expires=1744981200&x-signature=kPobYHe5W6sgGMEC74l%2Bh3SAUxQ%3D&shp=b59d6b55&shcp=-}",22535865214714442,Mooresville,"North Carolina, United States",,4480125.0,6252001,Place and Address,,,19a3a0,Places,Place and Address,City,6806132772454220805,https://p19-pu-sign-useast8.tiktokcdn-us.com/tos-useast8-avt-0068-tx2/4711a232e0ecea512e9033b2b997753b~tplv-tiktokx-cropcenter:1080:1080.jpeg?dr=9640&refresh_token=326740f2&x-expires=1749769200&x-signature=7HBvo5PrQoTwCmCT08ehIQaAI88%3D&t=4d5b0474&ps=13740610&shp=a5d48078&shcp=b59d6b55&idc=useast5,https://p19-pu-sign-useast8.tiktokcdn-us.com/tos-useast8-avt-0068-tx2/4711a232e0ecea512e9033b2b997753b~tplv-tiktokx-cropcenter:720:720.jpeg?dr=9640&refresh_token=713e420d&x-expires=1749769200&x-signature=m1Dz18viigmSBdtYfCnAlwmz1F0%3D&t=4d5b0474&ps=13740610&shp=a5d48078&shcp=b59d6b55&idc=useast5,https://p19-pu-sign-useast8.tiktokcdn-us.com/tos-useast8-avt-0068-tx2/4711a232e0ecea512e9033b2b997753b~tplv-tiktokx-cropcenter:100:100.jpeg?dr=9640&refresh_token=df4974a8&x-expires=1749769200&x-signature=NWCoiQOqm%2B8RyXgIJx4PFv%2FlI2s%3D&t=4d5b0474&ps=13740610&shp=a5d48078&shcp=b59d6b55&idc=useast5,f,f,"[""toddler"",""wednesdayaddams"",""fyp"",""obsessed"",""jennaortega""]",7.403430645118111e+18,original sound,,Keiry Duran,21.0,t,https://v16m.tiktokcdn-us.com/3cb522abf4966d71b524f3bd509867d3/67f9716d/video/tos/useast5/tos-useast5-v-27dcd7-tx/ocRUqE8DgiABwUVFfAmJDACtI7erQvItkP8FkS/?a=1233&bti=NDU3ZjAwOg%3D%3D&ch=0&cr=0&dr=0&er=2&cd=0%7C0%7C0%7C0&br=250&bt=125&ds=5&ft=GSDrKInz7ThwCn.OXq8Zmo&mime_type=audio_mpeg&qs=13&rc=M2szd3A5cjY3dDMzZzU8NEBpM2szd3A5cjY3dDMzZzU8NEBjaWNyMmRzXnNgLS1kMS9zYSNjaWNyMmRzXnNgLS1kMS9zcw%3D%3D&vvpl=1&l=2025041113452733AB868B80917307A44F&btag=e00078000&download=true,https://tiktok.com/@/video/7403430738978213162,288865489,"- The main subject in the image is a person eating food while sitting on a couch.
- There are no other people visible in the image.
- A notable action in the video is the person taking a bite of their food."
7444600665327815966,2025-03-08 00:18:09.883631+01,1733331176,Thats a sexy aft! 🔥🔥 #icon #cruises #royalcaribbean #cruisetok #iconoftheseas ,0,t,0.0,f,0,f,t,f,f,t,,0,t,10063.0,2025-06-17 23:51:17.618281+02,1382063,76500,14900000,136600000,2500000,72.38,16,"{"""",https://p19-pu-sign-useast8.tiktokcdn-us.com/tos-useast8-p-0068-tx2/o4RBiFErFuxfNpUEOnVUAOVQ2UQEQft7DIiGEA~tplv-photomode-tiktok-play.jpeg?lk3s=b59d6b55&x-expires=1745013600&x-signature=YCRkipyiKgfTK1YlOAZZUR3k%2BEg%3D&shp=b59d6b55&shcp=-,https://p16-pu-sign-useast8.tiktokcdn-us.com/tos-useast8-p-0068-tx2/o4RBiFErFuxfNpUEOnVUAOVQ2UQEQft7DIiGEA~tplv-photomode-share-play.jpeg?lk3s=b59d6b55&x-expires=1745013600&x-signature=kW3Et%2B9TMSoz8849E8Fe%2B5EQDvo%3D&shp=b59d6b55&shcp=-}",22535865200907089,United States,North America,,4273359.0,6252001,Place and Address,,,19a3a1,Places,Place and Address,Country,6905093761035666438,https://p19-pu-sign-useast8.tiktokcdn-us.com/tos-useast5-avt-0068-tx/d997d635f2a29fce676850e62be9f44c~tplv-tiktokx-cropcenter:1080:1080.jpeg?dr=9640&refresh_token=c286f3be&x-expires=1750327200&x-signature=nabSAA8OvYpFKq0sq%2BZTfCqqUmU%3D&t=4d5b0474&ps=13740610&shp=a5d48078&shcp=b59d6b55&idc=useast5,https://p16-pu-sign-useast8.tiktokcdn-us.com/tos-useast5-avt-0068-tx/d997d635f2a29fce676850e62be9f44c~tplv-tiktokx-cropcenter:720:720.jpeg?dr=9640&refresh_token=17ebb878&x-expires=1750327200&x-signature=M2QmIIupcwFo99LQ1GK67%2BCJyl4%3D&t=4d5b0474&ps=13740610&shp=a5d48078&shcp=b59d6b55&idc=useast5,https://p16-pu-sign-useast8.tiktokcdn-us.com/tos-useast5-avt-0068-tx/d997d635f2a29fce676850e62be9f44c~tplv-tiktokx-cropcenter:100:100.jpeg?dr=9640&refresh_token=65a62be4&x-expires=1750327200&x-signature=s1aYLifjur3d4gtoAebBjSKznaI%3D&t=4d5b0474&ps=13740610&shp=a5d48078&shcp=b59d6b55&idc=useast5,f,f,"[""icon"",""cruises"",""royalcaribbean"",""cruisetok"",""iconoftheseas""]",2.2233401123314074e+17,Sexy Bitch (feat. Akon),One Love (Deluxe),David Guetta,30.0,f,https://sf16.tiktokcdn-us.com/obj/tos-alisg-ve-2774/8b0f1cc0bc2d4f258d68b4a29bc79d19,https://tiktok.com/@/video/7444600665327815966,285600000,"The main subject of this TikTok video is a person performing a dance move. The setting appears to be an indoor environment, possibly a room in a home. There are no notable objects or actions in the image."
7424232352722783518,2025-04-16 00:10:23.717131+02,1728588808,#fyp,0,t,0.0,f,0,f,t,f,f,t,,0,t,10094.0,2025-04-16 00:10:26.383584+02,902037,77553,14784792,131500581,6472763,63.07,17,"{"""",https://p19-pu-sign-useast8.tiktokcdn-us.com/tos-useast8-p-0068-tx2/d53d88c179454cbf9367c9417db87535_1728588810~tplv-photomode-tiktok-play.jpeg?lk3s=b59d6b55&x-expires=1745359200&x-signature=hHIcPOcUGIpW5Yh2h6%2F0e2PNwzQ%3D&shp=b59d6b55&shcp=-,https://p19-pu-sign-useast8.tiktokcdn-us.com/tos-useast8-p-0068-tx2/d53d88c179454cbf9367c9417db87535_1728588810~tplv-photomode-share-play.jpeg?lk3s=b59d6b55&x-expires=1745359200&x-signature=DeyvBZrQ9Gc9CCZuLFy9DFCLrv0%3D&shp=b59d6b55&shcp=-}",22535865216494493,South Padre Island,"Texas, United States",,116018837.0,6252001,Place and Address,,,19a3a6,Places,Place and Address,Other Places,6602289268915109893,https://p16-common-sign-va.tiktokcdn-us.com/tos-maliva-avt-0068/7333288725496528902~tplv-tiktokx-cropcenter:1080:1080.jpeg?dr=9640&refresh_token=3782b621&x-expires=1744927200&x-signature=UHWRnjeJRhuQwAluRMaznzCAXEk%3D&t=4d5b0474&ps=13740610&shp=a5d48078&shcp=b59d6b55&idc=useast5,https://p16-common-sign-va.tiktokcdn-us.com/tos-maliva-avt-0068/7333288725496528902~tplv-tiktokx-cropcenter:720:720.jpeg?dr=9640&refresh_token=a84ec377&x-expires=1744927200&x-signature=Ys9%2FZbQ8XvaJ4ZCwhYHtNf66%2FEw%3D&t=4d5b0474&ps=13740610&shp=a5d48078&shcp=b59d6b55&idc=useast5,https://p16-common-sign-va.tiktokcdn-us.com/tos-maliva-avt-0068/7333288725496528902~tplv-tiktokx-cropcenter:100:100.jpeg?dr=9640&refresh_token=9ceb950c&x-expires=1744927200&x-signature=jsGmfuhgILDN7%2BhYA1dlbWF%2BopY%3D&t=4d5b0474&ps=13740610&shp=a5d48078&shcp=b59d6b55&idc=useast5,f,f,"[""fyp""]",7.424232263501532e+18,original sound,,Cassandra Clark,17.0,t,https://v16m.tiktokcdn-us.com/afb5db2b8507b3069ed073857b5690bf/67ff2d91/video/tos/useast8/tos-useast8-v-27dcd7-tx2/oUqvXECRFEAjAAVA6AAshAXiBwxgZlLAi8nCI/?a=1233&bti=NDU3ZjAwOg%3D%3D&ch=0&cr=0&dr=0&er=2&cd=0%7C0%7C0%7C0&br=250&bt=125&ds=5&ft=GSDrKInz7ThRxDxOXq8Zmo&mime_type=audio_mpeg&qs=13&rc=anY5b3Q5cjU1djMzaTU8NEBpanY5b3Q5cjU1djMzaTU8NEBkY3IvMmRrbDFgLS1kMTJzYSNkY3IvMmRrbDFgLS1kMTJzcw%3D%3D&vvpl=1&l=202504152209366F4B82DDDED2C0227A05&btag=e00078000&download=true,https://tiktok.com/@/video/7424232352722783518,279348501,"The main subject of the image is a person. They are in an indoor environment, possibly a room with a white wall. The person appears to be holding a smartphone or similar device."
7336487071323786539,2025-03-07 21:29:27.246251+01,1708159084,dc: @ari_cryztal  #cleared #dance #dancechallenge #pourtoi #fyp #triplets #slide ,0,t,0.0,f,0,f,t,f,f,t,,0,t,10005.0,2025-05-31 10:19:24.805686+02,1721497,56938,14275182,136504005,166453,56.79,15,"{"""",https://p19-pu-sign-useast8.tiktokcdn-us.com/tos-useast5-p-0068-tx/a0a6e91beedd43d899c7172448136d02_1708159085~tplv-photomode-tiktok-play.jpeg?lk3s=b59d6b55&x-expires=1745010000&x-signature=7jarf7t3YI6XgnWEcnsNccgxkA4%3D&shp=b59d6b55&shcp=-,https://p19-pu-sign-useast8.tiktokcdn-us.com/tos-useast5-p-0068-tx/a0a6e91beedd43d899c7172448136d02_1708159085~tplv-photomode-share-play.jpeg?lk3s=b59d6b55&x-expires=1745010000&x-signature=gpuI8oJBS0E7q1EdZpWRrpXuwM8%3D&shp=b59d6b55&shcp=-}",22535865204397957,Los Angeles County,"California, United States",,5368361.0,6252001,Place and Address,,,19a3a3,Places,Place and Address,Province,6790561987027518469,https://p16-sign-va.tiktokcdn.com/tos-maliva-avt-0068/59226b7f0fe3ea409119f27c121fb798~tplv-tiktokx-cropcenter:1080:1080.jpeg?dr=10399&refresh_token=2359db95&x-expires=1750345200&x-signature=v7yq%2F7c3NsJRSObwhLoBOQTFjIk%3D&t=4d5b0474&ps=13740610&shp=a5d48078&shcp=b59d6b55&idc=no1a,https://p16-sign-va.tiktokcdn.com/tos-maliva-avt-0068/59226b7f0fe3ea409119f27c121fb798~tplv-tiktokx-cropcenter:720:720.jpeg?dr=10399&refresh_token=c7694a47&x-expires=1750345200&x-signature=soCBb9ztwa%2BgSyea4W%2F0aANHdEQ%3D&t=4d5b0474&ps=13740610&shp=a5d48078&shcp=b59d6b55&idc=no1a,https://p16-sign-va.tiktokcdn.com/tos-maliva-avt-0068/59226b7f0fe3ea409119f27c121fb798~tplv-tiktokx-cropcenter:100:100.jpeg?dr=10399&refresh_token=05c15ef2&x-expires=1750345200&x-signature=lTc0dtQTOFFsiqI3t2%2FjKOp7ddQ%3D&t=4d5b0474&ps=13740610&shp=a5d48078&shcp=b59d6b55&idc=no1a,f,f,"[""cleared"",""dance"",""dancechallenge"",""pourtoi"",""fyp"",""triplets"",""slide""]",7.3207838191608e+18,original sound,,𝐩𝐡𝐫𝐞𝐥𝐥.,15.0,t,https://v16m.tiktokcdn-us.com/3d44c8f4927b9c74e5c082c28c5b7560/67f9cbe7/video/tos/useast2a/tos-useast2a-v-2370-euttp/oUAbTKRADIEE2xgYCIFAPuJinBfclADIEeQBUm/?a=1233&bti=NDU3ZjAwOg%3D%3D&ch=0&cr=0&dr=0&er=2&cd=0%7C0%7C0%7C0&br=250&bt=125&ds=5&ft=GSDrKInz7ThwTP.OXq8Zmo&mime_type=audio_mpeg&qs=13&rc=am1wM2o5cjtkcDMzZjU8M0Bpam1wM2o5cjtkcDMzZjU8M0BxNTItMmRrYGBgLS1kMWNzYSNxNTItMmRrYGBgLS1kMWNzcw%3D%3D&vvpl=1&l=2025041120113631DC29B862E3F512DEE5&btag=e00078000&download=true,https://tiktok.com/@/video/7336487071323786539,279255825,"The image shows a person doing a dance move with their left arm extended outward. They are wearing dark pants and a light-colored top. The background is blurred but appears to be an indoor space, possibly a room."
7396892571705920799,2025-03-07 23:54:27.010434+01,1722223273,Moon 🌙 & Star ✨ beautiful n easy temporary tattoo......#tattoo #tattoink #art #drawing #asmr,0,t,0.0,f,0,f,t,f,f,t,,0,t,10032.0,2025-06-17 20:48:49.760041+02,556593,12525,3955015,238498665,103762,71.19,29,"{"""",https://p19-pu-sign-useast8.tiktokcdn-us.com/tos-useast8-p-0068-tx2/925739cd6a8b47fd84752c8aae4ff44a_1722223275~tplv-photomode-tiktok-play.jpeg?lk3s=b59d6b55&x-expires=1744992000&x-signature=B5dmW0TADhPuITlLKFltSFnzcdk%3D&shp=b59d6b55&shcp=-,https://p16-pu-sign-useast8.tiktokcdn-us.com/tos-useast8-p-0068-tx2/925739cd6a8b47fd84752c8aae4ff44a_1722223275~tplv-photomode-share-play.jpeg?lk3s=b59d6b55&x-expires=1744992000&x-signature=bmLd3Q2Inz8sBd%2BIsOHXMK6ggHQ%3D&shp=b59d6b55&shcp=-}",22535865200907089,United States,North America,,4273359.0,6252001,Place and Address,,,19a3a1,Places,Place and Address,Country,7387640224966673450,https://p16-sign.tiktokcdn-us.com/tos-useast5-avt-0068-tx/2f9818aec4ece1c7ad09a123de17a72a~tplv-tiktokx-cropcenter:1080:1080.jpeg?dr=9640&refresh_token=d661fbe9&x-expires=1750341600&x-signature=b9f9mcZcKpEc4jzDBTVv0azKJYE%3D&t=4d5b0474&ps=13740610&shp=a5d48078&shcp=b59d6b55&idc=useast5,https://p19-sign.tiktokcdn-us.com/tos-useast5-avt-0068-tx/2f9818aec4ece1c7ad09a123de17a72a~tplv-tiktokx-cropcenter:720:720.jpeg?dr=9640&refresh_token=5a1aa554&x-expires=1750341600&x-signature=1MVKxpnbaRDi5xgwDgOCIuWkeXU%3D&t=4d5b0474&ps=13740610&shp=a5d48078&shcp=b59d6b55&idc=useast5,https://p16-sign.tiktokcdn-us.com/tos-useast5-avt-0068-tx/2f9818aec4ece1c7ad09a123de17a72a~tplv-tiktokx-cropcenter:100:100.jpeg?dr=9640&refresh_token=970145b6&x-expires=1750341600&x-signature=2%2FDN1d6SdJc7dwIi7PApr5gAxt8%3D&t=4d5b0474&ps=13740610&shp=a5d48078&shcp=b59d6b55&idc=useast5,f,f,"[""tattoo"",""tattoink"",""art"",""drawing"",""asmr""]",7.396892554643443e+18,original sound,,LHA Tattoos,29.0,t,https://v19.tiktokcdn-us.com/3ca256b064a472383839e0373ebc862c/67f99186/video/tos/useast8/tos-useast8-v-27dcd7-tx2/os5XtfDtIFCqI0BpYAEVAFUAE4wEfJzOmnVFAy/?a=1233&bti=NDU3ZjAwOg%3D%3D&ch=0&cr=0&dr=0&er=2&cd=0%7C0%7C0%7C0&br=250&bt=125&ds=5&ft=GSDrKInz7ThvL5.OXq8Zmo&mime_type=audio_mpeg&qs=13&rc=M3M5ZnY5cmVqdDMzaTU8NEBpM3M5ZnY5cmVqdDMzaTU8NEAza3NiMmRjaWdgLS1kMTJzYSMza3NiMmRjaWdgLS1kMTJzcw%3D%3D&vvpl=1&l=20250411160216938953D87608F5080F47&btag=e00078000&download=true,https://tiktok.com/@/video/7396892571705920799,278048815,"The main subject of the TikTok video is a person riding a skateboard. They are in an indoor setting, specifically on what appears to be a ramp. In the background, there is another person who seems to be filming or participating in the activity."
7497242122299428139,2025-04-26 18:52:23.982888+02,1745587722,Homeless for 15 Years! We Gave Him a New Life Part 1 #fyp #hairstyle #haircut #hairstylist #asmr #hairtransformation ,0,t,0.0,f,0,f,t,f,f,t,,0,t,10025.0,2025-06-09 23:43:17.425965+02,339445,58007,4846982,226075084,81292,63.64,172,"{"""",https://p19-pu-sign-useast8.tiktokcdn-us.com/tos-useast5-p-0068-tx/osXSgFBRSDowCoE2HgE8ACBqQfGmKaDEf4Qo4D~tplv-photomode-tiktok-play.jpeg?lk3s=b59d6b55&x-expires=1746288000&x-signature=3xtvOJgPBgw8yryPFkBSs8T5uKc%3D&shp=b59d6b55&shcp=-,https://p16-pu-sign-useast8.tiktokcdn-us.com/tos-useast5-p-0068-tx/osXSgFBRSDowCoE2HgE8ACBqQfGmKaDEf4Qo4D~tplv-photomode-share-play.jpeg?lk3s=b59d6b55&x-expires=1746288000&x-signature=QtIi7dWzia3fzPlS5dXw15UzB4c%3D&shp=b59d6b55&shcp=-}",22535796481546927,New York,United States,,5129313.0,6252001,Place and Address,,,19a3a3,Places,Place and Address,Province,7437703153975362603,https://p16-sign.tiktokcdn-us.com/tos-useast5-avt-0068-tx/cec08644e2b0dc67e1200c2457e3dfee~tplv-tiktokx-cropcenter:1080:1080.jpeg?dr=9640&refresh_token=c88ad105&x-expires=1750302000&x-signature=B0VgA%2BYlFD51l6X%2BjJcCZIZu9b4%3D&t=4d5b0474&ps=13740610&shp=a5d48078&shcp=b59d6b55&idc=useast5,https://p19-sign.tiktokcdn-us.com/tos-useast5-avt-0068-tx/cec08644e2b0dc67e1200c2457e3dfee~tplv-tiktokx-cropcenter:720:720.jpeg?dr=9640&refresh_token=fab3f8fa&x-expires=1750302000&x-signature=gWKBRuH9MSiDBHzdF%2BP135fcpig%3D&t=4d5b0474&ps=13740610&shp=a5d48078&shcp=b59d6b55&idc=useast5,https://p16-sign.tiktokcdn-us.com/tos-useast5-avt-0068-tx/cec08644e2b0dc67e1200c2457e3dfee~tplv-tiktokx-cropcenter:100:100.jpeg?dr=9640&refresh_token=4c8d02b8&x-expires=1750302000&x-signature=zfD%2Bh2JDAU07zwzSQmZDm%2BdssdE%3D&t=4d5b0474&ps=13740610&shp=a5d48078&shcp=b59d6b55&idc=useast5,f,f,"[""fyp"",""hairstyle"",""haircut"",""hairstylist"",""asmr"",""hairtransformation""]",7.497242087470173e+18,original sound,,Homeless Change💈✂️,172.0,t,https://v16m.tiktokcdn-us.com/21b40ef3be90e8c5cef6058f230e4774/680d6421/video/tos/useast5/tos-useast5-v-27dcd7-tx/oYh3ERpEAK9cdABqBAwijBgjEfjx0HiAnAc1LB/?a=1233&bti=NDU3ZjAwOg%3D%3D&ch=0&cr=0&dr=0&er=2&cd=0%7C0%7C0%7C0&br=250&bt=125&ds=5&ft=GSDrKInz7Th_XaEKXq8Zmo&mime_type=audio_mpeg&qs=13&rc=ajY5c285cjZyMzMzZzU8NEBpajY5c285cjZyMzMzZzU8NEA1aXJiMmRzcDJhLS1kMS9zYSM1aXJiMmRzcDJhLS1kMS9zcw%3D%3D&vvpl=1&l=202504261651331381A8EFCB96034C4C92&btag=e00050000&download=true,https://tiktok.com/@/video/7497242122299428139,274544904,Video download failed
7464240953046387998,2025-03-07 20:12:47.249786+01,1737904085,Interesting phenomena in cold #satisfyingvideo #oddlysatisfying #ice #frozen #asmr #fypシ ,0,t,0.0,f,0,f,t,f,f,t,,0,t,10037.0,2025-06-16 03:45:47.072549+02,391594,32312,10161206,169927921,481944,60.72,62,"{"""",https://p19-pu-sign-useast8.tiktokcdn-us.com/tos-useast8-p-0068-tx2/oQMI86D9F2VeLnsm0jCuACFIciBQQqDfAPJXfE~tplv-photomode-tiktok-play.jpeg?lk3s=b59d6b55&x-expires=1742511600&x-signature=7wBe7mBcq6%2BXs07QTUNIojzo%2Fog%3D&shp=b59d6b55&shcp=-,https://p16-pu-sign-useast8.tiktokcdn-us.com/tos-useast8-p-0068-tx2/oQMI86D9F2VeLnsm0jCuACFIciBQQqDfAPJXfE~tplv-photomode-share-play.jpeg?lk3s=b59d6b55&x-expires=1742511600&x-signature=dw7J9Br3JmHATv6%2FSW%2BbRJFrMpw%3D&shp=b59d6b55&shcp=-}",22535865200907089,United States,North America,,4273359.0,6252001,Place and Address,,,19a3a1,Places,Place and Address,Country,7401878207066211374,https://p16-pu-sign-useast8.tiktokcdn-us.com/tos-useast8-avt-0068-tx2/e653e61c088a9889ff6de0c4d11e28f5~tplv-tiktokx-cropcenter:1080:1080.jpeg?dr=9640&refresh_token=0578d9ef&x-expires=1750302000&x-signature=1rJG%2BFni0ImtNdoEIl6M6B2jlYs%3D&t=4d5b0474&ps=13740610&shp=a5d48078&shcp=b59d6b55&idc=useast5,https://p16-pu-sign-useast8.tiktokcdn-us.com/tos-useast8-avt-0068-tx2/e653e61c088a9889ff6de0c4d11e28f5~tplv-tiktokx-cropcenter:720:720.jpeg?dr=9640&refresh_token=cb741331&x-expires=1750302000&x-signature=2UW2%2FPPmApgK3a9iryKkeg2D3pM%3D&t=4d5b0474&ps=13740610&shp=a5d48078&shcp=b59d6b55&idc=useast5,https://p16-pu-sign-useast8.tiktokcdn-us.com/tos-useast8-avt-0068-tx2/e653e61c088a9889ff6de0c4d11e28f5~tplv-tiktokx-cropcenter:100:100.jpeg?dr=9640&refresh_token=4a52a69b&x-expires=1750302000&x-signature=sIhphGuacuuyjPDNkXJ%2FXDtdAWM%3D&t=4d5b0474&ps=13740610&shp=a5d48078&shcp=b59d6b55&idc=useast5,f,f,"[""satisfyingvideo"",""oddlysatisfying"",""ice"",""frozen"",""asmr"",""fyp\u30b7""]",7.464240940199251e+18,original sound,,relaxing.us,62.0,t,https://v16m.tiktokcdn-us.com/d4178f1ca317e52ec5a043236bf17a6c/67d3b878/video/tos/useast8/tos-useast8-v-27dcd7-tx2/oEAJnJM8DIEeys4fEQFAqmTj7Cf3PAIIEAAcoL/?a=1233&bti=NDU3ZjAwOg%3D%3D&ch=0&cr=0&dr=0&er=2&cd=0%7C0%7C0%7C0&br=250&bt=125&ds=5&ft=GSDrKInz7ThxreKOXq8Zmo&mime_type=audio_mpeg&qs=13&rc=andsNnY5cnI3eDMzaTU8NEBpandsNnY5cnI3eDMzaTU8NEBwZGRjMmRzc19gLS1kMTJzYSNwZGRjMmRzc19gLS1kMTJzcw%3D%3D&vvpl=1&l=2025031323014572FB6BCDF77B3123064E&btag=e00050000&download=true,https://tiktok.com/@/video/7464240953046387998,271539981,"The main subject of the TikTok video is a person who is dancing in a room with dim lighting. There is no text visible in the image, and the focus is on the individual's movements as they dance."
7479845993626750238,2025-03-11 09:14:31.430825+01,1741537385,When everyone has cute and emotional tap out videos but this is what my girlfriend and brother decide to do for mine…,0,t,0.0,f,0,f,t,f,f,t,7.4875867467382e+18,0,t,10003.0,2025-06-16 06:57:01.219732+02,1096105,44214,16326740,107087698,723710,49.18,81,"{"""",https://p19-pu-sign-useast8.tiktokcdn-us.com/tos-useast8-p-0068-tx2/okiTxzuANgAiCRiIznIBpvAqBwAfBn5Ndv5IGB~tplv-photomode-tiktok-play.jpeg?lk3s=b59d6b55&x-expires=1744966800&x-signature=CZFDSGqO0ccqw7dCySSjFByspII%3D&shp=b59d6b55&shcp=-,https://p19-pu-sign-useast8.tiktokcdn-us.com/tos-useast8-p-0068-tx2/okiTxzuANgAiCRiIznIBpvAqBwAfBn5Ndv5IGB~tplv-photomode-share-play.jpeg?lk3s=b59d6b55&x-expires=1744966800&x-signature=ZpCcZXjZwOqUT6rnf80F2%2FrFGhs%3D&shp=b59d6b55&shcp=-}",21568226272023047,"Ft Jackson, South Carlina","Columbia, SC, United States",Columbia,4575352.0,6252001,Office and Industrial,Columbia,Columbia,13a1b0,Government,Office and Industrial,Other Government,189710544436723712,https://p16-pu-sign-useast8.tiktokcdn-us.com/tos-useast5-avt-0068-tx/59d90f385c9caea7ea1613bcee6124ae~tplv-tiktokx-cropcenter:1080:1080.jpeg?dr=9640&refresh_token=b55c382f&x-expires=1750298400&x-signature=uGrNUkikqQk4kp1l3CBfy%2BFvtrk%3D&t=4d5b0474&ps=13740610&shp=a5d48078&shcp=b59d6b55&idc=useast5,https://p19-pu-sign-useast8.tiktokcdn-us.com/tos-useast5-avt-0068-tx/59d90f385c9caea7ea1613bcee6124ae~tplv-tiktokx-cropcenter:720:720.jpeg?dr=9640&refresh_token=e25958cb&x-expires=1750298400&x-signature=VcWbH8zOX3k3uoC2EsGf9U57u4U%3D&t=4d5b0474&ps=13740610&shp=a5d48078&shcp=b59d6b55&idc=useast5,https://p19-pu-sign-useast8.tiktokcdn-us.com/tos-useast5-avt-0068-tx/59d90f385c9caea7ea1613bcee6124ae~tplv-tiktokx-cropcenter:100:100.jpeg?dr=9640&refresh_token=969a578f&x-expires=1750298400&x-signature=Na7mA6hLNnq7%2BFBZyEzdfkyw%2B54%3D&t=4d5b0474&ps=13740610&shp=a5d48078&shcp=b59d6b55&idc=useast5,f,f,[],7.479846006159396e+18,original sound,,hanner.queen,81.0,t,https://v19.tiktokcdn-us.com/e262f273f541bd3d29ac41bb3668010b/67f9308a/video/tos/useast8/tos-useast8-v-27dcd7-tx2/oceA8IeIeAmaPXMqNQCDT9EBA2Q7LjoAGoM4A3/?a=1233&bti=NDU3ZjAwOg%3D%3D&ch=0&cr=0&dr=0&er=2&cd=0%7C0%7C0%7C0&br=250&bt=125&ds=5&ft=GSDrKInz7ThXFF.OXq8Zmo&mime_type=audio_mpeg&qs=13&rc=ank2cXQ5cnR2eTMzaTU8NEBpank2cXQ5cnR2eTMzaTU8NEAucmEuMmRzLTNgLS1kMTJzYSMucmEuMmRzLTNgLS1kMTJzcw%3D%3D&vvpl=1&l=20250411090737D640DAFA9925DE0915AE&btag=e00050000&download=true,https://tiktok.com/@/video/7479845993626750238,270355098,The main subject of the TikTok video is a person who is skateboarding down a street. The setting appears to be an urban environment with buildings visible in the background. One notable action is that the skateboarder is performing a trick while riding their skateboard.
7389283129413979397,2025-03-18 08:49:52.736553+01,1720451553,no se puede creer este simulador… #pandora #animalkingdom #insidemagic #insidemagic15 #disney #viral #fyp #quinceañeras #avatar ,0,t,0.0,f,0,f,t,f,f,t,7.391211809019661e+18,0,f,10086.0,2025-05-21 01:18:15.434887+02,1128693,47928,12185346,146440293,1572971,63.12,13,"{"""",https://p16-sign-va.tiktokcdn.com/tos-maliva-p-0068/d257861bbaf5403ba5c9952bae24249c_1720451558~tplv-photomode-tiktok-play.jpeg?lk3s=b59d6b55&x-expires=1745010000&x-signature=4VGJvccTXF1Y7RlGQONzfhK3TEE%3D&shp=b59d6b55&shcp=-,https://p16-sign-va.tiktokcdn.com/tos-maliva-p-0068/d257861bbaf5403ba5c9952bae24249c_1720451558~tplv-photomode-share-play.jpeg?lk3s=b59d6b55&x-expires=1745010000&x-signature=VgR4v%2BWLTUkhdS462BUF2V1jD0o%3D&shp=b59d6b55&shcp=-}",22535865294521245,Disney's Animal Kingdom Theme Park,"2901 Osceola Pkwy, Lake Buena Vista, FL 32830, United States",Lake Buena Vista,7170298.0,6252001,Recreation and Sport,Lake Buena Vista,Lake Buena Vista,21a0a0,Amusement,Recreation and Sport,Amusement Park,7346684719428600837,https://p16-common-sign-va.tiktokcdn-us.com/tos-maliva-avt-0068/34876ff2ae6a910558cca5cfa7f86315~tplv-tiktokx-cropcenter:1080:1080.jpeg?dr=9640&refresh_token=afaad9fe&x-expires=1750269600&x-signature=3X0ymF%2FrchyLheY6VnBkXo0ZwIc%3D&t=4d5b0474&ps=13740610&shp=a5d48078&shcp=b59d6b55&idc=useast8,https://p16-common-sign-va.tiktokcdn-us.com/tos-maliva-avt-0068/34876ff2ae6a910558cca5cfa7f86315~tplv-tiktokx-cropcenter:720:720.jpeg?dr=9640&refresh_token=85f48a58&x-expires=1750269600&x-signature=8IzGOH77c%2Fulz%2FYb98NDGsAf%2Fj8%3D&t=4d5b0474&ps=13740610&shp=a5d48078&shcp=b59d6b55&idc=useast8,https://p16-common-sign-va.tiktokcdn-us.com/tos-maliva-avt-0068/34876ff2ae6a910558cca5cfa7f86315~tplv-tiktokx-cropcenter:100:100.jpeg?dr=9640&refresh_token=185b72b9&x-expires=1750269600&x-signature=NmpjVG9xlsGdTEgX%2BJpJ6ditTTQ%3D&t=4d5b0474&ps=13740610&shp=a5d48078&shcp=b59d6b55&idc=useast8,f,f,"[""pandora"",""animalkingdom"",""insidemagic"",""insidemagic15"",""disney"",""viral"",""fyp"",""quincea\u00f1eras"",""avatar""]",7.389283171719794e+18,sonido original,,insidemagic15,13.0,t,https://v16m.tiktokcdn-us.com/1f3ac28763be5a55da03d1a9a83f402a/67f9dff3/video/tos/useast5/tos-useast5-ve-27dcd7c799-tx/ocUGSQHYM1YPACAWgQ8eEaG3cXfmiNCowBeT6Y/?a=1233&bti=NDU3ZjAwOg%3D%3D&ch=0&cr=0&dr=0&er=2&cd=0%7C0%7C0%7C0&br=250&bt=125&ft=GSDrKInz7ThPzq.OXq8Zmo&mime_type=audio_mpeg&qs=6&rc=aWYzZzgzOjloaGRlZmhpNkBpajhveHI5cnIzdDMzNzU8M0AvYTU0LmFgNWExXjItNmA2YSNrYmE0MmRzMDNgLS1kMTZzcw%3D%3D&vvpl=1&l=202504112137091B6718B79014F71EFF4C&btag=e000b0000&download=true,https://tiktok.com/@/video/7389283129413979397,268293753,"The image shows a person sitting on the floor, facing away from the camera. There is a handbag visible in the background. The environment appears to be an indoor setting with a carpeted floor."
7460342930453155114,2025-03-11 09:25:43.480627+01,1736996455,found a homie up in the sticks @Payton Smith  #Snowmobiling #SnowmobileLife #SledLife #SnowmobileAdventure #SledHeads #WinterSports #ExtremeWinter #SnowSports #WinterWonderland #PowderLife #AdventureAwaits #OutdoorLifestyle #ExploreMore #MountainLife #GetOutside #MotorSports #AdrenalineRush #OffRoadLife #ExtremeSports #AdventureAddict #WinterVibes #FirstSnow #WinterEscape #ColdWeatherAdventures #WinterAddict ,0,t,0.0,f,0,f,t,f,f,t,,0,t,10021.0,2025-06-17 13:49:25.845932+02,1430177,61274,16469462,102239560,3585814,54.54,10,"{"""",https://p19-pu-sign-useast8.tiktokcdn-us.com/tos-useast5-p-0068-tx/o8HBxBfi7wxmzHxp6IAsI0AhQWIiiYCMByuDdI~tplv-photomode-tiktok-play.jpeg?lk3s=b59d6b55&x-expires=1745013600&x-signature=UFIF7Y4x2edkVuYSyRpNfanSm2Y%3D&shp=b59d6b55&shcp=-,https://p16-pu-sign-useast8.tiktokcdn-us.com/tos-useast5-p-0068-tx/o8HBxBfi7wxmzHxp6IAsI0AhQWIiiYCMByuDdI~tplv-photomode-share-play.jpeg?lk3s=b59d6b55&x-expires=1745013600&x-signature=BepgaUwMZFLM82Qr2sLCMPgz988%3D&shp=b59d6b55&shcp=-}",22535865210360131,Idaho,United States,,5608726.0,6252001,Place and Address,,,19a3a3,Places,Place and Address,Province,7178540401472488491,https://p16-pu-sign-useast8.tiktokcdn-us.com/tos-useast5-avt-0068-tx/86b59e0fd488b387a2697327e066cf0c~tplv-tiktokx-cropcenter:1080:1080.jpeg?dr=9640&refresh_token=ff54bf6f&x-expires=1750327200&x-signature=H71tW49%2Fa2CUk4ZS%2BqvpMv78jKA%3D&t=4d5b0474&ps=13740610&shp=a5d48078&shcp=b59d6b55&idc=useast5,https://p16-pu-sign-useast8.tiktokcdn-us.com/tos-useast5-avt-0068-tx/86b59e0fd488b387a2697327e066cf0c~tplv-tiktokx-cropcenter:720:720.jpeg?dr=9640&refresh_token=9c9e57ed&x-expires=1750327200&x-signature=6rg9Rw%2BZwwDNzOX%2BlOx1YMZ5%2F80%3D&t=4d5b0474&ps=13740610&shp=a5d48078&shcp=b59d6b55&idc=useast5,https://p16-pu-sign-useast8.tiktokcdn-us.com/tos-useast5-avt-0068-tx/86b59e0fd488b387a2697327e066cf0c~tplv-tiktokx-cropcenter:100:100.jpeg?dr=9640&refresh_token=e1f14af3&x-expires=1750327200&x-signature=fxuWeXN5NuJLHoWqKwZ4IeNAXxk%3D&t=4d5b0474&ps=13740610&shp=a5d48078&shcp=b59d6b55&idc=useast5,f,f,"[""snowmobiling"",""snowmobilelife"",""sledlife"",""snowmobileadventure"",""sledheads"",""wintersports"",""extremewinter"",""snowsports"",""winterwonderland"",""powderlife"",""adventureawaits"",""outdoorlifestyle"",""exploremore"",""mountainlife"",""getoutside"",""motorsports"",""adrenalinerush"",""offroadlife"",""extremesports"",""adventureaddict"",""wintervibes"",""firstsnow"",""winterescape"",""coldweatheradventures"",""winteraddict""]",7.460342976364334e+18,original sound,,Snow Jesus,9.0,t,https://v16m.tiktokcdn-us.com/82fe9d26769fb4fb3d1352732ad5fe09/67f9e859/video/tos/useast5/tos-useast5-v-27dcd7-tx/oQBLAzDA4lsiKqiECIEAYnBpvdwf003IACxEmB/?a=1233&bti=NDU3ZjAwOg%3D%3D&ch=0&cr=0&dr=0&er=2&cd=0%7C0%7C0%7C0&br=250&bt=125&ds=5&ft=GSDrKInz7TharG.OXq8Zmo&mime_type=audio_mpeg&qs=13&rc=Mzt4NXE5cnQ6eDMzZzU8NEBpMzt4NXE5cnQ6eDMzZzU8NEBuXnFwMmRjYDFgLS1kMS9zYSNuXnFwMmRjYDFgLS1kMS9zcw%3D%3D&vvpl=1&l=202504112213037244A0259C593E277744&btag=e00070000&download=true,https://tiktok.com/@/video/7460342930453155114,266934180,"The main subject of this TikTok video is a person who appears to be dancing or performing some type of choreography, possibly in a studio environment. They are wearing what seems to be a black shirt and pants, and there is a watermark visible on the image, indicating that it may have been taken from an Instagram account. The setting looks like it could be a dance studio with mirrors, and the person has their hands raised and is making expressive facial expressions, which suggests they are in the middle of a performance or rehearsal."
7246362562839727406,2025-03-11 11:11:09.920781+01,1687175311,LOL😆😋🥭#usa #fruit #asmr ,0,t,0.0,f,0,f,t,f,f,t,,0,t,10039.0,2025-04-24 20:43:51.239996+02,369364,36501,8705828,179391331,449316,64.78,7,"{"""",https://p16-sign.tiktokcdn-us.com/tos-useast5-p-0068-tx/b7b07dc16a8d4f419afaece89cb2874e_1687175312~tplv-photomode-tiktok-play.jpeg?lk3s=b59d6b55&x-expires=1742292000&x-signature=7vV39K4CodmIX9BfnLAFABkuzVE%3D&shp=b59d6b55&shcp=-,https://p19-sign.tiktokcdn-us.com/tos-useast5-p-0068-tx/b7b07dc16a8d4f419afaece89cb2874e_1687175312~tplv-photomode-share-play.jpeg?lk3s=b59d6b55&x-expires=1742292000&x-signature=p5xug8n9gifxDSKggmd9kHe%2Fj%2Fc%3D&shp=b59d6b55&shcp=-}",22535865220940822,Timucuan Ecological and Historical Preserve,"Jacksonville, Duval, Florida, United States",Jacksonville,4160021.0,6252001,Outdoors and Traveling,Jacksonville,Jacksonville,08a1c1,Natural Attraction,Outdoors and Traveling,Protected Area,7081561698184315947,https://p16-sign-va.tiktokcdn.com/tos-maliva-avt-0068/7316945305084592170~tplv-tiktokx-cropcenter:1080:1080.jpeg?dr=10399&refresh_token=4395f1f7&x-expires=1750363200&x-signature=M%2F8cL3ayMO0c7KR0XTzrmai5WCM%3D&t=4d5b0474&ps=13740610&shp=a5d48078&shcp=b59d6b55&idc=no1a,https://p16-sign-va.tiktokcdn.com/tos-maliva-avt-0068/7316945305084592170~tplv-tiktokx-cropcenter:720:720.jpeg?dr=10399&refresh_token=28626474&x-expires=1750363200&x-signature=saVIMjpElJ6k0eHH9kZ%2BPrEkKWM%3D&t=4d5b0474&ps=13740610&shp=a5d48078&shcp=b59d6b55&idc=no1a,https://p16-sign-va.tiktokcdn.com/tos-maliva-avt-0068/7316945305084592170~tplv-tiktokx-cropcenter:100:100.jpeg?dr=10399&refresh_token=91fcf331&x-expires=1750363200&x-signature=waRYnDeEK97tyAIWlHLYoqLxj94%3D&t=4d5b0474&ps=13740610&shp=a5d48078&shcp=b59d6b55&idc=no1a,f,f,"[""usa"",""fruit"",""asmr""]",7.155748202778758e+18,原聲,,Fishinglover🦀🐠🐟🐳🎣,8.0,t,https://v16m.tiktokcdn-us.com/23b7e15b46cdef241bfc21a25040a39f/67ee1d0b/video/tos/useast5/tos-useast5-v-27dcd7-tx/17919b239bb5473a803b30e6f054c9bd/?a=1233&bti=ODszNWYuMDE6&ch=0&cr=0&dr=0&er=0&lr=default&cd=0%7C0%7C0%7C0&br=190&bt=95&ds=5&ft=GSDrKInz7ThFoZ5OXq8Zmo&mime_type=video_mp4&qs=13&rc=M2g7ZTg6ZmY4ZzMzZzU8NEBpM2g7ZTg6ZmY4ZzMzZzU8NEBoYG1jcjRvMzRgLS1kMS9zYSNoYG1jcjRvMzRgLS1kMS9zcw%3D%3D&vvpl=1&l=20250402233042827A66B23C953B21581C&btag=e00070000,https://tiktok.com/@/video/7246362562839727406,266449611,"The main subject in the TikTok video is a person who appears to be performing an action, such as dancing or posing, set against a brightly lit background that suggests an indoor environment with a window or a light source illuminating the scene. There is no specific information provided about any notable objects or actions within the image."
7442808760176790826,2025-03-07 19:16:13.736644+01,1732913960,Festive Christmas Bow Family Game 🎁 #fyp #christmas #diy #game #familygame #holiday #dad #brother #kids ,0,f,0.0,f,0,f,t,f,f,t,,0,f,10057.0,2025-06-18 00:28:59.361439+02,1085355,62600,6100000,205100000,1200000,68.72,410,"{"""",https://p19-pu-sign-useast8.tiktokcdn-us.com/tos-useast5-p-0068-tx/b84f652139474bffb00c6518ac81a76d_1732913963~tplv-photomode-tiktok-play.jpeg?lk3s=b59d6b55&x-expires=1745006400&x-signature=G0%2BgnTnBUkd5QTRTlY5CJTCXBF8%3D&shp=b59d6b55&shcp=-,https://p19-sign.tiktokcdn-us.com/tos-useast5-p-0068-tx/b84f652139474bffb00c6518ac81a76d_1732913963~tplv-photomode-share-play.jpeg?lk3s=b59d6b55&x-expires=1745006400&x-signature=FDUFS42C%2F7DdU5RFfRhU%2FI88%2B%2FU%3D&shp=b59d6b55&shcp=-}",22535865257283168,Christmas,"Florida, United States",,116022470.0,6252001,Place and Address,,,19a3a0,Places,Place and Address,City,6922949269930705926,https://p16-pu-sign-useast8.tiktokcdn-us.com/tos-useast5-avt-0068-tx/4b31a6195c44091aa2856e4d5c3b5cb3~tplv-tiktokx-cropcenter:1080:1080.jpeg?dr=9640&refresh_token=469e331b&x-expires=1750359600&x-signature=dskv%2B5esIvxATdY1IBrIb6p72nQ%3D&t=4d5b0474&ps=13740610&shp=a5d48078&shcp=b59d6b55&idc=useast5,https://p19-pu-sign-useast8.tiktokcdn-us.com/tos-useast5-avt-0068-tx/4b31a6195c44091aa2856e4d5c3b5cb3~tplv-tiktokx-cropcenter:720:720.jpeg?dr=9640&refresh_token=7a996799&x-expires=1750359600&x-signature=4dTZg%2B1JPOLv22zt%2BssLL%2BNrsnM%3D&t=4d5b0474&ps=13740610&shp=a5d48078&shcp=b59d6b55&idc=useast5,https://p19-pu-sign-useast8.tiktokcdn-us.com/tos-useast5-avt-0068-tx/4b31a6195c44091aa2856e4d5c3b5cb3~tplv-tiktokx-cropcenter:100:100.jpeg?dr=9640&refresh_token=0c7394d7&x-expires=1750359600&x-signature=Zd5ogxbqtWcGNv0VRxP3wfM7gmc%3D&t=4d5b0474&ps=13740610&shp=a5d48078&shcp=b59d6b55&idc=useast5,f,f,"[""fyp"",""christmas"",""DIY"",""game"",""familygame"",""holiday"",""dad"",""brother"",""kids""]",6.696419964074592e+18,All I Want for Christmas Is You,Merry Christmas,Mariah Carey,60.0,f,https://sf16.tiktokcdn-us.com/obj/tos-alisg-ve-2774/oQlNBmGMYGBABtxtQ9roRBCndZFXeQfmOgDDiE,https://tiktok.com/@/video/7442808760176790826,266100000,"The main subject in the image appears to be a person sitting on a chair, holding a remote control in their hand, with the TV screen displaying what seems to be a sports game or event. There is no text visible in the image."
7438398353588636935,2025-03-08 00:08:57.847077+01,1731887095,Power of Haircut #haircut #tiktok #edit ,0,t,0.0,f,0,f,t,f,f,t,,0,t,10025.0,2025-06-17 03:06:52.85173+02,1003502,36893,12313163,142619235,459537,63.42,61,"{"""",https://p16-sign-sg.tiktokcdn.com/tos-alisg-p-0037/owWYfADdUgQDAFjeONXjfBoIAIs6CwqIJ9pPEV~tplv-photomode-tiktok-play.jpeg?lk3s=b59d6b55&x-expires=1745010000&x-signature=X59fqbJY6WWprqGw723pnHZyNnA%3D&shp=b59d6b55&shcp=-,https://p16-sign-sg.tiktokcdn.com/tos-alisg-p-0037/owWYfADdUgQDAFjeONXjfBoIAIs6CwqIJ9pPEV~tplv-photomode-share-play.jpeg?lk3s=b59d6b55&x-expires=1745010000&x-signature=HTL9CqKofOpgN4hO4ISD96Jsy7s%3D&shp=b59d6b55&shcp=-}",21568226321343171,1B,"Burlington, KY 41005, USA",Burlington,116020973.0,6252001,Recreation and Sport,Burlington,Burlington,21a3b1,Sport,Recreation and Sport,Football Field,7429933061721310226,https://p16-sign-sg.tiktokcdn.com/tos-alisg-avt-0068/f1dc72861191e1a453dd95df3ccfde91~tplv-tiktokx-cropcenter:1080:1080.jpeg?dr=10399&refresh_token=7d572d53&x-expires=1750294800&x-signature=G4GzbtWoSeQMkEXSux7loNLQeCE%3D&t=4d5b0474&ps=13740610&shp=a5d48078&shcp=b59d6b55&idc=no1a,https://p9-sign-sg.tiktokcdn.com/tos-alisg-avt-0068/f1dc72861191e1a453dd95df3ccfde91~tplv-tiktokx-cropcenter:720:720.jpeg?dr=10399&refresh_token=b9914fd4&x-expires=1750294800&x-signature=lFYKrJLlh2nsfjT2LLTpLl%2Fgbek%3D&t=4d5b0474&ps=13740610&shp=a5d48078&shcp=b59d6b55&idc=no1a,https://p16-sign-sg.tiktokcdn.com/tos-alisg-avt-0068/f1dc72861191e1a453dd95df3ccfde91~tplv-tiktokx-cropcenter:100:100.jpeg?dr=10399&refresh_token=fe4f783e&x-expires=1750294800&x-signature=Sxt74a%2BJ1cZEQHE%2B5AIGuZ7gpgI%3D&t=4d5b0474&ps=13740610&shp=a5d48078&shcp=b59d6b55&idc=no1a,f,f,"[""haircut"",""tiktok"",""edit""]",7.438398515228757e+18,original sound - pen:,,penceal:,61.0,t,https://v16m.tiktokcdn-us.com/f3b070752993f405a7326b4401ef2a9e/67f9dfd8/video/tos/useast5/tos-useast5-v-27dcd7c799-tx/oknBI1wUCDEhOgAAmALBfFBsABQeMIvPJoOuOA/?a=1233&bti=NDU3ZjAwOg%3D%3D&ch=0&cr=0&dr=0&er=2&cd=0%7C0%7C0%7C0&br=250&bt=125&ds=5&ft=GSDrKInz7ThC7q.OXq8Zmo&mime_type=audio_mpeg&qs=13&rc=anJ2d3A5cjY7djMzODU8NEBpanJ2d3A5cjY7djMzODU8NEA2YnIwMmQ0LXFgLS1kMS1zYSM2YnIwMmQ0LXFgLS1kMS1zcw%3D%3D&vvpl=1&l=2025041121355427595F7BC3F3C41D892C&btag=e00050000&download=true,https://tiktok.com/@/video/7438398353588636935,265750865,Video download failed
7402206100621135136,2025-03-07 22:01:04.6855+01,1723460420,Episode 1 | 🤣🤣 The End... Nonstop laughs with these epic #TortillaChallenge moments! #wrapchallenge #funny #tiktokfunny #trending #viral #fyp #foryou #family #tiktok #viralvideo #trend #tortillatrend #friends #challenge #hilarious #rockpaperscissors #relatable #teamwork #microinfluencer #foryoupage #drole #funniestvideosever #tortilla #prank #CapCut #fyppppppppppppppppppppppp  tortilla challenge fails | wrap challenge compilation | tortilla challenge | tortilla challenge fly away | tortilla challenge funny | farts prank | wrap challenge fail | tortilla challenge compilation | tortilla challenge handicap | tortilla slap challenges | tortilla challenge crying | tortilla challenge funniest | tortilla challenge funny moments | farts prank dog,0,t,0.0,f,0,f,t,f,f,t,,0,t,10057.0,2025-06-16 02:35:25.128776+02,1373838,36688,10774468,157722645,2722544,66.32,107,"{"""",https://p16-sign-useast2a.tiktokcdn.com/tos-useast2a-p-0037-euttp/11f47cc17fb94774910234a77333c32b_1723460424~tplv-photomode-tiktok-play.jpeg?lk3s=b59d6b55&x-expires=1741795200&x-signature=ii1cLmFfHjU5F14Fg9mbcEBtuzE%3D&shp=b59d6b55&shcp=-,https://p16-sign-useast2a.tiktokcdn.com/tos-useast2a-p-0037-euttp/11f47cc17fb94774910234a77333c32b_1723460424~tplv-photomode-share-play.jpeg?lk3s=b59d6b55&x-expires=1741795200&x-signature=aqoDTouUeVoWjQMXZz3Tclgjddo%3D&shp=b59d6b55&shcp=-}",22535865200907089,United States,North America,,4273359.0,6252001,Place and Address,,,19a3a1,Places,Place and Address,Country,7380131985362011169,https://p16-common-sign-useast2a.tiktokcdn-us.com/tos-useast2a-avt-0068-euttp/075efcac543b27056311efa9a0fa7776~tplv-tiktokx-cropcenter:1080:1080.jpeg?dr=9640&refresh_token=15064580&x-expires=1750356000&x-signature=A67o1gXJDd3OdYRKdwc2nRINuYM%3D&t=4d5b0474&ps=13740610&shp=a5d48078&shcp=81f88b70&idc=useast5,https://p16-common-sign-useast2a.tiktokcdn-us.com/tos-useast2a-avt-0068-euttp/075efcac543b27056311efa9a0fa7776~tplv-tiktokx-cropcenter:720:720.jpeg?dr=9640&refresh_token=664b7297&x-expires=1750356000&x-signature=G2vSWgDMw1akPDWGSkXXfgtTWLg%3D&t=4d5b0474&ps=13740610&shp=a5d48078&shcp=81f88b70&idc=useast5,https://p16-common-sign-useast2a.tiktokcdn-us.com/tos-useast2a-avt-0068-euttp/075efcac543b27056311efa9a0fa7776~tplv-tiktokx-cropcenter:100:100.jpeg?dr=9640&refresh_token=d2bf4952&x-expires=1750356000&x-signature=2qMLk%2FP0ULmNlOBeh3iRzJIDuRo%3D&t=4d5b0474&ps=13740610&shp=a5d48078&shcp=81f88b70&idc=useast5,f,f,"[""tortillachallenge"",""wrapchallenge"",""funny"",""tiktokfunny"",""trending"",""viral"",""fyp"",""foryou"",""family"",""tiktok"",""viralvideo"",""trend"",""TortillaTrend"",""friends"",""challenge"",""hilarious"",""rockpaperscissors"",""relatable"",""teamwork"",""microinfluencer"",""foryoupage"",""drole"",""funniestvideosever"",""tortilla"",""prank"",""capcut"",""fyppppppppppppppppppppppp""]",7.40220614190639e+18,original sound,,ehculo,107.0,t,https://v16m.tiktokcdn-us.com/55f289e42375469b0ee404a1d180159f/67c8d1fa/video/tos/useast2a/tos-useast2a-v-2370-euttp/oceaIeegRMEp1kAEA9WdGTNAFoegsEWcIE8NzQ/?a=1233&bti=NDU3ZjAwOg%3D%3D&ch=0&cr=0&dr=0&er=2&cd=0%7C0%7C0%7C0&br=250&bt=125&ds=5&ft=GSDrKInz7TheLlXOXq8Zmo&mime_type=audio_mpeg&qs=13&rc=amU1NG05cmx4dDMzZjU8M0BpamU1NG05cmx4dDMzZjU8M0A0YzFqMmQ0anBgLS1kMWNzYSM0YzFqMmQ0anBgLS1kMWNzcw%3D%3D&vvpl=1&l=202503051634556E167B1F420CA90C8F21&btag=e00050000&download=true,https://tiktok.com/@/video/7402206100621135136,265467325,"The main subject of this TikTok video is a person dancing in front of a green screen backdrop. There are no notable objects or actions, and the setting appears to be an indoor environment with artificial lighting. The image itself shows only one frame of the video, so it does not provide enough information to describe any specific movement or sequence of events."
7215992782366739755,2025-04-18 07:35:57.567468+02,1680104262,#fyp #fish #fishing #fishtok #fishingtips #amazing ,0,t,0.0,f,0,f,t,f,f,t,0.0,0,t,10064.0,2025-05-28 02:45:09.179561+02,261692,23053,4911265,216340209,30218,50.81,41,"{"""",https://p19-pu-sign-useast8.tiktokcdn-us.com/tos-useast5-p-0068-tx/414d1d96e41a4c8f92e4e8a6b78db75f_1680104258~tplv-photomode-tiktok-play.jpeg?lk3s=b59d6b55&x-expires=1745557200&x-signature=khcpqbA06uZoClZ5AxMqlEeAhhI%3D&shp=b59d6b55&shcp=-,https://p16-sign.tiktokcdn-us.com/tos-useast5-p-0068-tx/414d1d96e41a4c8f92e4e8a6b78db75f_1680104258~tplv-photomode-share-play.jpeg?lk3s=b59d6b55&x-expires=1745557200&x-signature=H4W2aNzY5nKDEw4BiN5n2%2FEGHc4%3D&shp=b59d6b55&shcp=-}",20442395496210242,Riverside Park,"New York, United States",New York,5128581.0,6252001,Outdoors and Traveling,New York,New York,08a2a5,Park,Outdoors and Traveling,Other Park,7089004127435736110,https://p19-pu-sign-useast8.tiktokcdn-us.com/tos-useast5-avt-0068-tx/7351060691383484459~tplv-tiktokx-cropcenter:1080:1080.jpeg?dr=9640&refresh_token=5302bbaf&x-expires=1748563200&x-signature=PoXjlWC5p1AiahnnmNUvdfhMC3M%3D&t=4d5b0474&ps=13740610&shp=a5d48078&shcp=b59d6b55&idc=useast5,https://p16-pu-sign-useast8.tiktokcdn-us.com/tos-useast5-avt-0068-tx/7351060691383484459~tplv-tiktokx-cropcenter:720:720.jpeg?dr=9640&refresh_token=c55a8e2f&x-expires=1748563200&x-signature=QVZ%2B%2F7DC9bonerO1IT8gaE%2BcRsE%3D&t=4d5b0474&ps=13740610&shp=a5d48078&shcp=b59d6b55&idc=useast5,https://p19-pu-sign-useast8.tiktokcdn-us.com/tos-useast5-avt-0068-tx/7351060691383484459~tplv-tiktokx-cropcenter:100:100.jpeg?dr=9640&refresh_token=d855fec3&x-expires=1748563200&x-signature=mljjEOAE%2F1CtMH3pBD2iVqD%2FIQw%3D&t=4d5b0474&ps=13740610&shp=a5d48078&shcp=b59d6b55&idc=useast5,f,f,"[""fyp"",""fish"",""fishing"",""fishtok"",""fishingtips"",""amazing""]",7.215992778239528e+18,original sound,,Huntingfishes,41.0,t,https://v16m.tiktokcdn-us.com/422d876856cf7399c13fb53913a49da6/68023931/video/tos/useast5/tos-useast5-v-27dcd7-tx/deddf1fb1899422eb81a7dcb913a300e/?a=1233&bti=NDU3ZjAwOg%3D%3D&ch=0&cr=0&dr=0&er=2&cd=0%7C0%7C0%7C0&br=250&bt=125&ds=5&ft=GSDrKInz7ThGM9oKXq8Zmo&mime_type=audio_mpeg&qs=13&rc=anhyaWQ6Zmo4ajMzZzU8NEBpanhyaWQ6Zmo4ajMzZzU8NEBibV5wcjRvamZgLS1kMS9zYSNibV5wcjRvamZgLS1kMS9zcw%3D%3D&vvpl=1&l=2025041805353646839F51FE91C5106539&btag=e00048000&download=true,https://tiktok.com/@/video/7215992782366739755,265452859,"The main subject in this image is a person taking a selfie with their phone. They are indoors, in front of a mirror which reflects their face and the backdrop. The person is holding up their phone to capture the photo, which includes both their reflection and the background behind them."
7218887158298365226,2025-03-20 04:18:30.165017+01,1680778211,#respect #amazing #fyp ,0,t,0.0,f,0,f,t,f,f,t,,0,t,10070.0,2025-06-10 21:12:46.608845+02,288008,6148,6519305,196997967,25493,59.21,60,"{"""",https://p19-pu-sign-useast8.tiktokcdn-us.com/tos-useast5-p-0068-tx/5ae3aead26c6452e858384f7c7cb5feb_1680778212~tplv-photomode-tiktok-play.jpeg?lk3s=b59d6b55&x-expires=1745010000&x-signature=YUoNVw24OppnQZAnl%2B2yzdhVa2g%3D&shp=b59d6b55&shcp=-,https://p19-pu-sign-useast8.tiktokcdn-us.com/tos-useast5-p-0068-tx/5ae3aead26c6452e858384f7c7cb5feb_1680778212~tplv-photomode-share-play.jpeg?lk3s=b59d6b55&x-expires=1745010000&x-signature=OBijbkYWf%2FySEcocmzRhU8xQ1wU%3D&shp=b59d6b55&shcp=-}",20442395496210242,Riverside Park,"New York, United States",New York,5128581.0,6252001,Outdoors and Traveling,New York,New York,08a2a5,Park,Outdoors and Traveling,Other Park,7144696131969041454,https://p19-pu-sign-useast8.tiktokcdn-us.com/tos-useast5-avt-0068-tx/edf86f61e2eaca9145105bfb514e4ea3~tplv-tiktokx-cropcenter:1080:1080.jpeg?dr=9640&refresh_token=3c2b5d1a&x-expires=1750183200&x-signature=RAKCWvVsXsZC1jsspCKdqohlGGY%3D&t=4d5b0474&ps=13740610&shp=a5d48078&shcp=b59d6b55&idc=useast5,https://p19-pu-sign-useast8.tiktokcdn-us.com/tos-useast5-avt-0068-tx/edf86f61e2eaca9145105bfb514e4ea3~tplv-tiktokx-cropcenter:720:720.jpeg?dr=9640&refresh_token=5448c40f&x-expires=1750183200&x-signature=Y9vtV5F%2BmaB9CYVHRd2sPXxzOhg%3D&t=4d5b0474&ps=13740610&shp=a5d48078&shcp=b59d6b55&idc=useast5,https://p16-pu-sign-useast8.tiktokcdn-us.com/tos-useast5-avt-0068-tx/edf86f61e2eaca9145105bfb514e4ea3~tplv-tiktokx-cropcenter:100:100.jpeg?dr=9640&refresh_token=ad6a6aa7&x-expires=1750183200&x-signature=tUZ%2Frw7dL0zKXybXE1F1wYOxzL8%3D&t=4d5b0474&ps=13740610&shp=a5d48078&shcp=b59d6b55&idc=useast5,f,f,"[""respect"",""amazing"",""fyp""]",6.728562975734516e+18,Love You So,Love You So,The King Khan & BBQ Show,60.0,f,https://sf19.tiktokcdn-us.com/obj/tos-alisg-ve-2774/6a790bec1bf640c185753440ca131a7e,https://tiktok.com/@/video/7218887158298365226,262191017,Video download failed
7445703190089043230,2025-03-07 23:37:36.593593+01,1733587885,These were incredible #artbasel #miami ,0,f,0.0,f,0,f,t,f,f,t,,0,f,10036.0,2025-06-11 10:01:55.35143+02,843528,75873,14386598,118203493,2367420,70.19,24,"{"""",https://p19-sign.tiktokcdn-us.com/tos-useast8-p-0068-tx2/oINVDfyxEE9VQ15zEBnAFBcoQfRHAr506E7rHb~tplv-photomode-tiktok-play.jpeg?lk3s=b59d6b55&x-expires=1742284800&x-signature=7HjPAYJpcANvC9alduyd9MI0wCU%3D&shp=b59d6b55&shcp=-,https://p16-sign.tiktokcdn-us.com/tos-useast8-p-0068-tx2/oINVDfyxEE9VQ15zEBnAFBcoQfRHAr506E7rHb~tplv-photomode-share-play.jpeg?lk3s=b59d6b55&x-expires=1742284800&x-signature=lHNz1WKr79M28qyIY7bMVRkmIac%3D&shp=b59d6b55&shcp=-}",21568226288599955,Miami Beach - South Beach,"Miami Beach, FL 33139, United States",Miami Beach,4164143.0,6252001,Outdoors and Traveling,Miami Beach,Miami Beach,08a1a0,Natural Attraction,Outdoors and Traveling,Beach,7194574098902336558,https://p16-pu-sign-useast8.tiktokcdn-us.com/tos-useast8-avt-0068-tx2/c38870e6b4fc4dd9e9e2f006ad19b5a6~tplv-tiktokx-cropcenter:1080:1080.jpeg?dr=9640&refresh_token=adc74a95&x-expires=1750251600&x-signature=gPn0QDUKVVhUmiulRHgn1it%2BX60%3D&t=4d5b0474&ps=13740610&shp=a5d48078&shcp=b59d6b55&idc=useast8,https://p16-pu-sign-useast8.tiktokcdn-us.com/tos-useast8-avt-0068-tx2/c38870e6b4fc4dd9e9e2f006ad19b5a6~tplv-tiktokx-cropcenter:720:720.jpeg?dr=9640&refresh_token=e75547c4&x-expires=1750251600&x-signature=pNBEmNbmUn5pSkORVfGHPulg2Gg%3D&t=4d5b0474&ps=13740610&shp=a5d48078&shcp=b59d6b55&idc=useast8,https://p19-pu-sign-useast8.tiktokcdn-us.com/tos-useast8-avt-0068-tx2/c38870e6b4fc4dd9e9e2f006ad19b5a6~tplv-tiktokx-cropcenter:100:100.jpeg?dr=9640&refresh_token=614298dc&x-expires=1750251600&x-signature=FGRT%2FDuo0nDKNPs2JLW4pDlKDXo%3D&t=4d5b0474&ps=13740610&shp=a5d48078&shcp=b59d6b55&idc=useast8,f,f,"[""artbasel"",""miami""]",7.445703155918081e+18,original sound,,Gabrielle,24.0,t,https://v77.tiktokcdn.com/ba3e2164379f91955032acf5b076e7d7/67d14b2e/video/tos/maliva/tos-maliva-v-27dcd7c799-us/okZUvAAu7EA1SBVBIBilziBAECcMlsyRRC2wA/?a=1233&bti=NDU3ZjAwOg%3D%3D&ch=0&cr=0&dr=0&er=2&cd=0%7C0%7C0%7C0&br=250&bt=125&ds=5&ft=.NpOcInz7Th5GUOOXq8Zmo&mime_type=audio_mpeg&qs=13&rc=M2g5NnA5cmY6dzMzaTU8NEBpM2g5NnA5cmY6dzMzaTU8NEBsXy02MmRrNF5gLS1kMTJzYSNsXy02MmRrNF5gLS1kMTJzcw%3D%3D&vvpl=1&l=2025031108513387B02560071380025CFB&btag=e00078000&cc=13&download=true,https://tiktok.com/@/video/7445703190089043230,262069473,"- The main subject of the TikTok video is a person sitting on a bench, eating food.
- The setting appears to be an outdoor area with benches for seating.
- Notable objects in the image include the bench and the food the person is eating, which includes what looks like bread and vegetables."
7367500435650907397,2025-04-24 02:15:43.598465+02,1715379874,"A baby deer was adopted by this family after being rescued, but... #venado #pet #animal #ciervo #deer #pets #sad #animals #emotional ",0,t,0.0,f,0,f,t,f,f,t,,0,t,10021.0,2025-04-27 13:58:16.842869+02,1006412,51748,13605310,125627791,522736,59.47,61,"{"""",https://p16-sign-va.tiktokcdn.com/tos-maliva-p-0068/89184cf24aa94cc495538ff59a4c007e_1715379878~tplv-photomode-tiktok-play.jpeg?lk3s=b59d6b55&x-expires=1746057600&x-signature=lxfeMxBo9e8GFJOnXzwvAUpXHik%3D&shp=b59d6b55&shcp=-,https://p16-sign-va.tiktokcdn.com/tos-maliva-p-0068/89184cf24aa94cc495538ff59a4c007e_1715379878~tplv-photomode-share-play.jpeg?lk3s=b59d6b55&x-expires=1746057600&x-signature=i7bShfw9ZHWNu0sJQEQufszwRic%3D&shp=b59d6b55&shcp=-}",22535865204964834,Washington,"District of Columbia, United States",,116000940.0,6252001,Place and Address,,,19a3a3,Places,Place and Address,Province,7285900916195066886,https://p77-sign-va.tiktokcdn.com/tos-maliva-avt-0068/a5cf18eeaf8f352083576cb40801636c~tplv-tiktokx-cropcenter:1080:1080.jpeg?dr=14579&refresh_token=af9c8145&x-expires=1749834000&x-signature=O%2Fr2k18vAjumusfMFyirCTus7OE%3D&t=4d5b0474&ps=13740610&shp=a5d48078&shcp=b59d6b55&idc=maliva,https://p16-sign-va.tiktokcdn.com/tos-maliva-avt-0068/a5cf18eeaf8f352083576cb40801636c~tplv-tiktokx-cropcenter:720:720.jpeg?dr=14579&refresh_token=0c4f2f12&x-expires=1749834000&x-signature=BQKrOGBpl1%2BYPGpUwaT4OLIBzsE%3D&t=4d5b0474&ps=13740610&shp=a5d48078&shcp=b59d6b55&idc=maliva,https://p77-sign-va.tiktokcdn.com/tos-maliva-avt-0068/a5cf18eeaf8f352083576cb40801636c~tplv-tiktokx-cropcenter:100:100.jpeg?dr=14579&refresh_token=17f8df32&x-expires=1749834000&x-signature=qa8snHhw1xaOCYtcHtuwAkILFCQ%3D&t=4d5b0474&ps=13740610&shp=a5d48078&shcp=b59d6b55&idc=maliva,f,f,"[""venado"",""pet"",""animal"",""ciervo"",""deer"",""pets"",""sad"",""animals"",""emotional""]",7.043672073613937e+18,snowfall,snowfall,Øneheart & reidenshi,60.0,f,https://sf16.tiktokcdn-us.com/obj/tos-alisg-ve-2774/oUsTBKbnQQmwZgjt4Zzen7ADYBfCpDPM8dr4og,https://tiktok.com/@/video/7367500435650907397,261680891,"The image is a screenshot from a TikTok video showing a person standing on one leg, with their arms outstretched as if they are performing a balancing act or attempting to catch something. They appear to be in an indoor environment, possibly a room with a mirror reflecting the scene."
7282005993037319466,2025-03-20 10:54:16.353501+01,1695474159,penguin encounter at the St Louis Zoo 10/10 .. pls ignore my voice🥲 #penguin #stlouis #stlouiszoo ,0,f,0.0,f,3,f,t,f,f,t,,0,f,10021.0,2025-06-13 02:26:36.500108+02,1066958,0,15115917,107056447,752325,65.64,19,"{"""",https://p16-pu-sign-useast8.tiktokcdn-us.com/tos-useast5-p-0068-tx/900c0b6912dd44c2a1ddc2c00aef28f9_1695474160~tplv-photomode-tiktok-play.jpeg?lk3s=b59d6b55&x-expires=1744945200&x-signature=KHIy63KVmsdyayyLmUmiZPeXuw0%3D&shp=b59d6b55&shcp=-,https://p16-pu-sign-useast8.tiktokcdn-us.com/tos-useast5-p-0068-tx/900c0b6912dd44c2a1ddc2c00aef28f9_1695474160~tplv-photomode-share-play.jpeg?lk3s=b59d6b55&x-expires=1744945200&x-signature=xUrkzJhhEezsqIOFvEXJS2glMWo%3D&shp=b59d6b55&shcp=-}",22535865202512263,St. Louis,"Missouri, United States",,4407066.0,6252001,Place and Address,,,19a3a0,Places,Place and Address,City,6676540531894764549,https://p16-sign-va.tiktokcdn.com/tos-maliva-avt-0068/b56f0c6c8ae5e7c772edd9e6bfb14c45~tplv-tiktokx-cropcenter:1080:1080.jpeg?dr=14579&refresh_token=1cbb2614&x-expires=1749945600&x-signature=vM%2BjqA5l9uJ6kECCCaP1ER9tKsY%3D&t=4d5b0474&ps=13740610&shp=a5d48078&shcp=b59d6b55&idc=maliva,https://p16-sign-va.tiktokcdn.com/tos-maliva-avt-0068/b56f0c6c8ae5e7c772edd9e6bfb14c45~tplv-tiktokx-cropcenter:720:720.jpeg?dr=14579&refresh_token=a2864d91&x-expires=1749945600&x-signature=A047DkmfGfTb7iVPNDn3g4oDSnU%3D&t=4d5b0474&ps=13740610&shp=a5d48078&shcp=b59d6b55&idc=maliva,https://p16-sign-va.tiktokcdn.com/tos-maliva-avt-0068/b56f0c6c8ae5e7c772edd9e6bfb14c45~tplv-tiktokx-cropcenter:100:100.jpeg?dr=14579&refresh_token=d1873a36&x-expires=1749945600&x-signature=CsiQmSXFVLMVpVAi0cx3TnKl0G0%3D&t=4d5b0474&ps=13740610&shp=a5d48078&shcp=b59d6b55&idc=maliva,f,f,"[""penguin"",""stlouis"",""stlouiszoo""]",7.282006048452382e+18,original sound,,✘kaylee✘,19.0,t,https://v16m.tiktokcdn-us.com/67d3d6530bdd5a4c38030b2560759780/67f8dc8e/video/tos/useast5/tos-useast5-v-27dcd7-tx/oobehuwSDBD8PlQQAQQAQACKkxHg8leknUJ7DA/?a=1233&bti=NDU3ZjAwOg%3D%3D&ch=0&cr=0&dr=0&er=2&cd=0%7C0%7C0%7C0&br=250&bt=125&ds=5&ft=GSDrKInz7ThDf..OXq8Zmo&mime_type=audio_mpeg&qs=13&rc=MzxpOTc6ZnZobjMzZzU8NEBpMzxpOTc6ZnZobjMzZzU8NEAvNTUzcjQwMDRgLS1kMS9zYSMvNTUzcjQwMDRgLS1kMS9zcw%3D%3D&vvpl=1&l=202504110310198FCA64227EB74A26A725&btag=e00078000&download=true,https://tiktok.com/@/video/7282005993037319466,258215617,Video download failed
7360674149561584942,2025-03-07 20:48:57.789894+01,1713790564,We LOVE our Maggie😊😊😊 @maggiethelab_smiles  #pawmspetresort #pawmshuntsville #pawms #dogsoftiktok #dogtok #dogboarding #petresortlife #dogsofhuntsville #huntsvillealabama ,0,f,0.0,f,0,f,t,f,f,t,7.366425823987092e+18,0,f,10019.0,2025-06-17 15:21:19.758582+02,1065580,61032,16877674,87897039,1772285,61.7,12,"{"""",https://p19-pu-sign-useast8.tiktokcdn-us.com/tos-useast5-p-0068-tx/57b3dd2f2c4d4594a6406147fd8c769c_1713790566~tplv-photomode-tiktok-play.jpeg?lk3s=b59d6b55&x-expires=1744999200&x-signature=hPQ0iWTVUhAx%2B6vA4eszgr5aefw%3D&shp=b59d6b55&shcp=-,https://p19-pu-sign-useast8.tiktokcdn-us.com/tos-useast5-p-0068-tx/57b3dd2f2c4d4594a6406147fd8c769c_1713790566~tplv-photomode-share-play.jpeg?lk3s=b59d6b55&x-expires=1744999200&x-signature=LkjZMo4L2WwkLd%2BMpaCqzD5cvZM%3D&shp=b59d6b55&shcp=-}",21568226327138943,The Pawms Pet Resort - Huntsville,"2518 Hall Ave NW, Huntsville, AL 35805, USA",Huntsville,4068590.0,6252001,Other,Huntsville,Huntsville,99a0a0,Other,Other,,7276842624101712938,https://p19-sign.tiktokcdn-us.com/tos-useast5-avt-0068-tx/42d0830b912dec164a83a7ad59e5a7a3~tplv-tiktokx-cropcenter:1080:1080.jpeg?dr=9640&refresh_token=88c0bf2d&x-expires=1750334400&x-signature=KyPlOsINZHt%2FQNfCj8AP2Fojpww%3D&t=4d5b0474&ps=13740610&shp=a5d48078&shcp=b59d6b55&idc=useast5,https://p19-sign.tiktokcdn-us.com/tos-useast5-avt-0068-tx/42d0830b912dec164a83a7ad59e5a7a3~tplv-tiktokx-cropcenter:720:720.jpeg?dr=9640&refresh_token=9e0cd58e&x-expires=1750334400&x-signature=iP2PHaFslc0rmfNw7gD3S%2BB6GDE%3D&t=4d5b0474&ps=13740610&shp=a5d48078&shcp=f20df69d&idc=useast5,https://p16-sign.tiktokcdn-us.com/tos-useast5-avt-0068-tx/42d0830b912dec164a83a7ad59e5a7a3~tplv-tiktokx-cropcenter:100:100.jpeg?dr=9640&refresh_token=6e8c6875&x-expires=1750334400&x-signature=gBTvE1kIFFcfVzRTRXqw%2FnI0cC4%3D&t=4d5b0474&ps=13740610&shp=a5d48078&shcp=f20df69d&idc=useast5,f,f,"[""pawmspetresort"",""pawmshuntsville"",""pawms"",""dogsoftiktok"",""dogtok"",""dogboarding"",""petresortlife"",""dogsofhuntsville"",""huntsvillealabama"",""yearontiktok""]",7.360674395745947e+18,original sound,,pawms_huntsville,12.0,t,https://v19.tiktokcdn-us.com/c31a2327b5347194660816486f1a61e5/67f9af9d/video/tos/useast5/tos-useast5-v-27dcd7-tx/o0nEwnEEuZAXB3zGdiyyKriAmBwmfUB1EAA8Ap/?a=1233&bti=NDU3ZjAwOg%3D%3D&ch=0&cr=0&dr=0&er=2&cd=0%7C0%7C0%7C0&br=250&bt=125&ds=5&ft=GSDrKInz7Th37k.OXq8Zmo&mime_type=audio_mpeg&qs=13&rc=M285Omo5cnM4cjMzZzU8NEBpM285Omo5cnM4cjMzZzU8NEAwY19rMmRjcGdgLS1kMS9zYSMwY19rMmRjcGdgLS1kMS9zcw%3D%3D&vvpl=1&l=2025041118105656141E15A4AB480B5300&btag=e00070000&download=true,https://tiktok.com/@/video/7360674149561584942,256673779,"- Main subject: A person
- Setting: Outside, possibly in a park
- Notable objects or actions: The person is playing with a frisbee and a dog is running towards them"
7181192808219397419,2025-04-27 07:49:57.503819+02,1672001756,#christmas #babiesoftiktok #dadsoftiktok ,0,t,0.0,f,0,f,t,f,f,t,,0,t,10017.0,2025-04-27 07:50:01.237799+02,1568210,82677,17521565,79820533,1652774,55.89,14,"{"""",https://p16-pu-sign-useast8.tiktokcdn-us.com/tos-useast5-p-0068-tx/97d817895f3f4f1f926cf54cabb4700a_1672001757~tplv-photomode-tiktok-play.jpeg?lk3s=b59d6b55&x-expires=1746334800&x-signature=H8E0nehyDQABkH2nmXINWfvcSD8%3D&shp=b59d6b55&shcp=-,https://p19-pu-sign-useast8.tiktokcdn-us.com/tos-useast5-p-0068-tx/97d817895f3f4f1f926cf54cabb4700a_1672001757~tplv-photomode-share-play.jpeg?lk3s=b59d6b55&x-expires=1746334800&x-signature=YDcgEzns6qE5rjXcA1cI18IFLxU%3D&shp=b59d6b55&shcp=-}",22535865206966264,Dallas,"Texas, United States",,4684904.0,6252001,Place and Address,,,19a3a0,Places,Place and Address,City,7075070626490303530,https://p19-pu-sign-useast8.tiktokcdn-us.com/tos-useast5-avt-0068-tx/a071e3fd0906bf5e333e7d36658d8492~tplv-tiktokx-cropcenter:1080:1080.jpeg?dr=9640&refresh_token=2b2217bf&x-expires=1745902800&x-signature=bKB%2FNucRbp%2FWrap1L%2FtXv79qxAE%3D&t=4d5b0474&ps=13740610&shp=a5d48078&shcp=b59d6b55&idc=useast5,https://p19-pu-sign-useast8.tiktokcdn-us.com/tos-useast5-avt-0068-tx/a071e3fd0906bf5e333e7d36658d8492~tplv-tiktokx-cropcenter:720:720.jpeg?dr=9640&refresh_token=1d5980e9&x-expires=1745902800&x-signature=nzDdlC2E8Wv6BJfawTbBIT80elQ%3D&t=4d5b0474&ps=13740610&shp=a5d48078&shcp=b59d6b55&idc=useast5,https://p19-pu-sign-useast8.tiktokcdn-us.com/tos-useast5-avt-0068-tx/a071e3fd0906bf5e333e7d36658d8492~tplv-tiktokx-cropcenter:100:100.jpeg?dr=9640&refresh_token=a2c985c1&x-expires=1745902800&x-signature=uJqDgkByWk7AwK7hI%2FcxMP0VhCY%3D&t=4d5b0474&ps=13740610&shp=a5d48078&shcp=b59d6b55&idc=useast5,f,f,"[""christmas"",""babiesoftiktok"",""dadsoftiktok""]",7.181192780746903e+18,original sound,,Lyle Kennard,14.0,t,https://v16m.tiktokcdn-us.com/6ffa637cfe69c4fd6e0ae3e9d1179c46/680e19cf/video/tos/useast5/tos-useast5-v-27dcd7-tx/58d3cbc2b81c4c558be9738fe7fb47f0/?a=1233&bti=NDU3ZjAwOg%3D%3D&ch=0&cr=0&dr=0&er=2&cd=0%7C0%7C0%7C0&br=250&bt=125&ds=5&ft=GSDrKInz7ThO4ZEKXq8Zmo&mime_type=audio_mpeg&qs=13&rc=anVzZTk6ZnFlaDMzZzU8NEBpanVzZTk6ZnFlaDMzZzU8NEBtaV4xcjRfZWhgLS1kMS9zYSNtaV4xcjRfZWhgLS1kMS9zcw%3D%3D&vvpl=1&l=20250427054920AB5B1A4BE1DECF082714&btag=e00078000&download=true,https://tiktok.com/@/video/7181192808219397419,255036183,"The main subject of the TikTok video is a person who appears to be filming or taking a photo of themselves in front of a mirror. The setting is an indoor environment, possibly a room in a home or a restroom. There are no notable objects or actions besides the individual capturing their own image."
7269604372311559467,2025-03-08 02:04:38.422899+01,1692586678,Sunday cleaning with my mom and hurricane Hilary 🤦🏻‍♀️🪣🧽🧹#hurricanehilary #mexicantiktok ,0,f,0.0,f,0,f,t,f,f,t,,0,f,10018.0,2025-06-16 07:06:07.587584+02,734876,60059,13117920,121785342,1006722,63.77,17,"{"""",https://p16-pu-sign-useast8.tiktokcdn-us.com/tos-useast5-p-0068-tx/342d2bc039b443c2abe90a431176c6b3_1692586679~tplv-photomode-tiktok-play.jpeg?lk3s=b59d6b55&x-expires=1744974000&x-signature=FekKnfBQBV3cOkfP3xXe5xesEmQ%3D&shp=b59d6b55&shcp=-,https://p16-sign.tiktokcdn-us.com/tos-useast5-p-0068-tx/342d2bc039b443c2abe90a431176c6b3_1692586679~tplv-photomode-share-play.jpeg?lk3s=b59d6b55&x-expires=1744974000&x-signature=Bt3wRz%2B%2B1MnrizDecHLTBKwUa94%3D&shp=b59d6b55&shcp=-}",22535865204695077,San Fernando Valley,"California, United States",Van Nuys,116028492.0,6252001,Other,Van Nuys,Van Nuys,99a0a0,Other,Other,,6741446081610187781,https://p16-sign-va.tiktokcdn.com/tos-maliva-avt-0068/79c7d56d064bcc5c021683f86bc38efd~tplv-tiktokx-cropcenter:1080:1080.jpeg?dr=10399&refresh_token=06fc083c&x-expires=1750222800&x-signature=ztrwD6l1Buo99mcikD5zGTxtQQs%3D&t=4d5b0474&ps=13740610&shp=a5d48078&shcp=b59d6b55&idc=no1a,https://p16-sign-va.tiktokcdn.com/tos-maliva-avt-0068/79c7d56d064bcc5c021683f86bc38efd~tplv-tiktokx-cropcenter:720:720.jpeg?dr=10399&refresh_token=c918d141&x-expires=1750222800&x-signature=Yjbz9DVr8b4kBGBpg8B93ZA1Eoc%3D&t=4d5b0474&ps=13740610&shp=a5d48078&shcp=b59d6b55&idc=no1a,https://p16-sign-va.tiktokcdn.com/tos-maliva-avt-0068/79c7d56d064bcc5c021683f86bc38efd~tplv-tiktokx-cropcenter:100:100.jpeg?dr=10399&refresh_token=9a80bf35&x-expires=1750222800&x-signature=FM2Vv8NN91mexWEoXXvSpoRx1jo%3D&t=4d5b0474&ps=13740610&shp=a5d48078&shcp=b59d6b55&idc=no1a,f,f,"[""hurricanehilary"",""mexicantiktok""]",6.880156461125684e+18,Televisa Presenta,,soucitigrafix,59.0,t,https://v16m.tiktokcdn-us.com/4bbb9516b17c61875ec503750037df64/67f9c869/video/tos/useast5/tos-useast5-v-27dcd7-tx/06ef5ad67b3c4dfa986eec7bacac3a92/?a=1233&bti=NDU3ZjAwOg%3D%3D&ch=0&cr=0&dr=0&er=2&cd=0%7C0%7C0%7C0&br=256&bt=128&ds=5&ft=GSDrKInz7ThHrP.OXq8Zmo&mime_type=audio_mp4&qs=13&rc=anB5cXNmczRtdzMzNjU8M0BpanB5cXNmczRtdzMzNjU8M0AvMGotZnFmaHFfLS02MTZzYSMvMGotZnFmaHFfLS02MTZzcw%3D%3D&vvpl=1&l=20250411195557ADF08623B778C016D5F4&btag=e00048000&download=true,https://tiktok.com/@/video/7269604372311559467,252964542,"In the image, a person is seen wearing sunglasses and holding an umbrella while standing on a sidewalk at nighttime. They are facing away from the camera. The background features a dark street with some indistinct objects. There are no notable actions or objects in this particular frame of the TikTok video."
7440882902730050862,2025-04-15 22:55:43.444868+02,1732465560,#trending #goviral #forupage ,0,t,0.0,f,0,f,t,f,f,t,,0,t,10059.0,2025-06-16 05:27:12.345198+02,832293,58414,14063043,106673323,4738620,53.67,13,"{"""",https://p16-sign.tiktokcdn-us.com/tos-useast5-p-0068-tx/oQ9IBiw6IBzBzGC5IADq7piAJocNUBfa40AmjX~tplv-photomode-tiktok-play.jpeg?lk3s=b59d6b55&x-expires=1745352000&x-signature=MXbQCqvF%2FP4jwMb7R6AZQHmuJuw%3D&shp=b59d6b55&shcp=-,https://p19-sign.tiktokcdn-us.com/tos-useast5-p-0068-tx/oQ9IBiw6IBzBzGC5IADq7piAJocNUBfa40AmjX~tplv-photomode-share-play.jpeg?lk3s=b59d6b55&x-expires=1745352000&x-signature=14wy6GjqIWNLskyOiCb%2F43Fehr4%3D&shp=b59d6b55&shcp=-}",22535865204331232,Delaware,United States,,4143057.0,6252001,Place and Address,,,19a3a3,Places,Place and Address,Province,6556797342023122950,https://p16-sign-va.tiktokcdn.com/tos-maliva-avt-0068/5658fec624eb1584fb6bc747fa9718c6~tplv-tiktokx-cropcenter:1080:1080.jpeg?dr=10399&refresh_token=5790335b&x-expires=1750352400&x-signature=Ta%2FljkTZurXfRclYyRIqGoDjCwc%3D&t=4d5b0474&ps=13740610&shp=a5d48078&shcp=b59d6b55&idc=no1a,https://p16-sign-va.tiktokcdn.com/tos-maliva-avt-0068/5658fec624eb1584fb6bc747fa9718c6~tplv-tiktokx-cropcenter:720:720.jpeg?dr=10399&refresh_token=6c1f3afb&x-expires=1750352400&x-signature=GFlLvfhKai43BPbVGDEN3wsMfxI%3D&t=4d5b0474&ps=13740610&shp=a5d48078&shcp=b59d6b55&idc=no1a,https://p16-sign-va.tiktokcdn.com/tos-maliva-avt-0068/5658fec624eb1584fb6bc747fa9718c6~tplv-tiktokx-cropcenter:100:100.jpeg?dr=10399&refresh_token=13d15695&x-expires=1750352400&x-signature=m8I0B504vVPj1xPXHD2sFrEAU84%3D&t=4d5b0474&ps=13740610&shp=a5d48078&shcp=b59d6b55&idc=no1a,f,f,"[""trending"",""goviral"",""forupage""]",7.440882884673785e+18,original sound,,matthewtiktokfamous,13.0,t,https://v16m.tiktokcdn-us.com/6cc33099c8e2765c0e9b1d17eb2607f7/67d17315/video/tos/useast5/tos-useast5-v-27dcd7-tx/ooAA7NUAgiE5BrADmZB64UvTaC50ANvcli5Eo/?a=1233&bti=NDU3ZjAwOg%3D%3D&ch=0&cr=0&dr=0&er=2&cd=0%7C0%7C0%7C0&br=250&bt=125&ds=5&ft=GSDrKInz7ThGlnKOXq8Zmo&mime_type=audio_mpeg&qs=13&rc=anM1aHM5cjlvdzMzZzU8NEBpanM1aHM5cjlvdzMzZzU8NEAzc2ktMmRrNC5gLS1kMS9zYSMzc2ktMmRrNC5gLS1kMS9zcw%3D%3D&vvpl=1&l=2025031205415964051555ACC22105A924&btag=e00070000&download=true,https://tiktok.com/@/video/7440882902730050862,247303753,"The image shows a person sitting at a desk with a laptop in front of them. The person appears to be looking down, possibly engaged in work or study on the laptop screen. There is no visible text or distinctive background features to provide more context about the setting."
7498540589986663726,2025-04-30 23:40:38.101223+02,1745890043,That moment you have a close encounter with BEARS! 😩 PS..I had no control of how slow it was going. I was not able to speed it up! #gatlinburg #bears #anakeesta #2025 #fypシ ,0,t,0.0,f,0,f,t,f,f,t,,0,t,10021.0,2025-06-17 21:49:27.239389+02,390771,86958,9141415,151328409,1342818,60.1,33,"{"""",https://p16-pu-sign-useast8.tiktokcdn-us.com/tos-useast5-p-0068-tx/osLQ9hsI0rjfCIyIyCLQAKEGAZkRjHFveEII8e~tplv-photomode-tiktok-play.jpeg?lk3s=b59d6b55&x-expires=1746651600&x-signature=TycWpPoHuaPJwOhOm%2F%2F0NwNFQf4%3D&shp=b59d6b55&shcp=-,https://p16-sign.tiktokcdn-us.com/tos-useast5-p-0068-tx/osLQ9hsI0rjfCIyIyCLQAKEGAZkRjHFveEII8e~tplv-photomode-share-play.jpeg?lk3s=b59d6b55&x-expires=1746651600&x-signature=RzKwEiNcYYtg4VoTqAHVqV7tDl4%3D&shp=b59d6b55&shcp=-}",22535796492127932,United Skates of America,"3362 Refugee Rd, Franklin, Ohio 43232, USA",Columbus,4509177.0,6252001,Recreation and Sport,Columbus,Columbus,21a3b9,Sport,Recreation and Sport,Ice Skating Rink,6794219448560976901,https://p16-sign-va.tiktokcdn.com/tos-maliva-avt-0068/e83f23287cfb423d038370ab6d0b5f83~tplv-tiktokx-cropcenter:1080:1080.jpeg?dr=14579&refresh_token=06f8ce76&x-expires=1750359600&x-signature=EFFW0Fmb0k06lDQS1DdeWRlmW%2Fc%3D&t=4d5b0474&ps=13740610&shp=a5d48078&shcp=b59d6b55&idc=maliva,https://p16-sign-va.tiktokcdn.com/tos-maliva-avt-0068/e83f23287cfb423d038370ab6d0b5f83~tplv-tiktokx-cropcenter:720:720.jpeg?dr=14579&refresh_token=6f37a326&x-expires=1750359600&x-signature=uSeZwnapUc4BTdY8A%2FYS95OmM3M%3D&t=4d5b0474&ps=13740610&shp=a5d48078&shcp=b59d6b55&idc=maliva,https://p16-sign-va.tiktokcdn.com/tos-maliva-avt-0068/e83f23287cfb423d038370ab6d0b5f83~tplv-tiktokx-cropcenter:100:100.jpeg?dr=14579&refresh_token=b512aa7d&x-expires=1750359600&x-signature=u01Rrr2vWUl9ZSlnBz9CYyZQ7Z8%3D&t=4d5b0474&ps=13740610&shp=a5d48078&shcp=b59d6b55&idc=maliva,f,f,"[""gatlinburg"",""bears"",""anakeesta"",""2025"",""fyp\u30b7""]",7.49854055374052e+18,original sound,,Annie,33.0,t,https://v16m.tiktokcdn-us.com/5176638f3838d80d8d6a172760d180ab/6812ed33/video/tos/useast5/tos-useast5-v-27dcd7-tx/ookGYA1AIA9AEvLAQ72EyKFemXXTC9oIQEHlff/?a=1233&bti=NDU3ZjAwOg%3D%3D&ch=0&cr=0&dr=0&er=2&cd=0%7C0%7C0%7C0&br=250&bt=125&ds=5&ft=GSDrKInz7ThAoo9KXq8Zmo&mime_type=audio_mpeg&qs=13&rc=M3A4dW85cnk1MzMzZzU8NEBpM3A4dW85cnk1MzMzZzU8NEBgc3NwMmRraTVhLS1kMS9zYSNgc3NwMmRraTVhLS1kMS9zcw%3D%3D&vvpl=1&l=2025043021400138ABB2F4C1951C1D302B&btag=e00048000&download=true,https://tiktok.com/@/video/7498540589986663726,242742559,"The main subject of the TikTok video is a person who appears to be walking outside while holding a phone. The setting seems to be an outdoor environment, possibly on a street or sidewalk. There is no notable objects or actions visible in this particular frame of the video."
7489610198617771310,2025-06-06 08:05:53.665169+02,1743810790,#middlefinger #fingerinthelake #fingerlakes #lmao #inspirational #celinedion #stupid #titanic #triumph #cryptok #healthyboundaries #lovelanguage #wakesurfing #hero #water #love #defiance #thebird #waterfowl #birding ,0,t,0.0,f,0,f,t,f,f,t,7.492130084241821e+18,0,t,,2025-06-09 20:52:51.214347+02,1137388,141782,11973078,121048563,10376480,62.25,9,"{"""",https://p19-pu-sign-useast8.tiktokcdn-us.com/tos-useast5-p-0068-tx/oYsOwAwuNkAgLEIPD4FfHCAzbcSH5fIXj2D1If~tplv-photomode-tiktok-play.jpeg?lk3s=b59d6b55&x-expires=1749794400&x-signature=McMzNF%2F4Oh9lOdgm4zOPAqm2iLs%3D&shp=b59d6b55&shcp=-,https://p19-pu-sign-useast8.tiktokcdn-us.com/tos-useast5-p-0068-tx/oYsOwAwuNkAgLEIPD4FfHCAzbcSH5fIXj2D1If~tplv-photomode-share-play.jpeg?lk3s=b59d6b55&x-expires=1749794400&x-signature=Tj5aiHwqWGkwICI3qVAxl4K3Mz0%3D&shp=b59d6b55&shcp=-}",21568226288236304,"Chicago, Lake Michigan","Chicago, IL, United States",Chicago,4887398.0,6252001,Outdoors and Traveling,Chicago,Chicago,08a1b2,Natural Attraction,Outdoors and Traveling,Lake,6912918040524047366,https://p16-sign-va.tiktokcdn.com/tos-maliva-avt-0068/a1c101fc7cda9b82f00fec4ba5d08bc7~tplv-tiktokx-cropcenter:1080:1080.jpeg?dr=10399&refresh_token=b9c7731f&x-expires=1750312800&x-signature=Bytj5XKBwkZukKqNOQxwL2mhFC0%3D&t=4d5b0474&ps=13740610&shp=a5d48078&shcp=b59d6b55&idc=no1a,https://p16-sign-va.tiktokcdn.com/tos-maliva-avt-0068/a1c101fc7cda9b82f00fec4ba5d08bc7~tplv-tiktokx-cropcenter:720:720.jpeg?dr=10399&refresh_token=8fd6ba20&x-expires=1750312800&x-signature=dWhPG0AFHMgcLgGQidvV5SjRDfo%3D&t=4d5b0474&ps=13740610&shp=a5d48078&shcp=b59d6b55&idc=no1a,https://p16-sign-va.tiktokcdn.com/tos-maliva-avt-0068/a1c101fc7cda9b82f00fec4ba5d08bc7~tplv-tiktokx-cropcenter:100:100.jpeg?dr=10399&refresh_token=8777fb52&x-expires=1750312800&x-signature=QNyXIGUp82fc%2B4FBad63S4s6Cfw%3D&t=4d5b0474&ps=13740610&shp=a5d48078&shcp=b59d6b55&idc=no1a,f,f,[],6.610664419187756e+18,"My Heart Will Go On (Love Theme from ""Titanic"")",All the Way...A Decade of Song,Céline Dion,47.0,f,https://sf16.tiktokcdn-us.com/obj/tos-alisg-ve-2774/b5e0de658d4344c799bdd241bae1857f,https://tiktok.com/@/video/7489610198617771310,240779343,"The main subject of this TikTok video is a person who appears to be dancing. The setting seems to be an indoor environment, possibly a room with furniture. There's also a notable object in the video, which is a pair of sunglasses."
7301751148015258922,2025-03-19 09:29:33.969934+01,1700071439,Places to go and people to meet. 🐈 #fyp #cat #meow ,0,t,0.0,f,0,f,t,f,f,t,7.310943277149179e+18,0,t,10019.0,2025-06-01 00:31:28.44152+02,1140369,74506,12810792,111685449,376671,56.08,70,"{"""",https://p19-sign.tiktokcdn-us.com/tos-useast5-p-0068-tx/06224a3e6f8a41f0a0cf5a3000e87076_1700071440~tplv-photomode-tiktok-play.jpeg?lk3s=b59d6b55&x-expires=1743145200&x-signature=qxdVX4Zp8MV1yBUGk8k0ejFdgtI%3D&shp=b59d6b55&shcp=-,https://p19-sign.tiktokcdn-us.com/tos-useast5-p-0068-tx/06224a3e6f8a41f0a0cf5a3000e87076_1700071440~tplv-photomode-share-play.jpeg?lk3s=b59d6b55&x-expires=1743145200&x-signature=ga2f1S69XUG%2FZH0gRSGm3un6eAk%3D&shp=b59d6b55&shcp=-}",22535865200907089,United States,North America,,4273359.0,6252001,Place and Address,,,19a3a1,Places,Place and Address,Country,6959568192621036549,https://p19-pu-sign-useast8.tiktokcdn-us.com/tos-useast5-avt-0068-tx/7318433223518715946~tplv-tiktokx-cropcenter:1080:1080.jpeg?dr=9640&refresh_token=905ce5b2&x-expires=1750352400&x-signature=Z1Y%2FrTKZHWc%2BLYFDPnLcP7aaHU0%3D&t=4d5b0474&ps=13740610&shp=a5d48078&shcp=b59d6b55&idc=useast5,https://p16-pu-sign-useast8.tiktokcdn-us.com/tos-useast5-avt-0068-tx/7318433223518715946~tplv-tiktokx-cropcenter:720:720.jpeg?dr=9640&refresh_token=0d4037d1&x-expires=1750352400&x-signature=d4vlM03IqJEeL%2FA6VdxiY%2Fppt0w%3D&t=4d5b0474&ps=13740610&shp=a5d48078&shcp=b59d6b55&idc=useast5,https://p16-pu-sign-useast8.tiktokcdn-us.com/tos-useast5-avt-0068-tx/7318433223518715946~tplv-tiktokx-cropcenter:100:100.jpeg?dr=9640&refresh_token=6f64b324&x-expires=1750352400&x-signature=ehAsJcGSGfit8oD8Li9m0dJPXU0%3D&t=4d5b0474&ps=13740610&shp=a5d48078&shcp=b59d6b55&idc=useast5,f,f,"[""fyp"",""cat"",""meow""]",7.301751205365468e+18,original sound,,Mr. Kitters the Cat,70.0,t,https://v16m.tiktokcdn-us.com/8c4c1045eb9e521ef4d1605a5431b9ba/67f94619/video/tos/useast5/tos-useast5-v-27dcd7-tx/oMLgBFERChgUQ0SlJfUBDQSBCEIkIAFqACAVfD/?a=1233&bti=NDU3ZjAwOg%3D%3D&ch=0&cr=0&dr=0&er=2&cd=0%7C0%7C0%7C0&br=250&bt=125&ds=5&ft=GSDrKInz7Th.9K.OXq8Zmo&mime_type=audio_mpeg&qs=13&rc=MzU3O3Q5cjdqbzMzZzU8NEBpMzU3O3Q5cjdqbzMzZzU8NEBpZDI1MmRjZF5gLS1kMS9zYSNpZDI1MmRjZF5gLS1kMS9zcw%3D%3D&vvpl=1&l=20250411103947B1540F9AD5D78B015CCF&btag=e00050000&download=true,https://tiktok.com/@/video/7301751148015258922,239793369,"- The main subject in the image appears to be a person, possibly dancing as there are dance moves visible in their pose.
- The setting is an outdoor environment with greenery around, suggesting that it could be a park or similar open space.
- There are no notable objects or actions other than the person and their surroundings."
7369715264423873838,2025-03-11 12:10:38.408913+01,1715895557,#lookalikecam #lookalike #fyp #uk #usa ,0,f,0.0,f,0,f,t,f,f,t,,0,f,10088.0,2025-06-16 22:18:11.244232+02,532986,34555,11372956,117309083,226697,68.83,60,"{"""",https://p19-sign.tiktokcdn-us.com/tos-useast5-p-0068-tx/7dbf5756716743fdbce3b24d5c9c8ba6_1715895559~tplv-photomode-tiktok-play.jpeg?lk3s=b59d6b55&x-expires=1744880400&x-signature=BQcOhsuJKD1vJ0sLRcyXLFBoEl0%3D&shp=b59d6b55&shcp=-,https://p19-sign.tiktokcdn-us.com/tos-useast5-p-0068-tx/7dbf5756716743fdbce3b24d5c9c8ba6_1715895559~tplv-photomode-share-play.jpeg?lk3s=b59d6b55&x-expires=1744880400&x-signature=goSFl%2FDs1fyzdLayWiCWxI79ItU%3D&shp=b59d6b55&shcp=-}",20442395500433212,Los Angeles California Temple,"10777 Santa Monica Blvd, Los Angeles, CA 90025, United States",Los Angeles,5368361.0,6252001,Outdoors and Traveling,Los Angeles,Los Angeles,08a3a0,Religion,Outdoors and Traveling,Church,7256784798882907182,https://p16-sign-va.tiktokcdn.com/tos-maliva-avt-0068/cc08e0abd8f3c0be496ccea46d17817c~tplv-tiktokx-cropcenter:1080:1080.jpeg?dr=14579&refresh_token=dea01a73&x-expires=1750276800&x-signature=TjOgun3Wt%2BXU1ECHmnsswHGYfgg%3D&t=4d5b0474&ps=13740610&shp=a5d48078&shcp=b59d6b55&idc=maliva,https://p16-sign-va.tiktokcdn.com/tos-maliva-avt-0068/cc08e0abd8f3c0be496ccea46d17817c~tplv-tiktokx-cropcenter:720:720.jpeg?dr=14579&refresh_token=b169f6e5&x-expires=1750276800&x-signature=gbffL19soNvZUhhPLImxgPyB9RE%3D&t=4d5b0474&ps=13740610&shp=a5d48078&shcp=b59d6b55&idc=maliva,https://p16-sign-va.tiktokcdn.com/tos-maliva-avt-0068/cc08e0abd8f3c0be496ccea46d17817c~tplv-tiktokx-cropcenter:100:100.jpeg?dr=14579&refresh_token=46778af0&x-expires=1750276800&x-signature=C%2BbE9lXbR753Rd3HGHFM1cnYTOE%3D&t=4d5b0474&ps=13740610&shp=a5d48078&shcp=b59d6b55&idc=maliva,f,f,"[""lookalikecam"",""lookalike"",""fyp"",""uk"",""usa""]",6.715311993605065e+18,Cheri Cheri Lady,30,Modern Talking,60.0,f,https://sf16.tiktokcdn-us.com/obj/tos-alisg-ve-2774/43c00fe89c74444eab3ca04d877ed793,https://tiktok.com/@/video/7369715264423873838,231038643,"- The main subject is a person making a video on TikTok.
- The setting appears to be indoors, possibly in a room with a mirror.
- The person is holding a phone and recording themselves, likely engaging in a dance or lip sync performance."
7433621269368573214,2025-04-15 09:21:18.071912+02,1730774838,I CANT DO IT IM CRYING,0,t,0.0,f,0,f,t,f,f,t,,0,t,10002.0,2025-06-15 23:28:01.294682+02,1221441,65353,12405925,106504172,4754637,73.74,8,"{"""",https://p19-pu-sign-useast8.tiktokcdn-us.com/tos-useast8-p-0068-tx2/e95703cc62c44093ac4ff075be779a25_1730774841~tplv-photomode-tiktok-play.jpeg?lk3s=b59d6b55&x-expires=1745301600&x-signature=sF19QPPtDDeMBktOhAHHFoOliQA%3D&shp=b59d6b55&shcp=-,https://p16-pu-sign-useast8.tiktokcdn-us.com/tos-useast8-p-0068-tx2/e95703cc62c44093ac4ff075be779a25_1730774841~tplv-photomode-share-play.jpeg?lk3s=b59d6b55&x-expires=1745301600&x-signature=BFI7FHakLBReiMlwEhXd2p%2FdvjY%3D&shp=b59d6b55&shcp=-}",22535865202225336,Missouri,United States,,4406282.0,6252001,Place and Address,,,19a3a3,Places,Place and Address,Province,6974218703039251461,https://p19-pu-sign-useast8.tiktokcdn-us.com/tos-useast8-avt-0068-tx2/fcb3106ba8f1d1b5e729e08cee715e09~tplv-tiktokx-cropcenter:1080:1080.jpeg?dr=9640&refresh_token=3fe95f8a&x-expires=1750194000&x-signature=%2B4zcVAVFt%2BAehdw577SegaRkLIc%3D&t=4d5b0474&ps=13740610&shp=a5d48078&shcp=b59d6b55&idc=useast8,https://p19-pu-sign-useast8.tiktokcdn-us.com/tos-useast8-avt-0068-tx2/fcb3106ba8f1d1b5e729e08cee715e09~tplv-tiktokx-cropcenter:720:720.jpeg?dr=9640&refresh_token=704d829f&x-expires=1750194000&x-signature=z6m1QRPvs2dw6TaklniJJ%2Fa6R3s%3D&t=4d5b0474&ps=13740610&shp=a5d48078&shcp=b59d6b55&idc=useast8,https://p16-pu-sign-useast8.tiktokcdn-us.com/tos-useast8-avt-0068-tx2/fcb3106ba8f1d1b5e729e08cee715e09~tplv-tiktokx-cropcenter:100:100.jpeg?dr=9640&refresh_token=285bdfb5&x-expires=1750194000&x-signature=fHiY6NyjvQEzLKmeNH93hynZuqc%3D&t=4d5b0474&ps=13740610&shp=a5d48078&shcp=b59d6b55&idc=useast8,f,f,[],7.272458005193887e+18,son original,,goofy_vidz,35.0,t,https://v16m.tiktokcdn-us.com/0b1c45be5ad79c8964456a29051d0091/67f9d7c4/video/tos/useast2a/tos-useast2a-v-2370-euttp/o0LWExPJAUTPeDnxDAQen7hvEb94kUDBjAYAsC/?a=1233&bti=NDU3ZjAwOg%3D%3D&ch=0&cr=0&dr=0&er=2&cd=0%7C0%7C0%7C0&br=250&bt=125&ds=5&ft=GSDrKInz7Thleq.OXq8Zmo&mime_type=audio_mpeg&qs=13&rc=ajo2OzM6ZjhpbTMzZjU8M0Bpajo2OzM6ZjhpbTMzZjU8M0BsMHNjcjQwYGpgLS1kMWNzYSNsMHNjcjQwYGpgLS1kMWNzcw%3D%3D&vvpl=1&l=20250411210152827F8680D6C5BE111EF3&btag=e00048000&download=true,https://tiktok.com/@/video/7433621269368573214,230563422,"The main subject in this image appears to be a person walking in front of a red building, with trees visible in the background."
7459598110860299566,2025-03-07 19:20:05.953057+01,1736823037,Teacher is surprised at work by her Soldier son homecoming! 🥰,0,t,0.0,f,0,f,t,f,f,t,,0,t,10018.0,2025-06-01 08:41:35.910066+02,262651,26517,5933950,171160916,48923,74.38,102,"{"""",https://p16-sign.tiktokcdn-us.com/tos-useast5-p-0068-tx/oEza8cEki4n4BFUxv7nQiByPUkYXAIhIgZBT0~tplv-photomode-tiktok-play.jpeg?lk3s=b59d6b55&x-expires=1745006400&x-signature=%2B3OGwJsYxAkytv0t0c63QoyNuh8%3D&shp=b59d6b55&shcp=-,https://p16-pu-sign-useast8.tiktokcdn-us.com/tos-useast5-p-0068-tx/oEza8cEki4n4BFUxv7nQiByPUkYXAIhIgZBT0~tplv-photomode-share-play.jpeg?lk3s=b59d6b55&x-expires=1745006400&x-signature=G2%2FTXb5rPJMfd%2F1wsD4uIQOW1yk%3D&shp=b59d6b55&shcp=-}",21568226289183417,"New York, Manhattan - 5th Avenue","New York, NY, United States",New York,5128581.0,6252001,Outdoors and Traveling,New York,New York,08a4a4,Tourist Attraction,Outdoors and Traveling,Other Attraction,7293559312189654058,https://p16-pu-sign-useast8.tiktokcdn-us.com/tos-useast8-avt-0068-tx2/5983b716771904ed67318e40a23d1f8a~tplv-tiktokx-cropcenter:1080:1080.jpeg?dr=9640&refresh_token=f886f3ac&x-expires=1748930400&x-signature=jOhyDIzc61a081%2FGjfRqySojTig%3D&t=4d5b0474&ps=13740610&shp=a5d48078&shcp=b59d6b55&idc=useast8,https://p16-pu-sign-useast8.tiktokcdn-us.com/tos-useast8-avt-0068-tx2/5983b716771904ed67318e40a23d1f8a~tplv-tiktokx-cropcenter:720:720.jpeg?dr=9640&refresh_token=c825e30c&x-expires=1748930400&x-signature=ydYzDjlhBlFziFppk6orAQlP4qY%3D&t=4d5b0474&ps=13740610&shp=a5d48078&shcp=b59d6b55&idc=useast8,https://p19-pu-sign-useast8.tiktokcdn-us.com/tos-useast8-avt-0068-tx2/5983b716771904ed67318e40a23d1f8a~tplv-tiktokx-cropcenter:100:100.jpeg?dr=9640&refresh_token=94aeb9bb&x-expires=1748930400&x-signature=ZYMgPwGgLRiiTq9y2%2BZnApv9XoM%3D&t=4d5b0474&ps=13740610&shp=a5d48078&shcp=b59d6b55&idc=useast8,f,f,[],7.45959811891333e+18,original sound - mario890z,,mario890z,102.0,t,https://v16m.tiktokcdn-us.com/9146824a776ec30022512574c09139db/67f9cf13/video/tos/useast5/tos-useast5-v-27dcd7-tx/ocwnMeEEACAvAJrYgIFkhoSDBfNctgdEDUBELI/?a=1233&bti=NDU3ZjAwOg%3D%3D&ch=0&cr=0&dr=0&er=2&cd=0%7C0%7C0%7C0&br=250&bt=125&ds=5&ft=GSDrKInz7ThEmP.OXq8Zmo&mime_type=audio_mpeg&qs=13&rc=M2g8NHE5cjN3eDMzZzU8NEBpM2g8NHE5cjN3eDMzZzU8NEA2YWhwMmRjLy9gLS1kMS9zYSM2YWhwMmRjLy9gLS1kMS9zcw%3D%3D&vvpl=1&l=20250411202340574BB3498409A719A862&btag=e00050000&download=true,https://tiktok.com/@/video/7459598110860299566,230500416,"- The main subject of the TikTok video is a person performing an action, possibly dancing or miming a movement with their arm.
- The setting appears to be outdoors, with natural light illuminating the scene.
- There are no notable objects or actions in the image."
7412799208073235742,2025-03-07 22:00:56.754138+01,1725926824,@🦌DEERMAN🦌 i finally got one to let me do it!! #deer #fyp #foryou #michigan #deeroftiktok #whitetail #fyppppppppppppppppppppppp #foryoupage #michigandeerfarmer #fawn #deerfarm #creed ,0,t,0.0,f,0,f,t,f,f,t,7.414272945700228e+18,0,t,10021.0,2025-06-17 00:14:46.268755+02,1251473,41733,14742953,82984222,2574153,66.32,15,"{"""",https://p19-pu-sign-useast8.tiktokcdn-us.com/tos-useast8-p-0068-tx2/3f26024bee4544bb93232e7096626dd2_1725926827~tplv-photomode-tiktok-play.jpeg?lk3s=b59d6b55&x-expires=1745010000&x-signature=4YKs4cejl6dNPHA%2BqrZa2u7UhAM%3D&shp=b59d6b55&shcp=-,https://p16-pu-sign-useast8.tiktokcdn-us.com/tos-useast8-p-0068-tx2/3f26024bee4544bb93232e7096626dd2_1725926827~tplv-photomode-share-play.jpeg?lk3s=b59d6b55&x-expires=1745010000&x-signature=BbVg7FYyMC%2FfqGI0xGdq0wFajbA%3D&shp=b59d6b55&shcp=-}",22535865200907089,United States,North America,,4273359.0,6252001,Place and Address,,,19a3a1,Places,Place and Address,Country,7348052170273178670,https://p19-pu-sign-useast8.tiktokcdn-us.com/tos-useast8-avt-0068-tx2/4e4b2859cf5b3e361563337664300fc0~tplv-tiktokx-cropcenter:1080:1080.jpeg?dr=9640&refresh_token=908024cc&x-expires=1750323600&x-signature=JRhkW%2FHJho4gM3v4eiaJKXR3vg8%3D&t=4d5b0474&ps=13740610&shp=a5d48078&shcp=b59d6b55&idc=useast5,https://p16-pu-sign-useast8.tiktokcdn-us.com/tos-useast8-avt-0068-tx2/4e4b2859cf5b3e361563337664300fc0~tplv-tiktokx-cropcenter:720:720.jpeg?dr=9640&refresh_token=414dff30&x-expires=1750323600&x-signature=BzfzOJ91S8I%2Funi9SJoUVh16%2BfQ%3D&t=4d5b0474&ps=13740610&shp=a5d48078&shcp=b59d6b55&idc=useast5,https://p19-pu-sign-useast8.tiktokcdn-us.com/tos-useast8-avt-0068-tx2/4e4b2859cf5b3e361563337664300fc0~tplv-tiktokx-cropcenter:100:100.jpeg?dr=9640&refresh_token=71048fd9&x-expires=1750323600&x-signature=CUS6zimUdPaA1tZeszPW2zshYQo%3D&t=4d5b0474&ps=13740610&shp=a5d48078&shcp=b59d6b55&idc=useast5,f,f,"[""deer"",""fyp"",""foryou"",""michigan"",""deeroftiktok"",""whitetail"",""fyppppppppppppppppppppppp"",""foryoupage"",""michigandeerfarmer"",""fawn"",""deerfarm"",""creed""]",2.59022830640726e+17,One Last Breath,Greatest Hits,Creed,30.0,f,https://sf16.tiktokcdn-us.com/obj/tos-alisg-ve-2774/1d6c780c8c924b6c99227b3372e2f6b1,https://tiktok.com/@/video/7412799208073235742,230413752,"- The main subject in this TikTok video is a person dancing energetically to music.
- The setting appears to be indoors, possibly a room or a studio.
- Notable objects include the dancer and some lights that are on in the background."
7495980057786141994,2025-04-22 16:35:07.736493+02,1745293912,Al panda animation#foryou #foryou #20m #fyp #fypシ #20m #fypシ #grow #unfreeze #20m ,0,t,0.0,f,0,f,t,f,f,t,,0,t,10052.0,2025-06-17 21:49:27.239389+02,185072,17810,4043020,188252969,453756,70.59,16,"{"""",https://p16-sign.tiktokcdn-us.com/tos-useast5-p-0068-tx/ogBNHlfiCt740idCOM8AAVpOiAIBEIMwIcA4q4~tplv-photomode-tiktok-play.jpeg?lk3s=b59d6b55&x-expires=1745935200&x-signature=pC4HiW2mc3BcugThdRNTIQLOpu8%3D&shp=b59d6b55&shcp=-,https://p16-pu-sign-useast8.tiktokcdn-us.com/tos-useast5-p-0068-tx/ogBNHlfiCt740idCOM8AAVpOiAIBEIMwIcA4q4~tplv-photomode-share-play.jpeg?lk3s=b59d6b55&x-expires=1745935200&x-signature=0%2BOuYuXbysqFMLRJUtwTAV%2Bs9xY%3D&shp=b59d6b55&shcp=-}",22535865200907089,United States,North America,,4273359.0,6252001,Place and Address,,,19a3a1,Places,Place and Address,Country,7482277059122807851,https://p19-sign.tiktokcdn-us.com/tos-useast5-avt-0068-tx/31ce2b570cd8f090d0eaaa85b915f5d3~tplv-tiktokx-cropcenter:1080:1080.jpeg?dr=9640&refresh_token=11437ed5&x-expires=1750359600&x-signature=ErcMFihw2eIvfh2G0APMAipc5h4%3D&t=4d5b0474&ps=13740610&shp=a5d48078&shcp=b59d6b55&idc=useast5,https://p16-sign.tiktokcdn-us.com/tos-useast5-avt-0068-tx/31ce2b570cd8f090d0eaaa85b915f5d3~tplv-tiktokx-cropcenter:720:720.jpeg?dr=9640&refresh_token=5d8a08f3&x-expires=1750359600&x-signature=nHA%2FIqea9QqLcpOKaCuCRTvExfM%3D&t=4d5b0474&ps=13740610&shp=a5d48078&shcp=b59d6b55&idc=useast5,https://p16-sign.tiktokcdn-us.com/tos-useast5-avt-0068-tx/31ce2b570cd8f090d0eaaa85b915f5d3~tplv-tiktokx-cropcenter:100:100.jpeg?dr=9640&refresh_token=e109469e&x-expires=1750359600&x-signature=A7ZQ6L8ATrVnkHyunA1aA%2Bx%2Be14%3D&t=4d5b0474&ps=13740610&shp=a5d48078&shcp=b59d6b55&idc=useast5,f,f,"[""foryou"",""20m"",""fyp"",""fyp\u30b7"",""grow"",""unfreeze""]",7.492658626801454e+18,nhạc nền - QuynhKun,,QuynhKun,19.0,t,https://v16m.tiktokcdn-us.com/b48b9f4eb4febd4b423b03000b348c75/67fc17a6/video/tos/useast5/tos-useast5-v-27dcd7c799-tx/oQu7TWAefEEN4VDsADTPuVCcREDgFoAew0AEl2/?a=1233&bti=NDU3ZjAwOg%3D%3D&ch=0&cr=0&dr=0&er=2&cd=0%7C0%7C0%7C0&br=250&bt=125&ds=5&ft=GSDrKInz7Th.At.OXq8Zmo&mime_type=audio_mpeg&qs=13&rc=M3B3OHU5cm5ueTMzODU8NEBpM3B3OHU5cm5ueTMzODU8NEBicG5gMmRzXnFgLS1kMS1zYSNicG5gMmRzXnFgLS1kMS1zcw%3D%3D&vvpl=1&l=20250413135915A9D027F40DEA208BE44B&btag=e00078000&download=true,https://tiktok.com/@/video/7495980057786141994,228683169,"- The main subject of the TikTok video is a person sitting on a couch in a living room.
- The setting appears to be an indoor residential space, characterized by comfortable furniture and a cozy atmosphere.
- Notable objects in the scene include a remote control, which the person is holding, and a few pillows on the couch. There are also some books visible in the background."
7152960235890642218,2025-03-25 20:43:24.159878+01,1665428347,#marley #rockhopperpenguin #moodygardensaquarium #penguinpainting ,0,f,0.0,f,0,f,t,f,f,t,,0,f,,2025-03-25 20:43:24.233698+01,612767,52886,11663558,110918908,249979,66.61,25,"{"""",https://p16-pu-sign-useast8.tiktokcdn-us.com/tos-useast5-p-0068-tx/09e58c95dbe74c21b81ade97fce7f76a_1665428349~tplv-photomode-tiktok-play.jpeg?lk3s=b59d6b55&x-expires=1743534000&x-signature=aFIyOhfX7lFVXDgYS0mZJQXDDjY%3D&shp=b59d6b55&shcp=-,https://p16-sign.tiktokcdn-us.com/tos-useast5-p-0068-tx/09e58c95dbe74c21b81ade97fce7f76a_1665428349~tplv-photomode-share-play.jpeg?lk3s=b59d6b55&x-expires=1743534000&x-signature=LXJdve3DvtpKTxU8JHaoZ%2FI8D7c%3D&shp=b59d6b55&shcp=-}",21568295377265355,Moody Gardens Aquarium Pyramid,"1 Hope Blvd, Galveston, United States",Galveston,4692883.0,6252001,Outdoors and Traveling,,Galveston,08a5a3,Zoo and Botanical Garden,Outdoors and Traveling,Other Zoo and Botanical Garden,6951523908004791302,https://p16-pu-sign-useast8.tiktokcdn-us.com/tos-useast5-avt-0068-tx/7344085296855646251~tplv-tiktokx-cropcenter:1080:1080.jpeg?dr=9640&refresh_token=01e25cd0&x-expires=1748516400&x-signature=%2BEGX8cShJCXaZC%2FfkWO836tN7xc%3D&t=4d5b0474&ps=13740610&shp=a5d48078&shcp=b59d6b55&idc=useast8,https://p19-pu-sign-useast8.tiktokcdn-us.com/tos-useast5-avt-0068-tx/7344085296855646251~tplv-tiktokx-cropcenter:720:720.jpeg?dr=9640&refresh_token=1f0f8276&x-expires=1748516400&x-signature=5Rc%2F4p%2FGmLnTC6TdM0NsBPoNiyQ%3D&t=4d5b0474&ps=13740610&shp=a5d48078&shcp=b59d6b55&idc=useast8,https://p16-pu-sign-useast8.tiktokcdn-us.com/tos-useast5-avt-0068-tx/7344085296855646251~tplv-tiktokx-cropcenter:100:100.jpeg?dr=9640&refresh_token=fdf55a9e&x-expires=1748516400&x-signature=x6cBxclg7x6TNpYjHIM5d%2Bz2snY%3D&t=4d5b0474&ps=13740610&shp=a5d48078&shcp=b59d6b55&idc=useast8,f,f,"[""marley"",""rockhopperpenguin"",""moodygardensaquarium"",""penguinpainting""]",6.746993352891189e+18,Monkeys Spinning Monkeys,Monkeys Spinning Monkeys,Kevin MacLeod & Kevin The Monkey,60.0,f,https://sf16.tiktokcdn-us.com/obj/tos-alisg-ve-2774/o4QT7M6ZbQkDtoWBEnlgbFDpFdfdCBvqHYfcus,https://tiktok.com/@/video/7152960235890642218,227554488,"The main subject in this TikTok video is a person performing a dance move. They are in front of a mirror, which allows them to see their reflection while dancing. There is no text present in the image, and the focus is on the individual's movement and expression during the performance."
7423616164774923566,2025-03-11 07:48:23.384463+01,1728445336,Just another day in the ER 🙃(Permission to post obtained by owner) #veterinarymedicine #petER #dogsoftiktok #Orbeez ,0,f,0.0,f,0,f,t,f,f,t,7.429905100904943e+18,0,f,10019.0,2025-06-17 19:55:46.400683+02,846327,128011,9432226,131491550,7287160,65.99,18,"{"""",https://p16-sign.tiktokcdn-us.com/tos-useast5-p-0068-tx/567a7c0ff7fc432587318ee35f628515_1728445745~tplv-photomode-tiktok-play.jpeg?lk3s=b59d6b55&x-expires=1744866000&x-signature=M07qVQTu34osD7NwNJcJ1I4pEKU%3D&shp=b59d6b55&shcp=-,https://p19-sign.tiktokcdn-us.com/tos-useast5-p-0068-tx/567a7c0ff7fc432587318ee35f628515_1728445745~tplv-photomode-share-play.jpeg?lk3s=b59d6b55&x-expires=1744866000&x-signature=9kLwZAbtqS%2BexDsyiuk7Leigy%2B4%3D&shp=b59d6b55&shcp=-}",21568226261274738,Animal Urgent Care,"12520 W 64th Ave, Arvada, CO, United States",Arvada,5412199.0,6252001,Health,Arvada,Arvada,09a4a0,Veterinary Services,Health,Other Veterinary Services,6807963023996781573,https://p16-sign.tiktokcdn-us.com/tos-useast5-avt-0068-tx/6d307e18bcca3945a2be34806e9b44ed~tplv-tiktokx-cropcenter:1080:1080.jpeg?dr=9640&refresh_token=dd95cce9&x-expires=1750348800&x-signature=V39v4pWeg7ZsQd9IlAQnVruksHw%3D&t=4d5b0474&ps=13740610&shp=a5d48078&shcp=b59d6b55&idc=useast8,https://p16-sign.tiktokcdn-us.com/tos-useast5-avt-0068-tx/6d307e18bcca3945a2be34806e9b44ed~tplv-tiktokx-cropcenter:720:720.jpeg?dr=9640&refresh_token=6c80e61f&x-expires=1750348800&x-signature=Syavqz1KlhiQkEEWQsUWW4Mr7Zc%3D&t=4d5b0474&ps=13740610&shp=a5d48078&shcp=b59d6b55&idc=useast8,https://p16-sign.tiktokcdn-us.com/tos-useast5-avt-0068-tx/6d307e18bcca3945a2be34806e9b44ed~tplv-tiktokx-cropcenter:100:100.jpeg?dr=9640&refresh_token=99402b13&x-expires=1750348800&x-signature=z%2B62TDNfH1dH7nn2sygZzUOsBLA%3D&t=4d5b0474&ps=13740610&shp=a5d48078&shcp=b59d6b55&idc=useast8,f,f,"[""veterinarymedicine"",""peter"",""dogsoftiktok"",""orbeez""]",6.817143279088306e+18,[Animals and dishes] Cute BGM,,Sound Owl,88.0,f,https://sf19.tiktokcdn-us.com/obj/tos-alisg-ve-2774/dc290a665d074f47bdd99d65844e3b54,https://tiktok.com/@/video/7423616164774923566,225813810,"- The main subject of the TikTok video is a person who appears to be dancing, as suggested by their posture and body movement in the image.
- There are no clearly identifiable objects or actions taking place in the background that provide any additional context about the setting or environment.
- Notable objects or actions include a chair and a bottle, both of which appear to be stationary items not directly related to the main subject's activity."
7447257266484514078,2025-03-07 20:52:09.330192+01,1733949714,ugly cryer but my favorite angel! i love you so much 🤍 #healingjourney #hawaii ,0,f,0.0,f,3,f,t,f,f,t,,0,f,10018.0,2025-06-17 21:46:25.244303+02,609951,0,13276790,92498799,107924,70.66,24,"{"""",https://p19-pu-sign-useast8.tiktokcdn-us.com/tos-useast8-p-0068-tx2/og8qefReGQKR4zlCAaLEU0G7GFeadKQQIkAgRZ~tplv-photomode-tiktok-play.jpeg?lk3s=b59d6b55&x-expires=1745020800&x-signature=ARA5QbgHvbOsVBYFtX1x6PfeR7w%3D&shp=b59d6b55&shcp=-,https://p19-pu-sign-useast8.tiktokcdn-us.com/tos-useast8-p-0068-tx2/og8qefReGQKR4zlCAaLEU0G7GFeadKQQIkAgRZ~tplv-photomode-share-play.jpeg?lk3s=b59d6b55&x-expires=1745020800&x-signature=pkXXsoCsrnyqTTHvX%2FyqIFG5YXA%3D&shp=b59d6b55&shcp=-}",23661696390077739,O‘ahu,"Hawaii, USA",Honolulu,5856194.0,6252001,Outdoors and Traveling,Honolulu,Honolulu,08a1b0,Natural Attraction,Outdoors and Traveling,Island,1731191,https://p16-sign-va.tiktokcdn.com/tos-maliva-avt-0068/aaf9e691ee8bb0287374b9f5058cfb12~tplv-tiktokx-cropcenter:1080:1080.jpeg?dr=10399&refresh_token=75bf74e2&x-expires=1750330800&x-signature=EKkb%2BteGQfhYczHlv1jduYDFuKg%3D&t=4d5b0474&ps=13740610&shp=a5d48078&shcp=b59d6b55&idc=no1a,https://p16-sign-va.tiktokcdn.com/tos-maliva-avt-0068/aaf9e691ee8bb0287374b9f5058cfb12~tplv-tiktokx-cropcenter:720:720.jpeg?dr=10399&refresh_token=f18b378f&x-expires=1750330800&x-signature=pIEJ8r%2Bfona0DAIbut%2BRitvs8xU%3D&t=4d5b0474&ps=13740610&shp=a5d48078&shcp=b59d6b55&idc=no1a,https://p16-sign-va.tiktokcdn.com/tos-maliva-avt-0068/aaf9e691ee8bb0287374b9f5058cfb12~tplv-tiktokx-cropcenter:100:100.jpeg?dr=10399&refresh_token=362ea57f&x-expires=1750330800&x-signature=kYLBdYrgbl5FhNR7n5P4xRj3M4s%3D&t=4d5b0474&ps=13740610&shp=a5d48078&shcp=b59d6b55&idc=no1a,f,f,"[""HealingJourney"",""hawaii""]",7.414600167079038e+18,Oscar Winning Tears.,My 21st Century Blues,RAYE,24.0,f,https://sf16.tiktokcdn-us.com/obj/tos-alisg-ve-2774/o8mg0GLdOlDo6aVPClFEAZDfanFzCFUMIffLgw,https://tiktok.com/@/video/7447257266484514078,225266699,"The image shows a person with short hair, wearing a white top, standing in front of a mirror. They appear to be looking at themselves or possibly capturing their reflection in the mirror. The environment suggests an indoor setting, possibly a bathroom or bedroom given the presence of the mirror. There is no text present in the image."
7299225652048284961,2025-05-29 16:30:22.675457+02,1699483416,Magic Tricks 😱 😂 ,0,t,0.0,f,0,f,t,f,f,t,,0,t,10006.0,2025-05-29 16:30:24.985818+02,628910,5082,3924080,184731144,41594,61.63,64,"{"""",https://p16-sign-useast2a.tiktokcdn.com/tos-useast2a-p-0037-euttp/oYokPFDbVCDdIQJBd2EQdkBAiA0QQjfpNnf87c~tplv-photomode-tiktok-play.jpeg?lk3s=b59d6b55&x-expires=1749132000&x-signature=rtBM1BpdqSsNDaBtswrfnTcylU4%3D&shp=b59d6b55&shcp=-,https://p16-sign-useast2a.tiktokcdn.com/tos-useast2a-p-0037-euttp/oYokPFDbVCDdIQJBd2EQdkBAiA0QQjfpNnf87c~tplv-photomode-share-play.jpeg?lk3s=b59d6b55&x-expires=1749132000&x-signature=MeYg%2FAIADn84yYGqQBMI3H%2FLxek%3D&shp=b59d6b55&shcp=-}",22535865201205278,New York,United States,,5128581.0,6252001,Place and Address,,,19a3a0,Places,Place and Address,City,7038831718128501765,https://p16-pu-sign-no.tiktokcdn-eu.com/tos-no1a-avt-0068c001-no/c57cd66cc0b90b1f886be61d4a99a97c~tplv-tiktokx-cropcenter:1080:1080.jpeg?dr=10399&refresh_token=985e50bb&x-expires=1750323600&x-signature=keQJEEf4Fa2y29BsydwiSTfAq6Q%3D&t=4d5b0474&ps=13740610&shp=a5d48078&shcp=b59d6b55&idc=no1a,https://p16-pu-sign-no.tiktokcdn-eu.com/tos-no1a-avt-0068c001-no/c57cd66cc0b90b1f886be61d4a99a97c~tplv-tiktokx-cropcenter:720:720.jpeg?dr=10399&refresh_token=9af5fec6&x-expires=1750323600&x-signature=bYYX%2FMoLZq9eaxm%2BVJf3nvse8ns%3D&t=4d5b0474&ps=13740610&shp=a5d48078&shcp=b59d6b55&idc=no1a,https://p16-pu-sign-no.tiktokcdn-eu.com/tos-no1a-avt-0068c001-no/c57cd66cc0b90b1f886be61d4a99a97c~tplv-tiktokx-cropcenter:100:100.jpeg?dr=10399&refresh_token=b2bba215&x-expires=1750323600&x-signature=ZFdGiriRgl%2BII%2BT0ayhDgEaTM%2Fc%3D&t=4d5b0474&ps=13740610&shp=a5d48078&shcp=b59d6b55&idc=no1a,f,f,[],7.361477263264615e+18,som original,,Magic of magic,69.0,t,https://v16m.tiktokcdn-us.com/f190b293066d8f98c41b9f2d7c1ca29e/6800d0b8/video/tos/useast5/tos-useast5-v-27dcd7c799-tx/oAAvJ4laPpBECYUGxAAkti76yAJiOiEZAkvAu/?a=1233&bti=NDU3ZjAwOg%3D%3D&ch=0&cr=0&dr=0&er=2&cd=0%7C0%7C0%7C0&br=250&bt=125&ds=5&ft=GSDrKInz7Th~gloKXq8Zmo&mime_type=audio_mpeg&qs=13&rc=Mzl2ZXQ5cjdtcjMzODU8NEBpMzl2ZXQ5cjdtcjMzODU8NEBtcmFhMmRrZWhgLS1kMS1zYSNtcmFhMmRrZWhgLS1kMS1zcw%3D%3D&vvpl=1&l=2025041703570662F811FFF434E90A25BF&btag=e00050000&download=true,https://tiktok.com/@/video/7299225652048284961,223971944,"The main subject in the image is a person standing indoors, next to an open window. There are no notable objects or actions in the image."
7479884553948007723,2025-03-19 05:56:30.397719+01,1741546369,We are already working and we hope you come for our delicious fruit🥷💚..#LIVEIncentiveProgram #PaidPartnership #LIVEHighlights #losangeles #elninja17_ #mixfrut #ninja ,0,t,0.0,f,0,f,t,f,f,t,,0,t,10040.0,2025-06-11 11:22:16.060128+02,318608,34304,8551781,137487219,308218,68.89,139,"{"""",https://p16-pu-sign-useast8.tiktokcdn-us.com/tos-useast5-p-0068-tx/oo34Z8gBBk7INAPijMGZiPCEKi2249F34BI7U~tplv-photomode-tiktok-play.jpeg?lk3s=b59d6b55&x-expires=1744999200&x-signature=n5%2F0NOspsuLlfM9c3wzf4e%2BU3H0%3D&shp=b59d6b55&shcp=-,https://p16-pu-sign-useast8.tiktokcdn-us.com/tos-useast5-p-0068-tx/oo34Z8gBBk7INAPijMGZiPCEKi2249F34BI7U~tplv-photomode-share-play.jpeg?lk3s=b59d6b55&x-expires=1744999200&x-signature=ef%2F7lsO7thCLocBHg3SzS3D7Hv0%3D&shp=b59d6b55&shcp=-}",21568295348705277,Los Angeles,"Los Angeles, United States",,5368361.0,6252001,Place and Address,,,19a3a0,Places,Place and Address,City,6803719201678590982,https://p19-sign.tiktokcdn-us.com/tos-useast5-avt-0068-tx/8799fe84489653aaa1012fd43612737c~tplv-tiktokx-cropcenter:1080:1080.jpeg?dr=9640&refresh_token=a7d6738a&x-expires=1750366800&x-signature=djPT9sskTMBVzPXzx006RKOea3Y%3D&t=4d5b0474&ps=13740610&shp=a5d48078&shcp=b59d6b55&idc=useast8,https://p16-sign.tiktokcdn-us.com/tos-useast5-avt-0068-tx/8799fe84489653aaa1012fd43612737c~tplv-tiktokx-cropcenter:720:720.jpeg?dr=9640&refresh_token=7d268e88&x-expires=1750366800&x-signature=Y%2F%2BSM%2FxkzWNQ2ybWepKqwWxO9TE%3D&t=4d5b0474&ps=13740610&shp=a5d48078&shcp=b59d6b55&idc=useast8,https://p19-sign.tiktokcdn-us.com/tos-useast5-avt-0068-tx/8799fe84489653aaa1012fd43612737c~tplv-tiktokx-cropcenter:100:100.jpeg?dr=9640&refresh_token=82f0fa7d&x-expires=1750366800&x-signature=glY1wS06Ts%2FHJ61XWUaoPhg8kKA%3D&t=4d5b0474&ps=13740610&shp=a5d48078&shcp=b59d6b55&idc=useast8,f,f,"[""liveincentiveprogram"",""paidpartnership"",""livehighlights"",""losangeles"",""elninja17_"",""mixfrut"",""ninja""]",7.47988464090014e+18,sonido original,,el ninja 🥷☘️🍍,139.0,t,https://v16m.tiktokcdn-us.com/ee54094d09ef894ac75f8b41991f8b1a/67f9b618/video/tos/useast5/tos-useast5-v-27dcd7-tx/oIDl8BAAY9iAME5KCZgUhAqyZNEvK4j434iUZ/?a=1233&bti=NDU3ZjAwOg%3D%3D&ch=0&cr=0&dr=0&er=2&cd=0%7C0%7C0%7C0&br=250&bt=125&ds=5&ft=GSDrKInz7Th0VY.OXq8Zmo&mime_type=audio_mpeg&qs=13&rc=M2xubHM5cjR4eTMzZzU8NEBpM2xubHM5cjR4eTMzZzU8NEBgaWtgMmRrNDNgLS1kMS9zYSNgaWtgMmRrNDNgLS1kMS9zcw%3D%3D&vvpl=1&l=20250411183629028A849D9D14980C780D&btag=e00050000&download=true,https://tiktok.com/@/video/7479884553948007723,223005029,"The main subject of the TikTok video is a person performing a dance move, which appears to be a hip hop or urban dance style. The setting seems to be indoors, with neutral colors in the background, and there are no other notable objects or actions visible in this frame of the video."
7427958859605576990,2025-03-11 06:19:22.059156+01,1729456457,batcat 🦇🐱 #cat #batman #gotham #dc #catsoftiktok ,0,t,0.0,f,0,f,t,f,f,t,,0,t,10019.0,2025-06-17 06:04:39.684766+02,934009,44278,12783029,94915156,2194248,71.82,10,"{"""",https://p19-pu-sign-useast8.tiktokcdn-us.com/tos-useast8-p-0068-tx2/24ce7f9692f44fbd9080f4893132bbbe_1729456460~tplv-photomode-tiktok-play.jpeg?lk3s=b59d6b55&x-expires=1744794000&x-signature=DUYAwKzb6OxdCe73dNbZEDACPrU%3D&shp=b59d6b55&shcp=-,https://p19-pu-sign-useast8.tiktokcdn-us.com/tos-useast8-p-0068-tx2/24ce7f9692f44fbd9080f4893132bbbe_1729456460~tplv-photomode-share-play.jpeg?lk3s=b59d6b55&x-expires=1744794000&x-signature=eQ%2FUj0AqNYadHMiYElxlWPrqptE%3D&shp=b59d6b55&shcp=-}",22535865204352012,San Diego,"California, United States",,5391811.0,6252001,Place and Address,,,19a3a0,Places,Place and Address,City,7117496962870314030,https://p19-pu-sign-useast8.tiktokcdn-us.com/tos-useast8-avt-0068-tx2/4cb4a033feb1e72564cab014d099c7dc~tplv-tiktokx-cropcenter:1080:1080.jpeg?dr=9640&refresh_token=2e228250&x-expires=1750305600&x-signature=lGxEW6J5%2BububndPnY88kmh1UJo%3D&t=4d5b0474&ps=13740610&shp=a5d48078&shcp=b59d6b55&idc=useast8,https://p16-pu-sign-useast8.tiktokcdn-us.com/tos-useast8-avt-0068-tx2/4cb4a033feb1e72564cab014d099c7dc~tplv-tiktokx-cropcenter:720:720.jpeg?dr=9640&refresh_token=7cf92783&x-expires=1750305600&x-signature=xKSwTi6NHD3UzEWEBhHFC40iVA4%3D&t=4d5b0474&ps=13740610&shp=a5d48078&shcp=b59d6b55&idc=useast8,https://p19-pu-sign-useast8.tiktokcdn-us.com/tos-useast8-avt-0068-tx2/4cb4a033feb1e72564cab014d099c7dc~tplv-tiktokx-cropcenter:100:100.jpeg?dr=9640&refresh_token=8bb083b4&x-expires=1750305600&x-signature=beL0zcaLNTvIOdB%2FvpaPEqh997w%3D&t=4d5b0474&ps=13740610&shp=a5d48078&shcp=b59d6b55&idc=useast8,f,f,"[""cat"",""batman"",""gotham"",""dc"",""catsoftiktok""]",7.39997947761235e+18,nhạc nền,,user05778884414,10.0,t,https://v16m.tiktokcdn-us.com/6e39b2f40bbfdccb34850b7d2b7f8ee3/67f9e6d2/video/tos/useast5/tos-useast5-v-27dcd7-tx/ooAqAfayBBCziAnKayiAQmEjWApEt7wwzVEiEB/?a=1233&bti=NDU3ZjAwOg%3D%3D&ch=0&cr=0&dr=0&er=2&cd=0%7C0%7C0%7C0&br=250&bt=125&ds=5&ft=GSDrKInz7ThGjG.OXq8Zmo&mime_type=audio_mpeg&qs=13&rc=anR5dm05cmczdDMzZzU8NEBpanR5dm05cmczdDMzZzU8NEBxLWhqMmRjMW1gLS1kMS9zYSNxLWhqMmRjMW1gLS1kMS9zcw%3D%3D&vvpl=1&l=20250411220631C31E25FB1223A11C1263&btag=e00070000&download=true,https://tiktok.com/@/video/7427958859605576990,222745446,The main subject in this TikTok video is a person dancing energetically on a sidewalk. They are wearing a black shirt and the setting appears to be an urban area during the daytime. There are no notable objects or actions other than the dancing individual.
7419021096952810795,2025-05-24 02:22:55.176482+02,1727375465,Also everyone stay safe in Helene!! #fyp #swfl #river #fail ,0,t,0.0,f,0,f,t,f,f,t,,0,t,10002.0,2025-05-24 02:22:57.244423+02,733063,32337,10972859,112194640,2563618,62.56,5,"{"""",https://p16-pu-sign-useast8.tiktokcdn-us.com/tos-useast5-p-0068-tx/dddd9841084e41a1a32b5817c855feba_1727375466~tplv-photomode-tiktok-play.jpeg?lk3s=b59d6b55&x-expires=1748649600&x-signature=gaHmgTDddyzDYjSsyNne1RFW3iA%3D&shp=b59d6b55&shcp=-,https://p16-sign.tiktokcdn-us.com/tos-useast5-p-0068-tx/dddd9841084e41a1a32b5817c855feba_1727375466~tplv-photomode-share-play.jpeg?lk3s=b59d6b55&x-expires=1748649600&x-signature=9JGoM4Kn95utfDfeMBJJ8SIhJAY%3D&shp=b59d6b55&shcp=-}",22535796523367650,Estero River Outfitters,"20991 S Tamiami Trl, Lee, Florida 33928-2838, USA",Estero,4154568.0,6252001,Shopping,Estero,Estero,06d0a0,Sporting Goods Store,Shopping,Other Sporting Goods Store,7299129826664940586,https://p16-pu-sign-useast8.tiktokcdn-us.com/tos-useast5-avt-0068-tx/3014a36314aba0561ed754dda36914cf~tplv-tiktokx-cropcenter:1080:1080.jpeg?dr=9640&refresh_token=4143ab24&x-expires=1748509200&x-signature=WTXXlX31I0CnDiOyRvk1G1PdPW8%3D&t=4d5b0474&ps=13740610&shp=a5d48078&shcp=b59d6b55&idc=useast5,https://p16-pu-sign-useast8.tiktokcdn-us.com/tos-useast5-avt-0068-tx/3014a36314aba0561ed754dda36914cf~tplv-tiktokx-cropcenter:720:720.jpeg?dr=9640&refresh_token=ee1ccf07&x-expires=1748509200&x-signature=aiP7Zwq%2Bs2fICtKzfhWp%2FjMh8BU%3D&t=4d5b0474&ps=13740610&shp=a5d48078&shcp=b59d6b55&idc=useast5,https://p19-pu-sign-useast8.tiktokcdn-us.com/tos-useast5-avt-0068-tx/3014a36314aba0561ed754dda36914cf~tplv-tiktokx-cropcenter:100:100.jpeg?dr=9640&refresh_token=d54ca61b&x-expires=1748509200&x-signature=kzRqtB04nIJPsckbNmxGQoVCGGc%3D&t=4d5b0474&ps=13740610&shp=a5d48078&shcp=b59d6b55&idc=useast5,f,f,"[""fyp"",""swfl"",""river"",""fail""]",7.225199851047127e+18,Aesthetic Vibes,Aesthetic Vibes,Megacreate,237.0,f,,https://tiktok.com/@/video/7419021096952810795,221923230,"The image shows a person dancing to music, possibly in an indoor setting given the presence of walls. The main action is the individual's dynamic pose and movement, which suggests they are enjoying themselves during the performance."
7335955965029731626,2025-04-11 04:49:40.089751+02,1708035389,level: impossible #megatron #cat #megatroncat #foryou #foryoupage #fyp #meg ,0,t,0.0,f,0,f,t,f,f,t,,0,f,10019.0,2025-06-13 00:43:44.877721+02,858470,76398,13727057,84130338,163596,62.43,15,"{"""",https://p19-pu-sign-useast8.tiktokcdn-us.com/tos-useast5-p-0068-tx/bb68a3274df84d7a868af9ce9e024abc_1708035390~tplv-photomode-tiktok-play.jpeg?lk3s=b59d6b55&x-expires=1744941600&x-signature=tGZiPjV9F10548BGi4Z0%2B9l1xik%3D&shp=b59d6b55&shcp=-,https://p16-pu-sign-useast8.tiktokcdn-us.com/tos-useast5-p-0068-tx/bb68a3274df84d7a868af9ce9e024abc_1708035390~tplv-photomode-share-play.jpeg?lk3s=b59d6b55&x-expires=1744941600&x-signature=H8yZYoGXtTBneElKyeXDTquFjyg%3D&shp=b59d6b55&shcp=-}",22535865208153020,Columbus,"Columbus, United States",,4509177.0,6252001,Place and Address,,,19a3a2,Places,Place and Address,District,6618888201414295557,https://p16-pu-sign-useast8.tiktokcdn-us.com/tos-useast8-avt-0068-tx2/a1ac5c3b8a7e694c32793a33433fff2c~tplv-tiktokx-cropcenter:1080:1080.jpeg?dr=9640&refresh_token=d88358a3&x-expires=1750330800&x-signature=2MFq439sepo0vhW542WOhi2s4PY%3D&t=4d5b0474&ps=13740610&shp=a5d48078&shcp=b59d6b55&idc=useast8,https://p19-pu-sign-useast8.tiktokcdn-us.com/tos-useast8-avt-0068-tx2/a1ac5c3b8a7e694c32793a33433fff2c~tplv-tiktokx-cropcenter:720:720.jpeg?dr=9640&refresh_token=26c017dd&x-expires=1750330800&x-signature=eIvCdnfcLmVNGiG8rC%2FjqbV3Lag%3D&t=4d5b0474&ps=13740610&shp=a5d48078&shcp=b59d6b55&idc=useast8,https://p19-pu-sign-useast8.tiktokcdn-us.com/tos-useast8-avt-0068-tx2/a1ac5c3b8a7e694c32793a33433fff2c~tplv-tiktokx-cropcenter:100:100.jpeg?dr=9640&refresh_token=b4830f74&x-expires=1750330800&x-signature=F5Z1Y%2BP7g5vcfsEdpCSRjFgCfjg%3D&t=4d5b0474&ps=13740610&shp=a5d48078&shcp=b59d6b55&idc=useast8,f,f,"[""megatron"",""cat"",""megatroncat"",""foryou"",""foryoupage"",""fyp"",""meg""]",6.825112212181437e+18,son original,,Micka,59.0,t,https://v19.tiktokcdn-us.com/1c1fd9f4e76465274858f7f20c940ea6/67f9cb3a/video/tos/useast5/tos-useast5-v-27dcd7c799-tx/3c86f667d2884933b3e4971d29c91fd3/?a=1233&bti=NDU3ZjAwOg%3D%3D&ch=0&cr=0&dr=0&er=2&cd=0%7C0%7C0%7C0&br=252&bt=126&ds=5&ft=GSDrKInz7ThIRP.OXq8Zmo&mime_type=audio_mp4&qs=13&rc=MzZ3PGdrdnd0dDMzZzU8M0BpMzZ3PGdrdnd0dDMzZzU8M0A2Lmhuc2Zlam9fLS02MTZzYSM2Lmhuc2Zlam9fLS02MTZzcw%3D%3D&vvpl=1&l=202504112007584DDC6A81B492881A066E&btag=e00050000&download=true,https://tiktok.com/@/video/7335955965029731626,221400908,"- The main subject in the image is a person standing and looking directly at the camera.
- The setting appears to be an outdoor area, possibly during dusk or evening.
- The person is holding something small and round in their right hand."
7477009372623670574,2025-04-14 17:01:23.26431+02,1740876930,@Nomads Lifes #nomad #nomadslifes #villagelifestyle #unitedstates #unitedkingdom #unfreezemyaccount #growmyaccount ,0,t,0.0,f,0,f,t,f,f,t,,0,t,10075.0,2025-06-17 02:49:15.300491+02,266170,59680,3498149,182610180,157694,63.84,64,"{"""",https://p16-sign.tiktokcdn-us.com/tos-useast5-p-0068-tx/oIr4Q4SR6EN6XfDPDjgFmwIjQfrJnxEBqDwiDA~tplv-photomode-tiktok-play.jpeg?lk3s=b59d6b55&x-expires=1745247600&x-signature=xG%2FYN0bGjx2QPwbaT%2BTrAtadU%2BY%3D&shp=b59d6b55&shcp=-,https://p19-sign.tiktokcdn-us.com/tos-useast5-p-0068-tx/oIr4Q4SR6EN6XfDPDjgFmwIjQfrJnxEBqDwiDA~tplv-photomode-share-play.jpeg?lk3s=b59d6b55&x-expires=1745247600&x-signature=MHuAmyhdZU61b8w3675uRymnOVk%3D&shp=b59d6b55&shcp=-}",22535865200907089,United States,North America,,4273359.0,6252001,Place and Address,,,19a3a1,Places,Place and Address,Country,7273742046515790894,https://p19-pu-sign-useast8.tiktokcdn-us.com/tos-useast8-avt-0068-tx2/6d37efbf0a5cd8405a75af128074bff2~tplv-tiktokx-cropcenter:1080:1080.jpeg?dr=9640&refresh_token=2b523d1f&x-expires=1750291200&x-signature=65fGGjq%2FrhzFCjQUU9chMoecv70%3D&t=4d5b0474&ps=13740610&shp=a5d48078&shcp=b59d6b55&idc=useast5,https://p16-pu-sign-useast8.tiktokcdn-us.com/tos-useast8-avt-0068-tx2/6d37efbf0a5cd8405a75af128074bff2~tplv-tiktokx-cropcenter:720:720.jpeg?dr=9640&refresh_token=2b5b00d8&x-expires=1750291200&x-signature=Z6dQnYSQd8SdQAr8vGy%2Bfry%2FsGY%3D&t=4d5b0474&ps=13740610&shp=a5d48078&shcp=b59d6b55&idc=useast5,https://p19-pu-sign-useast8.tiktokcdn-us.com/tos-useast8-avt-0068-tx2/6d37efbf0a5cd8405a75af128074bff2~tplv-tiktokx-cropcenter:100:100.jpeg?dr=9640&refresh_token=f76358e8&x-expires=1750291200&x-signature=46x8xZlUJhJFXWlD0ljssTwRajk%3D&t=4d5b0474&ps=13740610&shp=a5d48078&shcp=b59d6b55&idc=useast5,f,f,"[""nomad"",""nomadslifes"",""villagelifestyle"",""unitedstates"",""unitedkingdom"",""unfreezemyaccount"",""growmyaccount""]",7.473966105149672e+18,original sound,,Nomads Lifes,62.0,t,https://v19.tiktokcdn-us.com/c32c68be708ea40727c988493a10e637/67f7b527/video/tos/useast5/tos-useast5-v-27dcd7-tx/oYsnuADQEDBEAC3bfUCgEnAFGN4p8nfyKs1JS3/?a=1233&bti=NDU3ZjAwOg%3D%3D&ch=0&cr=0&dr=0&er=2&cd=0%7C0%7C0%7C0&br=250&bt=125&ds=5&ft=GSDrKInz7ThvWe3OXq8Zmo&mime_type=audio_mpeg&qs=13&rc=anlmZ3U5cmRneDMzZzU8NEBpanlmZ3U5cmRneDMzZzU8NEBnZGRxMmRjbXBgLS1kMS9zYSNnZGRxMmRjbXBgLS1kMS9zcw%3D%3D&vvpl=1&l=2025041006091211B7C7D5EE823812D920&btag=e00050000&download=true,https://tiktok.com/@/video/7477009372623670574,217591670,Video download failed
7456465661875768618,2025-03-07 19:11:44.669964+01,1736093710,ASMR 🔊 Ballroom Hairstyle Tutorial Final Result In The End Let's give this hairstyle a name ❤️‍🔥 #ballroom #ballroomhair #haircare #asmr #asmrsounds #asmrvideo #hairtok #hairstyle #hairstyles #hairstylist #hairtutorial #slickback #fingerwaves #hairtwist #creatorsearchinsights ,0,t,0.0,f,0,f,t,f,f,t,,0,t,10025.0,2025-06-01 07:10:59.187112+02,539657,64337,7399636,143015690,227264,69.91,167,"{"""",https://p16-sign.tiktokcdn-us.com/tos-useast5-p-0068-tx/oc4OCQeRYAO1Bj9YAIiQeskBRfghTBqiHICh6I~tplv-photomode-tiktok-play.jpeg?lk3s=b59d6b55&x-expires=1745002800&x-signature=LhtpOD0Jey4YBs7sIrqa%2Bnrk6EE%3D&shp=b59d6b55&shcp=-,https://p16-pu-sign-useast8.tiktokcdn-us.com/tos-useast5-p-0068-tx/oc4OCQeRYAO1Bj9YAIiQeskBRfghTBqiHICh6I~tplv-photomode-share-play.jpeg?lk3s=b59d6b55&x-expires=1745002800&x-signature=fwUkrL1%2FS0t1k22WVKwPQ7VDgHA%3D&shp=b59d6b55&shcp=-}",21568226289183417,"New York, Manhattan - 5th Avenue","New York, NY, United States",New York,5128581.0,6252001,Outdoors and Traveling,New York,New York,08a4a4,Tourist Attraction,Outdoors and Traveling,Other Attraction,7320673548138562606,https://p16-sign.tiktokcdn-us.com/tos-useast5-avt-0068-tx/f05aab0335cee9582357b3170dfb0686~tplv-tiktokx-cropcenter:1080:1080.jpeg?dr=9640&refresh_token=f4e49b56&x-expires=1750359600&x-signature=0RM3ctBdhLhcWz%2FqOjKQfiTARfk%3D&t=4d5b0474&ps=13740610&shp=a5d48078&shcp=b59d6b55&idc=useast5,https://p16-sign.tiktokcdn-us.com/tos-useast5-avt-0068-tx/f05aab0335cee9582357b3170dfb0686~tplv-tiktokx-cropcenter:720:720.jpeg?dr=9640&refresh_token=ba070541&x-expires=1750359600&x-signature=H%2BgO13doYU%2BySIm19HmiozKBi5Y%3D&t=4d5b0474&ps=13740610&shp=a5d48078&shcp=b59d6b55&idc=useast5,https://p19-sign.tiktokcdn-us.com/tos-useast5-avt-0068-tx/f05aab0335cee9582357b3170dfb0686~tplv-tiktokx-cropcenter:100:100.jpeg?dr=9640&refresh_token=55d12867&x-expires=1750359600&x-signature=Sy7WjxgTPnIaUvRYaOZm1VpKpEM%3D&t=4d5b0474&ps=13740610&shp=a5d48078&shcp=b59d6b55&idc=useast5,f,f,"[""ballroom"",""ballroomhair"",""haircare"",""asmr"",""asmrsounds"",""asmrvideo"",""hairtok"",""hairstyle"",""hairstyles"",""hairstylist"",""hairtutorial"",""slickback"",""fingerwaves"",""hairtwist"",""creatorsearchinsights""]",7.456465622990638e+18,original sound,,Mariya Usan,167.0,t,https://v16m.tiktokcdn-us.com/130f647921de8768470d82863824f804/67f9c6b6/video/tos/useast5/tos-useast5-v-27dcd7-tx/owHDFCahroeA1BA6EAABEfpRkseoOEEmiHyTAx/?a=1233&bti=NDU3ZjAwOg%3D%3D&ch=0&cr=0&dr=0&er=2&cd=0%7C0%7C0%7C0&br=250&bt=125&ds=5&ft=GSDrKInz7TheDP.OXq8Zmo&mime_type=audio_mpeg&qs=13&rc=am9lc3g5cjdldzMzZzU8NEBpam9lc3g5cjdldzMzZzU8NEBoMmdkMmRjLXFgLS1kMS9zYSNoMmdkMmRjLXFgLS1kMS9zcw%3D%3D&vvpl=1&l=202504111946541A0D07706F29C10E8F6F&btag=e00050000&download=true,https://tiktok.com/@/video/7456465661875768618,217012050,"The image depicts a person, possibly a child, engaged in an outdoor activity on a grassy area during daylight hours. They are wearing casual clothes and appear to be playing or interacting with a toy or object on the ground. The surrounding environment is natural, with trees visible in the background."
7359967654498618667,2025-03-07 23:23:07.772293+01,1713626025,Do you recognize this song? #satisfying #anime #marblemusic ,0,t,0.0,f,0,f,t,f,f,t,,0,t,10046.0,2025-06-12 11:38:47.950986+02,371033,47739,4652122,170226439,112291,70.35,61,"{"""",https://p19-pu-sign-useast8.tiktokcdn-us.com/tos-useast5-p-0068-tx/a7c053fa84c64ebe967feb0ee58f546e_1713626027~tplv-photomode-tiktok-play.jpeg?lk3s=b59d6b55&x-expires=1744923600&x-signature=Sk0Q0R8DkBKfq7%2BazwSyx2jSeHc%3D&shp=b59d6b55&shcp=-,https://p19-pu-sign-useast8.tiktokcdn-us.com/tos-useast5-p-0068-tx/a7c053fa84c64ebe967feb0ee58f546e_1713626027~tplv-photomode-share-play.jpeg?lk3s=b59d6b55&x-expires=1744923600&x-signature=zoPI2wY9%2FGUaERqpGMBIUEV5yRc%3D&shp=b59d6b55&shcp=-}",22535865200907089,United States,North America,,4273359.0,6252001,Place and Address,,,19a3a1,Places,Place and Address,Country,7290754318880572462,https://p19-pu-sign-useast8.tiktokcdn-us.com/tos-useast8-avt-0068-tx2/4288e6de9f43fcda0f5c37d1e3ffb206~tplv-tiktokx-cropcenter:1080:1080.jpeg?dr=9640&refresh_token=db1b45df&x-expires=1749891600&x-signature=Wz2TYJQdeSZq1Cs5ej%2FX%2BNMaV4I%3D&t=4d5b0474&ps=13740610&shp=a5d48078&shcp=b59d6b55&idc=useast8,https://p16-pu-sign-useast8.tiktokcdn-us.com/tos-useast8-avt-0068-tx2/4288e6de9f43fcda0f5c37d1e3ffb206~tplv-tiktokx-cropcenter:720:720.jpeg?dr=9640&refresh_token=910e4222&x-expires=1749891600&x-signature=sSm3ZPrQxMEPQQP2i47x0u2eZaQ%3D&t=4d5b0474&ps=13740610&shp=a5d48078&shcp=b59d6b55&idc=useast8,https://p19-pu-sign-useast8.tiktokcdn-us.com/tos-useast8-avt-0068-tx2/4288e6de9f43fcda0f5c37d1e3ffb206~tplv-tiktokx-cropcenter:100:100.jpeg?dr=9640&refresh_token=66d879af&x-expires=1749891600&x-signature=niv8hFXMHMloK3kYMQ3VoBaBwWQ%3D&t=4d5b0474&ps=13740610&shp=a5d48078&shcp=b59d6b55&idc=useast8,f,f,"[""satisfying"",""anime"",""marblemusic""]",7.359967731287952e+18,原聲,,BlendingMusic,60.0,t,https://v77.tiktokcdn.com/6d2b49426fe377db532126f8e2c7bec4/67fa8c3c/video/tos/maliva/tos-maliva-v-27dcd7c799-us/ocx26AArmADZzHNjB8iig3BWUICJ71AEE0fZSe/?a=1233&bti=NDU3ZjAwOg%3D%3D&ch=0&cr=0&dr=0&er=2&cd=0%7C0%7C0%7C0&br=250&bt=125&ds=5&ft=.NpOcInz7Th8i5.OXq8Zmo&mime_type=audio_mpeg&qs=13&rc=ajpvZnY5cmV3cjMzZzU8NEBpajpvZnY5cmV3cjMzZzU8NEBpZjZuMmRja2VgLS1kMS9zYSNpZjZuMmRja2VgLS1kMS9zcw%3D%3D&vvpl=1&l=202504112351279D5B5953793B55240132&btag=e00050000&cc=13&download=true,https://tiktok.com/@/video/7359967654498618667,216747659,"The image depicts a person in a room, holding an object and interacting with it. There is no text present in the image to provide further context."
7514106209260113198,2025-06-10 16:52:22.720082+02,1749514221,POV: you just caught baby fever again 😩🍼 these little cuties are NOT helping 😭❤️ #momgoals #dadgoals #babyfever #cutebabies #parentgoals #babylove #momandbaby #daddydaughter #funnybaby #babylife #toddlerlife #cutenessoverload #viralbaby #babylaughs #momsoftiktok #dadsoftiktok #babymoments #babycontent #tiktokbaby #parentinghumor #babiesoftiktok #babysnuggles #babycute #babymood #familymoments #relatableparents #viralvideo #babyclips #babysmile #babyreaction #cutekids #sweetmoments ,0,t,0.0,f,0,f,t,f,f,t,,0,t,10017.0,2025-06-17 23:30:46.588378+02,645154,24732,12126320,93182479,1122255,53.47,67,"{"""",https://p19-pu-sign-useast8.tiktokcdn-us.com/tos-useast5-p-0068-tx/o0eIHj7kbQAueSANe97kO8B8iAQTSCMSQQbjgX~tplv-photomode-tiktok-play~tplv-tiktokx-origin.jpeg?dr=9625&x-expires=1750168800&x-signature=9nSF%2BM%2BqDpj9Ct0LnrQE4Q9wd4k%3D&t=4d5b0474&ps=13740610&shp=b59d6b55&shcp=43f4a2f9&idc=useast5,https://p19-pu-sign-useast8.tiktokcdn-us.com/tos-useast5-p-0068-tx/o0eIHj7kbQAueSANe97kO8B8iAQTSCMSQQbjgX~tplv-photomode-share-play.jpeg?lk3s=b59d6b55&x-expires=1750168800&x-signature=gLjwS1Cxxi%2BFPfhlV%2FrgcI1D1aE%3D&shp=b59d6b55&shcp=-}",22535865200907089,United States,North America,,4273359.0,6252001,Place and Address,,,19a3a1,Places,Place and Address,Country,7442508729398953002,https://p16-sign.tiktokcdn-us.com/tos-useast5-avt-0068-tx/e4607ca9f404788fa16abd90c4c8fbd6~tplv-tiktokx-cropcenter:1080:1080.jpeg?dr=9640&refresh_token=a292eb5e&x-expires=1750366800&x-signature=kBWBhpp6aPYrgcg0ccwQnYGGjFg%3D&t=4d5b0474&ps=13740610&shp=a5d48078&shcp=b59d6b55&idc=useast5,https://p19-sign.tiktokcdn-us.com/tos-useast5-avt-0068-tx/e4607ca9f404788fa16abd90c4c8fbd6~tplv-tiktokx-cropcenter:720:720.jpeg?dr=9640&refresh_token=623ec015&x-expires=1750366800&x-signature=Nqjg4mpnypets0ku%2F8RYvTMQ3JY%3D&t=4d5b0474&ps=13740610&shp=a5d48078&shcp=b59d6b55&idc=useast5,https://p19-sign.tiktokcdn-us.com/tos-useast5-avt-0068-tx/e4607ca9f404788fa16abd90c4c8fbd6~tplv-tiktokx-cropcenter:100:100.jpeg?dr=9640&refresh_token=efedce88&x-expires=1750366800&x-signature=XZx5p57xYzkMhI778tzf4m0bOgI%3D&t=4d5b0474&ps=13740610&shp=a5d48078&shcp=b59d6b55&idc=useast5,f,f,"[""momgoals"",""dadgoals"",""babyfever"",""cutebabies"",""parentgoals"",""babylove"",""momandbaby"",""daddydaughter"",""funnybaby"",""babylife"",""toddlerlife"",""cutenessoverload"",""viralbaby"",""babylaughs"",""MomsofTikTok"",""dadsoftiktok"",""babymoments"",""babycontent"",""tiktokbaby"",""parentinghumor"",""babiesoftiktok"",""babysnuggles"",""babycute"",""babymood"",""familymoments"",""relatableparents"",""viralvideo"",""babyclips"",""babysmile"",""babyreaction"",""cutekids"",""sweetmoments""]",7.514106321541598e+18,original sound,,ehfea,67.0,t,https://v19.tiktokcdn-us.com/fdeac5f92e1ec5d74f2643cbf4545f60/68489b36/video/tos/useast5/tos-useast5-v-27dcd7-tx/oQIOIAHAT7MjEJDQhFCOfJdTGf8oyEAAkuufC1/?a=1233&bti=NDU3ZjAwOg%3D%3D&ch=0&cr=0&dr=0&er=2&cd=0%7C0%7C0%7C0&br=250&bt=125&ds=5&ft=GSDrKInz7Th~RQqKXq8Zmo&mime_type=audio_mpeg&qs=13&rc=ajdzZHg5cnZxNDMzZzU8NEBpajdzZHg5cnZxNDMzZzU8NEBlYmA1MmRrYzBhLS1kMS9zYSNlYmA1MmRrYzBhLS1kMS9zcw%3D%3D&vvpl=1&l=202506101452029D983FB963558E053778&btag=e00050000&download=true,https://tiktok.com/@/video/7514106209260113198,214445679,Video download failed
7346991804320959786,2025-03-07 22:10:42.582771+01,1710604865,"everyday with my kids is a great day, some days are just more challenging than others. yesterday was one of those days. one of those days where i had to say no too many times. one of those days where instead of raising my voice i should have shown more patience. where its whatever for lunch and pizza for dinner. one of those days where you see moms on tiktok making everything for their kids from scratch and it just makes you feel so small. i felt like a bad mom. i felt like i could have done more, and i probably could have. but the whole day i was so self critical, and it turns out my baby was just happy as could be. she thinks i’m a good mom. your babies think you’re a good mom/dad too. you’re not alone. i see you. ❤️ #parentsoftiktok #momtok #foryou ",0,t,0.0,f,0,f,t,f,f,t,,0,t,10018.0,2025-06-17 23:50:39.855251+02,983810,79900,14300000,70700000,196000,64.01,25,"{"""",https://p16-pu-sign-useast8.tiktokcdn-us.com/tos-useast5-p-0068-tx/7081f0fc42a34373a3b4714897f37e9d_1710604867~tplv-photomode-tiktok-play.jpeg?lk3s=b59d6b55&x-expires=1745010000&x-signature=U6%2BwG%2F8Z%2FybFpyPzq%2F9RKiWKC7M%3D&shp=b59d6b55&shcp=-,https://p19-pu-sign-useast8.tiktokcdn-us.com/tos-useast5-p-0068-tx/7081f0fc42a34373a3b4714897f37e9d_1710604867~tplv-photomode-share-play.jpeg?lk3s=b59d6b55&x-expires=1745010000&x-signature=Gr1fupn8mdrxFxmTLCMDucfAPQs%3D&shp=b59d6b55&shcp=-}",22535865203338155,Florida,United States,,4156326.0,6252001,Place and Address,,,19a3a3,Places,Place and Address,Province,7009495950591198214,https://p16-sign.tiktokcdn-us.com/tos-useast5-avt-0068-tx/87997ca8742abfb21f2651cc63f4db1f~tplv-tiktokx-cropcenter:1080:1080.jpeg?dr=9640&refresh_token=c97eecf7&x-expires=1750366800&x-signature=q3BTxPpmmsTxTtOPqsFWaS4AELs%3D&t=4d5b0474&ps=13740610&shp=a5d48078&shcp=b59d6b55&idc=useast5,https://p19-sign.tiktokcdn-us.com/tos-useast5-avt-0068-tx/87997ca8742abfb21f2651cc63f4db1f~tplv-tiktokx-cropcenter:720:720.jpeg?dr=9640&refresh_token=93beb91f&x-expires=1750366800&x-signature=i6rseu1awm0iTsPzc7dzdpxpziY%3D&t=4d5b0474&ps=13740610&shp=a5d48078&shcp=b59d6b55&idc=useast5,https://p16-sign.tiktokcdn-us.com/tos-useast5-avt-0068-tx/87997ca8742abfb21f2651cc63f4db1f~tplv-tiktokx-cropcenter:100:100.jpeg?dr=9640&refresh_token=5fc8c2c8&x-expires=1750366800&x-signature=Yvxidmvj%2F6I07S2c0XCAUedUvSA%3D&t=4d5b0474&ps=13740610&shp=a5d48078&shcp=b59d6b55&idc=useast5,f,f,"[""parentsoftiktok"",""momtok"",""foryou""]",7.346991948467211e+18,original sound,,Mikayla 🍓,25.0,t,https://v16m.tiktokcdn-us.com/8273bc25f89f7e29e6481aa30dc39981/67f9d877/video/tos/useast5/tos-useast5-v-27dcd7-tx/ocDQAEfAJEw9DFWU1SOfDT3kVaAVBJgu1lEcCD/?a=1233&bti=NDU3ZjAwOg%3D%3D&ch=0&cr=0&dr=0&er=2&cd=0%7C0%7C0%7C0&br=250&bt=125&ds=5&ft=GSDrKInz7Thurq.OXq8Zmo&mime_type=audio_mpeg&qs=13&rc=am9nN3k5cmp2cTMzZzU8NEBpam9nN3k5cmp2cTMzZzU8NEBeaS9rMmRzMW5gLS1kMS9zYSNeaS9rMmRzMW5gLS1kMS9zcw%3D%3D&vvpl=1&l=202504112105028170E55A11418F11426C&btag=e00078000&download=true,https://tiktok.com/@/video/7346991804320959786,213700000,"The image shows a person dancing, with their body in motion. The setting appears to be indoors, possibly a room with a dark background. There are no notable objects or actions that can be confidently identified from this single frame of the video."
7294609477033086250,2025-03-25 10:38:04.047314+01,1698408642,"Sorry Tim Cook, I think leather cases are better than the original ones #asmr #leathercrafted #phonecase ",0,t,0.0,f,0,f,t,f,f,t,,0,t,10033.0,2025-06-14 01:09:21.979393+02,400075,13984,5707577,156468126,25054,69.98,172,"{"""",https://p16-pu-sign-useast8.tiktokcdn-us.com/tos-useast5-p-0068-tx/b9321058eadf443caec32bb068692f3b_1698408643~tplv-photomode-tiktok-play.jpeg?lk3s=b59d6b55&x-expires=1744974000&x-signature=S0GhzQ%2Bkkm9ag%2B19rFOB%2FzenAeo%3D&shp=b59d6b55&shcp=-,https://p16-sign.tiktokcdn-us.com/tos-useast5-p-0068-tx/b9321058eadf443caec32bb068692f3b_1698408643~tplv-photomode-share-play.jpeg?lk3s=b59d6b55&x-expires=1744974000&x-signature=OHmyMAy8gDpYKeZ25eOeRrA9%2FNg%3D&shp=b59d6b55&shcp=-}",22535796514919320,Las Vegas,"Texas, United States",,7173023.0,6252001,Place and Address,,,19a3a6,Places,Place and Address,Other Places,7278519256571348011,https://p16-sign.tiktokcdn-us.com/tos-useast5-avt-0068-tx/7310407229927063598~tplv-tiktokx-cropcenter:1080:1080.jpeg?dr=9640&refresh_token=f8a55904&x-expires=1750341600&x-signature=8X0zOrlh7rzK4ktHVIe7cv0eAVU%3D&t=4d5b0474&ps=13740610&shp=a5d48078&shcp=b59d6b55&idc=useast5,https://p19-sign.tiktokcdn-us.com/tos-useast5-avt-0068-tx/7310407229927063598~tplv-tiktokx-cropcenter:720:720.jpeg?dr=9640&refresh_token=bb037e6d&x-expires=1750341600&x-signature=2Q020WRxL8RFNQU1LjT7kBgxyLM%3D&t=4d5b0474&ps=13740610&shp=a5d48078&shcp=b59d6b55&idc=useast5,https://p19-sign.tiktokcdn-us.com/tos-useast5-avt-0068-tx/7310407229927063598~tplv-tiktokx-cropcenter:100:100.jpeg?dr=9640&refresh_token=77e9cb90&x-expires=1750341600&x-signature=v6YW8f05AY7P3HBYjeqd9yjsfsI%3D&t=4d5b0474&ps=13740610&shp=a5d48078&shcp=b59d6b55&idc=useast5,f,f,"[""asmr"",""leathercrafted"",""phonecase""]",7.294609589977337e+18,original sound,,torross.crafted,172.0,t,https://v16m.tiktokcdn-us.com/f6cf520823d8075fe5be1b4d94fc47a3/67f9541d/video/tos/useast5/tos-useast5-v-27dcd7-tx/o8ZUQf63ygrJDeFYgBmECFBSUDOFQKtKl1jcQ5/?a=1233&bti=NDU3ZjAwOg%3D%3D&ch=0&cr=0&dr=0&er=2&cd=0%7C0%7C0%7C0&br=250&bt=125&ft=GSDrKInz7Th-XK.OXq8Zmo&mime_type=audio_mpeg&qs=6&rc=ZWQ5aTQ0ZjZpNDM7aDszNkBpM3Q2NG05cmt0bjMzZzU8NEBiMl4yYWAuXmAxNTEuXjQ0YSNoZjU0MmRjZXFgLS1kMS9zcw%3D%3D&vvpl=1&l=202504111137528CDF4D92CAEBF402B96E&btag=e00090000&download=true,https://tiktok.com/@/video/7294609477033086250,213543896,"The main subject in the image appears to be a person with their hand on their hip, standing next to a chair. The setting looks like an indoor room, and there are a few other objects visible, such as another chair and a table. There is no text present in the image."
7422655314224500014,2025-03-18 05:29:36.922727+01,1728221620,[Part 349] Full Video On YouTube! #asmr #asmrshaving #barbershop #barber #asmrbarber #asmrshaving #shavingasmr #haircutasmr #asmrcutting #cuttingasmr #asmrrealbarber ,0,t,0.0,f,0,f,t,f,f,t,,0,t,10025.0,2025-06-16 08:51:30.65253+02,255652,70041,4777425,165436972,383989,63.37,110,"{"""",https://p19-pu-sign-useast8.tiktokcdn-us.com/tos-useast5-p-0068-tx/e85acff7de9947edb9345dd26faa99cc_1728221622~tplv-photomode-tiktok-play.jpeg?lk3s=b59d6b55&x-expires=1745013600&x-signature=%2FYpNlshroMf15BBBNhMBAltQdxc%3D&shp=b59d6b55&shcp=-,https://p19-pu-sign-useast8.tiktokcdn-us.com/tos-useast5-p-0068-tx/e85acff7de9947edb9345dd26faa99cc_1728221622~tplv-photomode-share-play.jpeg?lk3s=b59d6b55&x-expires=1745013600&x-signature=njWMrRojjEG%2BbcujSdcZ7MpPO24%3D&shp=b59d6b55&shcp=-}",22535865252580201,Italy,"New York, United States",,5128276.0,6252001,Place and Address,,,19a3a6,Places,Place and Address,Other Places,7266723391788794923,https://p16-sign.tiktokcdn-us.com/tos-useast5-avt-0068-tx/2f1ae43b4c66ac2830434e31b786c4e2~tplv-tiktokx-cropcenter:1080:1080.jpeg?dr=9640&refresh_token=9d7cfb16&x-expires=1750359600&x-signature=6sg2Y8bCpsvX%2Fw03YeTcYLeyJZs%3D&t=4d5b0474&ps=13740610&shp=a5d48078&shcp=b59d6b55&idc=useast5,https://p16-sign.tiktokcdn-us.com/tos-useast5-avt-0068-tx/2f1ae43b4c66ac2830434e31b786c4e2~tplv-tiktokx-cropcenter:720:720.jpeg?dr=9640&refresh_token=1507aad2&x-expires=1750359600&x-signature=FwwpWHzRIqCC%2B4LUpF95RGcOL8Q%3D&t=4d5b0474&ps=13740610&shp=a5d48078&shcp=b59d6b55&idc=useast5,https://p16-sign.tiktokcdn-us.com/tos-useast5-avt-0068-tx/2f1ae43b4c66ac2830434e31b786c4e2~tplv-tiktokx-cropcenter:100:100.jpeg?dr=9640&refresh_token=ba56c4e7&x-expires=1750359600&x-signature=vqxfEMkwt9g0DqEUoH5r7Asj%2BT0%3D&t=4d5b0474&ps=13740610&shp=a5d48078&shcp=b59d6b55&idc=useast5,f,f,"[""asmr"",""asmrshaving"",""barbershop"",""barber"",""asmrbarber"",""shavingasmr"",""haircutasmr"",""asmrcutting"",""cuttingasmr"",""asmrrealbarber""]",7.422655328510119e+18,original sound,,Broz ASMR,110.0,t,https://v19.tiktokcdn-us.com/11c9dd4873201691c9a9307ebca4bee0/67f9eb23/video/tos/useast5/tos-useast5-v-27dcd7-tx/o0nYQFcUCDEA4gYDAIuBfF4lGDSf5YDvJpAB2g/?a=1233&bti=NDU3ZjAwOg%3D%3D&ch=0&cr=0&dr=0&er=2&cd=0%7C0%7C0%7C0&br=250&bt=125&ft=GSDrKInz7Th_tG.OXq8Zmo&mime_type=audio_mpeg&qs=6&rc=Ozc2PDM6OjtnaWQ5Z2hkOEBpM2g2cmw5cmg8djMzZzU8NEA1NjExXi9hNmIxYS4uYmAzYSMtbGBvMmRjMC5gLS1kMS9zcw%3D%3D&vvpl=1&l=20250411222316B4807E253FA726141549&btag=e00090000&download=true,https://tiktok.com/@/video/7422655314224500014,213211222,"The main subject of the TikTok video is a person dancing in front of a colorful background. There's no clear indication of the setting or environment, but the focus is on the person's dance moves. There are no notable objects or actions to describe."
7466710933218348295,2025-03-11 06:15:43.27222+01,1738479120,"Year 1998, Papua New Guinea. Due to a magnitude 7 earthquake, the northwestern part of the country was covered by tsunami waves. The tallest of them reached 15 meters. #tsunami #waves #earthquake #wave",0,t,0.0,f,0,f,t,f,f,t,,0,t,10087.0,2025-06-17 22:32:32.762885+02,128759,19619,3006748,182000101,122871,60.85,10,"{"""",https://p16-sign-sg.tiktokcdn.com/tos-alisg-p-0037/o8f7FxbUnBBFrwaQDQtMi9AJDjSghnypDERfEE~tplv-photomode-tiktok-play.jpeg?lk3s=b59d6b55&x-expires=1744963200&x-signature=7%2BZNRCPmmAxf6jOl0LOx9yI85pQ%3D&shp=b59d6b55&shcp=-,https://p16-sign-sg.tiktokcdn.com/tos-alisg-p-0037/o8f7FxbUnBBFrwaQDQtMi9AJDjSghnypDERfEE~tplv-photomode-share-play.jpeg?lk3s=b59d6b55&x-expires=1744963200&x-signature=Plgp511ZzlcOyTkfyYo5Kx3T6aw%3D&shp=b59d6b55&shcp=-}",21568295364590081,Papua New Guinea,"5000 Birch St, Newport Beach, United States",Newport Beach,5376890.0,6252001,Office and Industrial,Newport Beach,Newport Beach,13a0a2,Business Facility,Office and Industrial,Company,6908008488020263938,https://p16-common-sign-sg.tiktokcdn-us.com/tos-alisg-avt-0068/304fcb6fb7914e124771eed4e59afb8a~tplv-tiktokx-cropcenter:1080:1080.jpeg?dr=9640&refresh_token=59b0e230&x-expires=1750363200&x-signature=d4vTEbur6JTlF0TtiBziIXok3VE%3D&t=4d5b0474&ps=13740610&shp=a5d48078&shcp=b59d6b55&idc=useast5,https://p19-common-sign-sg.tiktokcdn-us.com/tos-alisg-avt-0068/304fcb6fb7914e124771eed4e59afb8a~tplv-tiktokx-cropcenter:720:720.jpeg?dr=9640&refresh_token=3acf1b98&x-expires=1750363200&x-signature=VsMtR0PcpqaxmocLrptkfL%2FJM7Y%3D&t=4d5b0474&ps=13740610&shp=a5d48078&shcp=b59d6b55&idc=useast5,https://p16-common-sign-sg.tiktokcdn-us.com/tos-alisg-avt-0068/304fcb6fb7914e124771eed4e59afb8a~tplv-tiktokx-cropcenter:100:100.jpeg?dr=9640&refresh_token=f040ca90&x-expires=1750363200&x-signature=m6suHzw1UDrYATfZByTHf%2FsG3aI%3D&t=4d5b0474&ps=13740610&shp=a5d48078&shcp=b59d6b55&idc=useast5,f,f,[],7.466710968903552e+18,оригинальный звук,,Jack Richer,10.0,t,https://v19.tiktokcdn-us.com/11851643fa8e44b0971c03a54f2e5b22/67f92638/video/tos/useast5/tos-useast5-v-27dcd7c799-tx/oUUJyRIgQ9CFOExFEFJtgnf2AYDNBBAIBAhnkf/?a=1233&bti=NDU3ZjAwOg%3D%3D&ch=0&cr=0&dr=0&er=2&cd=0%7C0%7C0%7C0&br=250&bt=125&ds=5&ft=GSDrKInz7ThHYF.OXq8Zmo&mime_type=audio_mpeg&qs=13&rc=anBsOWo5cjdreDMzODU8NEBpanBsOWo5cjdreDMzODU8NEBnLmw2MmRjYGNgLS1kMS1zYSNnLmw2MmRjYGNgLS1kMS1zcw%3D%3D&vvpl=1&l=20250411082446E58AD0276E87C1079317&btag=e00070000&download=true,https://tiktok.com/@/video/7466710933218348295,212067581,"The main subject in this TikTok video is a person dancing in a room. There are no notable objects or actions in the image, as it focuses on the individual and their dance movement."
7193510327533800747,2025-04-29 08:08:44.495122+02,1674869650,Testing out the tornado shelter. Making sure everything works inside. #txhawkilla#texashogkiller#tornado ,0,t,0.0,f,0,f,t,f,f,t,,0,t,10014.0,2025-06-11 13:04:54.92376+02,332362,13474,5233215,159582740,17821,63.68,28,"{"""",https://p19-sign.tiktokcdn-us.com/tos-useast5-p-0068-tx/4105547641c3482c9f99b83d7c85a900_1674869651~tplv-photomode-tiktok-play.jpeg?lk3s=b59d6b55&x-expires=1746511200&x-signature=2S5Bu2kUkGBLOMptdQBbQMvV04E%3D&shp=b59d6b55&shcp=-,https://p19-sign.tiktokcdn-us.com/tos-useast5-p-0068-tx/4105547641c3482c9f99b83d7c85a900_1674869651~tplv-photomode-share-play.jpeg?lk3s=b59d6b55&x-expires=1746511200&x-signature=f4alNn92v7iMSneF6dBxLvEmYBY%3D&shp=b59d6b55&shcp=-}",22535865245560458,Graham,"Texas, United States",,4694420.0,6252001,Place and Address,,,19a3a0,Places,Place and Address,City,6840963594557998086,https://p16-sign-va.tiktokcdn.com/tos-maliva-avt-0068/0f1fa4c8fed460d60bae3f3c54bc8370~tplv-tiktokx-cropcenter:1080:1080.jpeg?dr=10399&refresh_token=11845bde&x-expires=1750356000&x-signature=f5FC07iL5aSXxHXpSHIqdL6k9Hs%3D&t=4d5b0474&ps=13740610&shp=a5d48078&shcp=b59d6b55&idc=no1a,https://p16-sign-va.tiktokcdn.com/tos-maliva-avt-0068/0f1fa4c8fed460d60bae3f3c54bc8370~tplv-tiktokx-cropcenter:720:720.jpeg?dr=10399&refresh_token=18e4904d&x-expires=1750356000&x-signature=wFEuhj1qtzYcfbGtcRKHG4DVe%2Fk%3D&t=4d5b0474&ps=13740610&shp=a5d48078&shcp=b59d6b55&idc=no1a,https://p16-sign-va.tiktokcdn.com/tos-maliva-avt-0068/0f1fa4c8fed460d60bae3f3c54bc8370~tplv-tiktokx-cropcenter:100:100.jpeg?dr=10399&refresh_token=a29f346b&x-expires=1750356000&x-signature=fjnAcApfYum%2F9dA7hZqOuP9MZa8%3D&t=4d5b0474&ps=13740610&shp=a5d48078&shcp=b59d6b55&idc=no1a,f,f,"[""txhawkilla"",""texashogkiller"",""tornado""]",6.753193709090638e+18,Tornado Siren Sound Effect,"Storms, Thunder, Lightning & Weather",Royalty Free Music & Sound Effect Factory,45.0,f,https://sf16.tiktokcdn-us.com/obj/tos-alisg-ve-2774/ognbQYlFcBOQaCFZlBkY814Wq5tWgJff6NoDEy,https://tiktok.com/@/video/7193510327533800747,211914890,"The image shows a person sitting on a chair in front of a mirror, with their head facing the mirror. They appear to be in an indoor setting and are wearing headphones. There's no clear indication of what they are doing or if there is any notable action taking place."
7249506500434021678,2025-06-14 09:27:22.610609+02,1687907276,accidentally cursed with the burden of self-awareness  #oops #cat #cats #existentialism #fyp #noregrets ,0,t,0.0,f,0,f,t,f,f,t,,0,t,10019.0,2025-06-14 09:27:25.678958+02,1561245,111890,14737067,63694547,1747698,65.45,48,"{"""",https://p19-sign.tiktokcdn-us.com/tos-useast5-p-0068-tx/117809cfc4324274a55b0029d91fca85_1687907277~tplv-photomode-tiktok-play~tplv-tiktokx-origin.jpeg?dr=10384&x-expires=1750489200&x-signature=3VL3uVqV%2FnNMsue2aN4zKSbO0Tw%3D&t=4d5b0474&ps=13740610&shp=b59d6b55&shcp=43f4a2f9&idc=no1a,https://p19-sign.tiktokcdn-us.com/tos-useast5-p-0068-tx/117809cfc4324274a55b0029d91fca85_1687907277~tplv-photomode-share-play~tplv-tiktokx-origin.jpeg?dr=10384&x-expires=1750489200&x-signature=VzlUfJbmaqZpp%2B5bmA30sVAxdWM%3D&t=4d5b0474&ps=13740610&shp=b59d6b55&shcp=43f4a2f9&idc=no1a}",22535865204325337,Chicago,"Illinois, United States",,4887398.0,6252001,Place and Address,,,19a3a0,Places,Place and Address,City,7190186137318229035,https://p16-sign-va.tiktokcdn.com/tos-maliva-avt-0068/67c9656769c0d04d373cae552cd7af2d~tplv-tiktokx-cropcenter:1080:1080.jpeg?dr=10399&refresh_token=c9031af1&x-expires=1750057200&x-signature=h8sHl0rbNFueushfeb92UcEgP6s%3D&t=4d5b0474&ps=13740610&shp=a5d48078&shcp=b59d6b55&idc=no1a,https://p16-sign-va.tiktokcdn.com/tos-maliva-avt-0068/67c9656769c0d04d373cae552cd7af2d~tplv-tiktokx-cropcenter:720:720.jpeg?dr=10399&refresh_token=369c9c26&x-expires=1750057200&x-signature=Je3Sx3Ltms8zCTznHJ%2Fu1eTZr%2FE%3D&t=4d5b0474&ps=13740610&shp=a5d48078&shcp=b59d6b55&idc=no1a,https://p16-sign-va.tiktokcdn.com/tos-maliva-avt-0068/67c9656769c0d04d373cae552cd7af2d~tplv-tiktokx-cropcenter:100:100.jpeg?dr=10399&refresh_token=71b19480&x-expires=1750057200&x-signature=lH0H%2B0xayEtyLvQPymispsvmXvk%3D&t=4d5b0474&ps=13740610&shp=a5d48078&shcp=b59d6b55&idc=no1a,f,f,"[""oops"",""cat"",""cats"",""existentialism"",""fyp"",""noregrets""]",7.249506538275065e+18,original sound,,bean_posts,48.0,t,https://v19.tiktokcdn-us.com/4227ffd0a90ee0d910f5b27e7c75fc6a/67f7da5f/video/tos/useast5/tos-useast5-v-27dcd7-tx/oogJImDsgw3L32S6UvvR1fgQnbC7eDXYOBFk2o/?a=1233&bti=NDU3ZjAwOg%3D%3D&ch=0&cr=0&dr=0&er=2&cd=0%7C0%7C0%7C0&br=250&bt=125&ft=GSDrKInz7ThL0x3OXq8Zmo&mime_type=audio_mpeg&qs=6&rc=ZTc8OjxnNTY6aDg5N2g8ZEBpM2Yzdzc6Zm5wbDMzZzU8NEA2NF4yYDMtNTQxMGBfMC8uYSM1YnJhcjRfa2FgLS1kMS9zcw%3D%3D&vvpl=1&l=202504100848150C0016E2CEBAFD3362A6&btag=e00088000&download=true,https://tiktok.com/@/video/7249506500434021678,211065217,"The main subject of the TikTok video is a person dancing with a group of people in the background. The environment appears to be an outdoor setting, possibly a street or park. There are no notable objects or actions in the image."
7206008172765629739,2025-03-21 13:50:57.781198+01,1677779533,Plugged culverts not no more ! 😎😎#lozanotrucking  #lozanoandsons #culvertcleaning #mud #culvert #satisfying #fyp #foryoupage #811beforeyadig ,0,t,0.0,f,0,f,t,f,f,t,,0,t,10070.0,2025-05-21 06:44:22.317313+02,202121,13715,5637411,154232455,87589,60.44,16,"{"""",https://p16-pu-sign-useast8.tiktokcdn-us.com/tos-useast5-p-0068-tx/806ff4e4208e4a21b25fb320c672a3af_1677779535~tplv-photomode-tiktok-play.jpeg?lk3s=b59d6b55&x-expires=1744923600&x-signature=B38hN4blfMpHP0J8DKV2wFWiNCY%3D&shp=b59d6b55&shcp=-,https://p19-pu-sign-useast8.tiktokcdn-us.com/tos-useast5-p-0068-tx/806ff4e4208e4a21b25fb320c672a3af_1677779535~tplv-photomode-share-play.jpeg?lk3s=b59d6b55&x-expires=1744923600&x-signature=hW95X1icaGz%2FhKM3hUNqYWKV9%2BY%3D&shp=b59d6b55&shcp=-}",21568295387300757,Lozano's Tire & Brakes,"20430 Highway 6, Manvel, United States",Manvel,4709027.0,6252001,Shopping,Manvel,Manvel,06a5a1,Automotive Retail,Shopping,Car Parts and Accessories,7176734711003218987,https://p16-pu-sign-useast8.tiktokcdn-us.com/tos-useast5-avt-0068-tx/7349869069186629674~tplv-tiktokx-cropcenter:1080:1080.jpeg?dr=9640&refresh_token=94644270&x-expires=1747972800&x-signature=%2FOSA8VX0rRYdE8NsEJqy6%2BczZZE%3D&t=4d5b0474&ps=13740610&shp=a5d48078&shcp=b59d6b55&idc=useast5,https://p16-pu-sign-useast8.tiktokcdn-us.com/tos-useast5-avt-0068-tx/7349869069186629674~tplv-tiktokx-cropcenter:720:720.jpeg?dr=9640&refresh_token=e806d4d5&x-expires=1747972800&x-signature=%2B0D8oiHahAl%2FI9DnXMqve4DO1jg%3D&t=4d5b0474&ps=13740610&shp=a5d48078&shcp=b59d6b55&idc=useast5,https://p16-pu-sign-useast8.tiktokcdn-us.com/tos-useast5-avt-0068-tx/7349869069186629674~tplv-tiktokx-cropcenter:100:100.jpeg?dr=9640&refresh_token=374f4e4f&x-expires=1747972800&x-signature=yRSio%2FMapFz4eAb4LD5RPpA5%2FVg%3D&t=4d5b0474&ps=13740610&shp=a5d48078&shcp=b59d6b55&idc=useast5,f,f,"[""lozanotrucking"",""lozanoandsons"",""culvertcleaning"",""mud"",""culvert"",""satisfying"",""fyp"",""foryoupage"",""811beforeyadig""]",6.97087877223711e+18,original sound,,Mohawk Wyatt,21.0,t,https://v16m.tiktokcdn-us.com/701a95e3ee98d69b3cc6acebbb8421f8/67f97ad2/video/tos/useast5/tos-useast5-v-27dcd7-tx/5ca63b97fe894bd4aa8adfd01ad13343/?a=1233&bti=NDU3ZjAwOg%3D%3D&ch=0&cr=0&dr=0&er=2&cd=0%7C0%7C0%7C0&br=252&bt=126&ds=5&ft=GSDrKInz7Th7ty.OXq8Zmo&mime_type=video_mp4&qs=13&rc=ajVlaDZmdDVyNTMzNzU8M0BpajVlaDZmdDVyNTMzNzU8M0BfMWguXmkuZ3JgLS1kMTZzYSNfMWguXmkuZ3JgLS1kMTZzcw%3D%3D&vvpl=1&l=2025041114253334B3A322573B9708833E&btag=e00078000&download=true,https://tiktok.com/@/video/7206008172765629739,210606565,"The main subject of the TikTok video is a person making a face and sticking out their tongue. The setting appears to be an indoor environment, possibly a room with low lighting. There are no notable objects or actions in this particular frame of the video."
7312171565779553569,2025-06-12 21:28:07.517175+02,1702497617,😂#mo #fyp #fypシ @👑mo👑  @👑mo👑  @👑mo👑 ,0,t,0.0,f,0,f,t,f,f,t,0.0,0,t,10001.0,2025-06-18 00:05:33.120423+02,96262,2519,125200,209000000,2700000,60.24,74,"{"""",https://p16-sign-useast2a.tiktokcdn.com/tos-useast2a-p-0037-euttp/f393973352674963ae43b27359fb5e73_1702497630~tplv-photomode-tiktok-play~tplv-tiktokx-origin.jpeg?dr=10384&x-expires=1750359600&x-signature=%2BF3daoYEpbSxqGg1W%2FknY%2F8498M%3D&t=4d5b0474&ps=13740610&shp=b59d6b55&shcp=43f4a2f9&idc=no1a,https://p16-sign-useast2a.tiktokcdn.com/tos-useast2a-p-0037-euttp/f393973352674963ae43b27359fb5e73_1702497630~tplv-photomode-share-play~tplv-tiktokx-origin.jpeg?dr=10384&x-expires=1750359600&x-signature=6y29QL3kebvRA%2BLOHjLRXX%2BnAwo%3D&t=4d5b0474&ps=13740610&shp=b59d6b55&shcp=43f4a2f9&idc=no1a}",22535796483535880,TikTok,"10100 Culver Blvd, Culver City, United States",Culver City,5341114.0,6252001,Other,Culver City,Culver City,99a0a0,Other,Other,,7241197247063622683,https://p16-common-sign-va.tiktokcdn-us.com/tos-maliva-avt-0068/633bcfae88435c4f643c7afd86d215f2~tplv-tiktokx-cropcenter:1080:1080.jpeg?dr=9640&refresh_token=f9bf8afb&x-expires=1750366800&x-signature=woqX08yMnxuaRWg0zwvbtRZWdFA%3D&t=4d5b0474&ps=13740610&shp=a5d48078&shcp=b59d6b55&idc=useast8,https://p16-common-sign-va.tiktokcdn-us.com/tos-maliva-avt-0068/633bcfae88435c4f643c7afd86d215f2~tplv-tiktokx-cropcenter:720:720.jpeg?dr=9640&refresh_token=915df6dc&x-expires=1750366800&x-signature=t8hrIJqxsxIjeqP%2BTObjTJLx5uw%3D&t=4d5b0474&ps=13740610&shp=a5d48078&shcp=b59d6b55&idc=useast8,https://p16-common-sign-va.tiktokcdn-us.com/tos-maliva-avt-0068/633bcfae88435c4f643c7afd86d215f2~tplv-tiktokx-cropcenter:100:100.jpeg?dr=9640&refresh_token=41e9baf8&x-expires=1750366800&x-signature=IFpOnDKmXIpAbuDyXPe%2BZZMNzmY%3D&t=4d5b0474&ps=13740610&shp=a5d48078&shcp=b59d6b55&idc=useast8,f,f,"[""mo"",""fyp"",""fyp\u30b7""]",7.312171634528488e+18,origineel geluid,,👑 𝓜𝓞👑,74.0,t,https://v16m.tiktokcdn-eu.com/9ab5ea33b292a2a27ac2da831ff10c60/684c7bf0/video/tos/useast2a/tos-useast2a-v-2370-euttp/osjW6E1TBeQTvEMK59FfGEg2pD7IqDIGTBDfof/?a=1233&bti=NDU3ZjAwOg%3D%3D&ch=0&cr=0&dr=0&er=2&cd=0%7C0%7C0%7C0&br=250&bt=125&ft=.NpOcInz7ThtbiqKXq8Zmo&mime_type=audio_mpeg&qs=6&rc=NWc0ZTVoZTw2ZDk5Ozs7NEBpajx5O3k5cnEzbzMzZjU8M0BgXi5gLTUuNjUxLS1gYzE2YSMuX3EwMmRzbnFgLS1kMWNzcw%3D%3D&vvpl=1&l=20250612192733A66FCAE8F6108619D201&btag=e00090000&download=true,https://tiktok.com/@/video/7312171565779553569,210252000,Video download failed
7416867163589430571,2025-03-29 06:10:52.988807+01,1726873962,amazing trending video,0,t,0.0,f,0,f,t,f,f,t,,0,t,10021.0,2025-06-17 20:21:13.85179+02,784507,133325,9218318,117161912,3541428,74.43,11,"{"""",https://p16-pu-sign-useast8.tiktokcdn-us.com/tos-useast5-p-0068-tx/fce7beee46624aedaf3b34deff76e830_1726873964~tplv-photomode-tiktok-play.jpeg?lk3s=b59d6b55&x-expires=1744941600&x-signature=fYrIs6utCE0U6MZKBhBYfzdKdjE%3D&shp=b59d6b55&shcp=-,https://p16-sign.tiktokcdn-us.com/tos-useast5-p-0068-tx/fce7beee46624aedaf3b34deff76e830_1726873964~tplv-photomode-share-play.jpeg?lk3s=b59d6b55&x-expires=1744941600&x-signature=%2Bg9MQ79jVKvWnRj9ueImKl8pXis%3D&shp=b59d6b55&shcp=-}",22535865200907089,United States,North America,,4273359.0,6252001,Place and Address,,,19a3a1,Places,Place and Address,Country,7409835297209762858,https://p16-sign-va.tiktokcdn.com/tos-maliva-avt-0068/142f7375f4c8e5a29e2fbefbd93f6cef~tplv-tiktokx-cropcenter:1080:1080.jpeg?dr=10399&refresh_token=b3448a8a&x-expires=1750330800&x-signature=CS4u4KfRmAvpeSKBBppdC%2BKv0jI%3D&t=4d5b0474&ps=13740610&shp=a5d48078&shcp=b59d6b55&idc=no1a,https://p16-sign-va.tiktokcdn.com/tos-maliva-avt-0068/142f7375f4c8e5a29e2fbefbd93f6cef~tplv-tiktokx-cropcenter:720:720.jpeg?dr=10399&refresh_token=d3db764c&x-expires=1750330800&x-signature=eDlmPMfmtGsasexXmzdcOntu974%3D&t=4d5b0474&ps=13740610&shp=a5d48078&shcp=b59d6b55&idc=no1a,https://p16-sign-va.tiktokcdn.com/tos-maliva-avt-0068/142f7375f4c8e5a29e2fbefbd93f6cef~tplv-tiktokx-cropcenter:100:100.jpeg?dr=10399&refresh_token=0e31f08f&x-expires=1750330800&x-signature=DF6n5NlBZh7onF4D1Eg6eHo7cCE%3D&t=4d5b0474&ps=13740610&shp=a5d48078&shcp=b59d6b55&idc=no1a,f,f,[],7.416867143951764e+18,original sound - ruff,,Proboscis Monkey,11.0,t,https://v16m.tiktokcdn-us.com/87c20bf3acb919913579c92392a740f8/67f8d474/video/tos/useast5/tos-useast5-v-27dcd7-tx/oMRmwBFcACAqAJVOgEFR7ASDsfXewWgEDUBDuE/?a=1233&bti=NDU3ZjAwOg%3D%3D&ch=0&cr=0&dr=0&er=2&cd=0%7C0%7C0%7C0&br=250&bt=125&ds=5&ft=GSDrKInz7ThvZ..OXq8Zmo&mime_type=audio_mpeg&qs=13&rc=anhzZG85cnUzdTMzZzU8NEBpanhzZG85cnUzdTMzZzU8NEA1ZHExMmQ0L2tgLS1kMS9zYSM1ZHExMmQ0L2tgLS1kMS9zcw%3D%3D&vvpl=1&l=20250411023552F325A59E04AC74166A98&btag=e00070000&download=true,https://tiktok.com/@/video/7416867163589430571,209345092,"The main subject in this TikTok video is a person performing a trick with a frisbee. They are standing on a grassy area, and the frisbee is captured mid-air as it changes position."
7420832367054425376,2025-03-07 20:27:03.78523+01,1727797183,"Life is harmonious, compact and clean!!! part 1 #asmr #life #is #harmonious #compact #and #clean #foryoupage #organizedhome #decor #lifestyle #lifehacks #foryour #cleaning ",0,t,0.0,f,0,f,t,f,f,t,,0,t,10014.0,2025-06-17 14:16:59.504884+02,761078,148680,8762440,121545886,1094190,64.56,340,"{"""",https://p16-sign-useast2a.tiktokcdn.com/tos-useast2a-p-0037-euttp/105438569e9d4f23b5754c44b08e6e5b_1727797244~tplv-photomode-tiktok-play.jpeg?lk3s=b59d6b55&x-expires=1745020800&x-signature=%2Fuk%2BXe5bfwDAbJJ8d1xgoG4o750%3D&shp=b59d6b55&shcp=-,https://p16-sign-useast2a.tiktokcdn.com/tos-useast2a-p-0037-euttp/105438569e9d4f23b5754c44b08e6e5b_1727797244~tplv-photomode-share-play.jpeg?lk3s=b59d6b55&x-expires=1745020800&x-signature=kkxVNXh8pK3zysv7pd8w80GSQ1k%3D&shp=b59d6b55&shcp=-}",22535865200907089,United States,North America,,4273359.0,6252001,Place and Address,,,19a3a1,Places,Place and Address,Country,7339607985373627424,https://p16-sign-useast2a.tiktokcdn.com/tos-useast2a-avt-0068-euttp/5ccc6ebe3b54dc054f46ad351228b32b~tplv-tiktokx-cropcenter:1080:1080.jpeg?dr=10399&refresh_token=0d07c81c&x-expires=1750359600&x-signature=aw6zdc753eZDXF40JBOiRSB4GiQ%3D&t=4d5b0474&ps=13740610&shp=a5d48078&shcp=b59d6b55&idc=no1a,https://p16-sign-useast2a.tiktokcdn.com/tos-useast2a-avt-0068-euttp/5ccc6ebe3b54dc054f46ad351228b32b~tplv-tiktokx-cropcenter:720:720.jpeg?dr=10399&refresh_token=74267876&x-expires=1750359600&x-signature=a5pKYrUAhl%2FA5M6JkvT%2B8gjrmJM%3D&t=4d5b0474&ps=13740610&shp=a5d48078&shcp=b59d6b55&idc=no1a,https://p16-sign-useast2a.tiktokcdn.com/tos-useast2a-avt-0068-euttp/5ccc6ebe3b54dc054f46ad351228b32b~tplv-tiktokx-cropcenter:100:100.jpeg?dr=10399&refresh_token=9bbcc06c&x-expires=1750359600&x-signature=osZeRmB797Oegz7vQt45eoNUxFE%3D&t=4d5b0474&ps=13740610&shp=a5d48078&shcp=b59d6b55&idc=no1a,f,f,"[""asmr"",""life"",""is"",""harmonious"",""compact"",""and"",""clean"",""foryoupage"",""organizedhome"",""decor"",""Lifestyle"",""lifehacks"",""foryour"",""cleaning""]",7.420832788644941e+18,original sound,,asmr kitchen,340.0,t,https://v16m.tiktokcdn-us.com/fb1da6829f08340f74f4f523c94e0367/67fa0a00/video/tos/useast2a/tos-useast2a-v-2370-euttp/ooSMGZiC8Bh4IXAxtwY0lSTMFQvwMBL7iBduv/?a=1233&bti=NDU3ZjAwOg%3D%3D&ch=0&cr=0&dr=0&er=2&cd=0%7C0%7C0%7C0&br=250&bt=125&ft=GSDrKInz7ThcI2.OXq8Zmo&mime_type=audio_mpeg&qs=6&rc=Ozw1NGk3aGQ2NDRkOTQzaUBpM2xydnI5cjQ0dTMzZjU8M0A2LTRgXmEwNS0xXjAyMy8vYSM2bGEyMmRrZHJgLS1kMWNzcw%3D%3D&vvpl=1&l=202504120031074AC1972B8BF71A27B151&btag=e000a0000&download=true,https://tiktok.com/@/video/7420832367054425376,209170286,"The main subject of the TikTok video is a person standing in front of a mirror, wearing a dark-colored top. The setting appears to be an indoor room with a simple, plain backdrop. There are no notable objects or actions in this specific frame of the video."
7274230212093644064,2025-03-08 01:12:02.237392+01,1693663709,Magic Tricks 😱 😂 ,0,t,0.0,f,0,f,t,f,f,t,,0,t,10075.0,2025-05-29 16:30:24.985818+02,793825,23875,6085488,148240533,306454,61.59,112,"{"""",https://p16-sign-useast2a.tiktokcdn.com/tos-useast2a-p-0037-euttp/9086eeef60814f939e91f59903204fa8_1693663711~tplv-photomode-tiktok-play.jpeg?lk3s=b59d6b55&x-expires=1744966800&x-signature=%2FsrfwQIiiU3R7w5w1MJoUl5ejVk%3D&shp=b59d6b55&shcp=-,https://p16-sign-useast2a.tiktokcdn.com/tos-useast2a-p-0037-euttp/9086eeef60814f939e91f59903204fa8_1693663711~tplv-photomode-share-play.jpeg?lk3s=b59d6b55&x-expires=1744966800&x-signature=beIJ05rmUWyMp8D%2B44owpWQXoE4%3D&shp=b59d6b55&shcp=-}",22535865201205278,New York,United States,,5128581.0,6252001,Place and Address,,,19a3a0,Places,Place and Address,City,7038831718128501765,https://p16-pu-sign-no.tiktokcdn-eu.com/tos-no1a-avt-0068c001-no/c57cd66cc0b90b1f886be61d4a99a97c~tplv-tiktokx-cropcenter:1080:1080.jpeg?dr=10399&refresh_token=985e50bb&x-expires=1750323600&x-signature=keQJEEf4Fa2y29BsydwiSTfAq6Q%3D&t=4d5b0474&ps=13740610&shp=a5d48078&shcp=b59d6b55&idc=no1a,https://p16-pu-sign-no.tiktokcdn-eu.com/tos-no1a-avt-0068c001-no/c57cd66cc0b90b1f886be61d4a99a97c~tplv-tiktokx-cropcenter:720:720.jpeg?dr=10399&refresh_token=9af5fec6&x-expires=1750323600&x-signature=bYYX%2FMoLZq9eaxm%2BVJf3nvse8ns%3D&t=4d5b0474&ps=13740610&shp=a5d48078&shcp=b59d6b55&idc=no1a,https://p16-pu-sign-no.tiktokcdn-eu.com/tos-no1a-avt-0068c001-no/c57cd66cc0b90b1f886be61d4a99a97c~tplv-tiktokx-cropcenter:100:100.jpeg?dr=10399&refresh_token=b2bba215&x-expires=1750323600&x-signature=ZFdGiriRgl%2BII%2BT0ayhDgEaTM%2Fc%3D&t=4d5b0474&ps=13740610&shp=a5d48078&shcp=b59d6b55&idc=no1a,f,f,[],7.274230209899941e+18,son original,,Discovery CBR 👻⚡️,112.0,t,https://v19.tiktokcdn-us.com/fb6d906a49ddc3b9b4dd28e08268ef75/67f9a51f/video/tos/useast2a/tos-useast2a-v-2370-euttp/oMDEVAJUIDCbeIHmAkAQi8J1PBeHbg8n0FOhDQ/?a=1233&bti=NDU3ZjAwOg%3D%3D&ch=0&cr=0&dr=0&er=2&cd=0%7C0%7C0%7C0&br=250&bt=125&ds=5&ft=GSDrKInz7ThLck.OXq8Zmo&mime_type=audio_mpeg&qs=13&rc=M2dlZjs6ZnJubTMzZjU8M0BpM2dlZjs6ZnJubTMzZjU8M0BzaTYvcjRfMG1gLS1kMWNzYSNzaTYvcjRfMG1gLS1kMWNzcw%3D%3D&vvpl=1&l=2025041117243067D92489A278780A89E4&btag=e00050000&download=true,https://tiktok.com/@/video/7274230212093644064,209095413,"The main subject of this TikTok video is a person performing a dance move, with their arms outstretched and one leg lifted in the air. The setting appears to be an indoor space, possibly a room or a studio. There are no notable objects or actions visible in the image."
7430651557542219038,2025-03-07 22:10:57.970721+01,1730083403,Being a mother is not Easy. 🦜🌧️.  #fyp #foryou #for #parrot #parrotlove #parrotslover #mom #momsoftiktok #animalsoftiktok #animallover #babiesoftiktok #family #relaxingvideos #trending #usa_tiktok #viral #popular #nature #birdsoftiktok #parrottok #momtok #momlife #hard #,0,t,0.0,f,0,f,t,f,f,t,0.0,0,t,10021.0,2025-06-17 22:59:12.579825+02,458758,55288,7954958,127443479,1145884,62.08,6,"{"""",https://p19-pu-sign-useast8.tiktokcdn-us.com/tos-useast8-p-0068-tx2/oAyigezoPQAfInUWm4KN9eBGSAI4fKGe4Q7M6L~tplv-photomode-tiktok-play.jpeg?lk3s=b59d6b55&x-expires=1745006400&x-signature=omI0gY6D4SR2WOX7tIH1%2Fj1JKz4%3D&shp=b59d6b55&shcp=-,https://p19-pu-sign-useast8.tiktokcdn-us.com/tos-useast8-p-0068-tx2/oAyigezoPQAfInUWm4KN9eBGSAI4fKGe4Q7M6L~tplv-photomode-share-play.jpeg?lk3s=b59d6b55&x-expires=1745006400&x-signature=7z3Js1k6NDHybDuiCdB3UwzlHHs%3D&shp=b59d6b55&shcp=-}",22535865200907089,United States,North America,,4273359.0,6252001,Place and Address,,,19a3a1,Places,Place and Address,Country,7421746895196341290,https://p19-pu-sign-useast8.tiktokcdn-us.com/tos-useast5-avt-0068-tx/9c6b2ac47680b7206da9314d516fc609~tplv-tiktokx-cropcenter:1080:1080.jpeg?dr=9640&refresh_token=7f5ac799&x-expires=1750341600&x-signature=Vn4LrP0rZFCEPthPn0EKA74nW%2B8%3D&t=4d5b0474&ps=13740610&shp=a5d48078&shcp=b59d6b55&idc=useast8,https://p19-pu-sign-useast8.tiktokcdn-us.com/tos-useast5-avt-0068-tx/9c6b2ac47680b7206da9314d516fc609~tplv-tiktokx-cropcenter:720:720.jpeg?dr=9640&refresh_token=ba911174&x-expires=1750341600&x-signature=z5%2FdxxbiumOw3iDo3vjbnAj7x44%3D&t=4d5b0474&ps=13740610&shp=a5d48078&shcp=b59d6b55&idc=useast8,https://p16-pu-sign-useast8.tiktokcdn-us.com/tos-useast5-avt-0068-tx/9c6b2ac47680b7206da9314d516fc609~tplv-tiktokx-cropcenter:100:100.jpeg?dr=9640&refresh_token=4c48fa9b&x-expires=1750341600&x-signature=RZPJ7mFnslBZaOTudRbEzreVV%2FI%3D&t=4d5b0474&ps=13740610&shp=a5d48078&shcp=b59d6b55&idc=useast8,f,f,"[""fyp"",""foryou"",""for"",""parrot"",""parrotlove"",""parrotslover"",""mom"",""MomsofTikTok"",""animalsoftiktok"",""animallover"",""babiesoftiktok"",""family"",""relaxingvideos"",""trending"",""usa_tiktok"",""viral"",""popular"",""nature"",""birdsoftiktok"",""parrottok"",""momtok"",""momlife"",""hard""]",6.906212382675044e+18,Natural Beauty,The Rejuvenating Healing Music,Spiritual Gardens,60.0,f,https://sf16.tiktokcdn-us.com/obj/tos-alisg-ve-2774/oYLdNYrIxwmCK1ZsITEeBFmtZBpDxglQ6Qfsw8,https://tiktok.com/@/video/7430651557542219038,206993059,Video download failed
7473259312601746731,2025-03-07 21:01:20.340005+01,1740003810,😆😆😆😆 #catsoftiktok ,0,t,0.0,f,0,f,t,f,f,t,,0,t,10019.0,2025-06-13 01:36:29.716321+02,1014462,69137,12516158,81349809,2756497,71.88,13,"{"""",https://p16-pu-sign-useast8.tiktokcdn-us.com/tos-useast5-p-0068-tx/oofjQIft4rjiFWYsYlCPQXCsADFeHPAKb9Dk4E~tplv-photomode-tiktok-play.jpeg?lk3s=b59d6b55&x-expires=1744970400&x-signature=OH4EFdrjRY6WK4hbAVKznEHnT0M%3D&shp=b59d6b55&shcp=-,https://p16-pu-sign-useast8.tiktokcdn-us.com/tos-useast5-p-0068-tx/oofjQIft4rjiFWYsYlCPQXCsADFeHPAKb9Dk4E~tplv-photomode-share-play.jpeg?lk3s=b59d6b55&x-expires=1744970400&x-signature=hkJBHVJsT5pczmVuss1ujO8rWr0%3D&shp=b59d6b55&shcp=-}",22535865200907089,United States,North America,,4273359.0,6252001,Place and Address,,,19a3a1,Places,Place and Address,Country,7407516846524777515,https://p16-sign-va.tiktokcdn.com/tos-maliva-avt-0068/c53f6e138cc0ebfe8648c9f6822c61a8~tplv-tiktokx-cropcenter:1080:1080.jpeg?dr=10399&refresh_token=12d1cd80&x-expires=1749942000&x-signature=GhBhdWHBLOhltCS%2Foz19D7c%2BcB0%3D&t=4d5b0474&ps=13740610&shp=a5d48078&shcp=b59d6b55&idc=no1a,https://p16-sign-va.tiktokcdn.com/tos-maliva-avt-0068/c53f6e138cc0ebfe8648c9f6822c61a8~tplv-tiktokx-cropcenter:720:720.jpeg?dr=10399&refresh_token=d1731294&x-expires=1749942000&x-signature=%2BAI5MIp3bnD%2BuY3CSKjcHpqIaJQ%3D&t=4d5b0474&ps=13740610&shp=a5d48078&shcp=b59d6b55&idc=no1a,https://p16-sign-va.tiktokcdn.com/tos-maliva-avt-0068/c53f6e138cc0ebfe8648c9f6822c61a8~tplv-tiktokx-cropcenter:100:100.jpeg?dr=10399&refresh_token=666fd801&x-expires=1749942000&x-signature=1hroMP3iJdxVWf1iIRO9mmjK1dI%3D&t=4d5b0474&ps=13740610&shp=a5d48078&shcp=b59d6b55&idc=no1a,f,f,"[""catsoftiktok""]",7.441190150777916e+18,original sound - 😺,,😺zilch😺,13.0,t,https://v19.tiktokcdn-us.com/7645d0e2f6feb04608faa939c96cec72/67f97132/video/tos/useast5/tos-useast5-v-27dcd7c799-tx/oEgCivNEBNRGqfL0AAATwJeYofDLEaIOAETETQ/?a=1233&bti=NDU3ZjAwOg%3D%3D&ch=0&cr=0&dr=0&er=2&cd=0%7C0%7C0%7C0&br=250&bt=125&ds=5&ft=GSDrKInz7ThQCn.OXq8Zmo&mime_type=audio_mpeg&qs=13&rc=ank1c2w5cjQ5dzMzODU8NEBpank1c2w5cjQ5dzMzODU8NEA2Z2lzMmQ0ai9gLS1kMS1zYSM2Z2lzMmQ0ai9gLS1kMS1zcw%3D%3D&vvpl=1&l=20250411134436ED9378224104DE06FC00&btag=e00070000&download=true,https://tiktok.com/@/video/7473259312601746731,206511389,"The image shows a person lying down, looking up at the camera. They are in an indoor setting with a white wall behind them. There is no text visible in the image, and there are no other objects or actions noteworthy. The focus of the image is solely on the person's face as they look towards the camera."
7504725589929053482,2025-05-16 00:28:34.116833+02,1747330106,💙🍍 See Lilo & Stitch starting May 23 and get your collectibles before they’re gone! #carolinacinemas #sandhills10 #moorecountync #southernpinesnc #aberdeennc #themovies #fyp #foryou #stitch #liloandstitch #disney ,0,t,0.0,f,0,f,t,f,f,t,,0,t,10050.0,2025-06-15 21:24:14.918864+02,377084,30475,5858388,147725038,1908199,71.71,6,"{"""",https://p16-sign.tiktokcdn-us.com/tos-useast5-p-0068-tx/oI3iDEgd9ElwJycoA8B7IJImfQEY7BDSeDpRJF~tplv-photomode-tiktok-play.jpeg?lk3s=b59d6b55&x-expires=1747951200&x-signature=au8HZ5SKpG4y8cJSJimWCqZzhHs%3D&shp=b59d6b55&shcp=-,https://p16-pu-sign-useast8.tiktokcdn-us.com/tos-useast5-p-0068-tx/oI3iDEgd9ElwJycoA8B7IJImfQEY7BDSeDpRJF~tplv-photomode-share-play.jpeg?lk3s=b59d6b55&x-expires=1747951200&x-signature=U8gjTRHoUDZtWe8%2FDiscp77dcxk%3D&shp=b59d6b55&shcp=-}",21568226266894356,Carolina Cinemas Sandhills 10,"104 Brucewood Rd, Moore, North Carolina 28387, USA",Southern Pines,4492722.0,6252001,Recreation and Sport,Southern Pines,Southern Pines,21a0a5,Amusement,Recreation and Sport,Cinema,7354065443773121582,https://p16-sign-va.tiktokcdn.com/tos-maliva-avt-0068/4f701b51ccf50c143ae1b6b713d9f7b3~tplv-tiktokx-cropcenter:1080:1080.jpeg?dr=14579&refresh_token=5664b2d2&x-expires=1750341600&x-signature=T7J8P6elOffnJJMXu6uq9sXvUJc%3D&t=4d5b0474&ps=13740610&shp=a5d48078&shcp=b59d6b55&idc=maliva,https://p16-sign-va.tiktokcdn.com/tos-maliva-avt-0068/4f701b51ccf50c143ae1b6b713d9f7b3~tplv-tiktokx-cropcenter:720:720.jpeg?dr=14579&refresh_token=a7ebfb55&x-expires=1750341600&x-signature=rQ1UgeJ4ya2n0i7j%2FaKvhq%2BxZGM%3D&t=4d5b0474&ps=13740610&shp=a5d48078&shcp=b59d6b55&idc=maliva,https://p16-sign-va.tiktokcdn.com/tos-maliva-avt-0068/4f701b51ccf50c143ae1b6b713d9f7b3~tplv-tiktokx-cropcenter:100:100.jpeg?dr=14579&refresh_token=59f0e62d&x-expires=1750341600&x-signature=CX9AvV0y%2Fj%2F7FKH%2BkjTSrnI7RLg%3D&t=4d5b0474&ps=13740610&shp=a5d48078&shcp=b59d6b55&idc=maliva,f,f,"[""carolinacinemas"",""sandhills10"",""moorecountync"",""southernpinesnc"",""aberdeennc"",""themovies"",""fyp"",""foryou"",""stitch"",""liloandstitch"",""disney""]",6.617929173094632e+18,Original Sound,未知,Unknown,11.0,f,https://v19.tiktokcdn-us.com/f7700ff14f5495627c1053b16fc1448f/67f9c74c/video/tos/alisg/tos-alisg-v-27dcd7/fe714d543c4940468278c722bcfdd1fb/?a=1233&bti=NDU3ZjAwOg%3D%3D&ch=0&cr=0&dr=0&er=2&cd=0%7C0%7C0%7C0&br=250&bt=125&ds=5&ft=GSDrKInz7ThO2P.OXq8Zmo&mime_type=audio_mpeg&qs=13&rc=anVwc2k6ZmZzNzMzODU8NEBpanVwc2k6ZmZzNzMzODU8NEAxX29vcjRfNWRgLS1kMS1zYSMxX29vcjRfNWRgLS1kMS1zcw%3D%3D&vvpl=1&l=20250411195201F27788B38292A80E8593&btag=e00070000&download=true,https://tiktok.com/@/video/7504725589929053482,206308918,"- The main subject in the TikTok video is a person who appears to be engaged in some form of performance or dance, possibly involving hand gestures.
- The setting seems to be an indoor space, as there are no obvious outdoor features visible in the image.
- There is no clear indication of any notable objects or actions in the image, other than the individual's movements and the lighting effects present in the video."
7478738601128267051,2025-03-11 04:15:20.201329+01,1741279536,"I really love these big chops lol. Hair done, beard lined up, man my guy definitely left younger. I know wifey was happy too with the transformation 😂😂  LINK IN BIO TO SET AN APPOINTMENT ‼️ _______________________________________ ##richmondvabarber##richmondva##vabarber##rvabarber##barber##taperfade##haircut##nguyensteadycutting#transformation  ",0,t,0.0,f,0,f,t,f,f,t,,0,t,10025.0,2025-06-18 00:13:46.031532+02,503162,72960,11209177,93608004,968421,64.69,19,"{"""",https://p16-sign.tiktokcdn-us.com/tos-useast5-p-0068-tx/o8yAABEdT9DpRHgREKMoFHJDfeSB7nIE0qIMNl~tplv-photomode-tiktok-play.jpeg?lk3s=b59d6b55&x-expires=1745006400&x-signature=Nn5xuCNZQheXjCkTJUskU8aDLdQ%3D&shp=b59d6b55&shcp=-,https://p19-pu-sign-useast8.tiktokcdn-us.com/tos-useast5-p-0068-tx/o8yAABEdT9DpRHgREKMoFHJDfeSB7nIE0qIMNl~tplv-photomode-share-play.jpeg?lk3s=b59d6b55&x-expires=1745006400&x-signature=0Kcgs8U3otrPDzie3O54c1TY0aQ%3D&shp=b59d6b55&shcp=-}",21568298460312426,Richmond,"Richmond, Virginia, United States",,4781708.0,6252001,Place and Address,,,19a3a2,Places,Place and Address,District,6790065143411147781,https://p16-pu-sign-useast8.tiktokcdn-us.com/tos-useast8-avt-0068-tx2/9c6c3958b2e397ce04431056e8ace6ed~tplv-tiktokx-cropcenter:1080:1080.jpeg?dr=9640&refresh_token=0e065168&x-expires=1750363200&x-signature=v9q86UUSMMtFWldXiiS94RvXv6A%3D&t=4d5b0474&ps=13740610&shp=a5d48078&shcp=b59d6b55&idc=useast5,https://p16-pu-sign-useast8.tiktokcdn-us.com/tos-useast8-avt-0068-tx2/9c6c3958b2e397ce04431056e8ace6ed~tplv-tiktokx-cropcenter:720:720.jpeg?dr=9640&refresh_token=43093299&x-expires=1750363200&x-signature=pg%2Fv5E7usNOXgBlso1t%2FviwBXNA%3D&t=4d5b0474&ps=13740610&shp=a5d48078&shcp=b59d6b55&idc=useast5,https://p16-pu-sign-useast8.tiktokcdn-us.com/tos-useast8-avt-0068-tx2/9c6c3958b2e397ce04431056e8ace6ed~tplv-tiktokx-cropcenter:100:100.jpeg?dr=9640&refresh_token=98eaed28&x-expires=1750363200&x-signature=wuxQhnQIQCzjqhM%2BsaB6ulGDCcc%3D&t=4d5b0474&ps=13740610&shp=a5d48078&shcp=b59d6b55&idc=useast5,f,f,"[""richmondvabarber"",""richmondva"",""vabarber"",""rvabarber"",""barber"",""taperfade"",""haircut"",""nguyensteadycutting"",""transformation""]",7.478738552319135e+18,original sound,,Thai Nguyen • Richmond Barber,19.0,t,https://v19.tiktokcdn-us.com/0a00debd259fcd933f4e27c8862c6ea6/67f9d5ef/video/tos/useast5/tos-useast5-v-27dcd7-tx/oI7oAJiiOYEZ5ATzB5AEE0QiYfDDvFKpBBrAw2/?a=1233&bti=NDU3ZjAwOg%3D%3D&ch=0&cr=0&dr=0&er=2&cd=0%7C0%7C0%7C0&br=250&bt=125&ds=5&ft=GSDrKInz7Thi9q.OXq8Zmo&mime_type=audio_mpeg&qs=13&rc=anM2bnU5cmZ3eTMzZzU8NEBpanM2bnU5cmZ3eTMzZzU8NEBpYDJwMmRjLzFgLS1kMS9zYSNpYDJwMmRjLzFgLS1kMS9zcw%3D%3D&vvpl=1&l=202504112054199724DAA86E73F9108707&btag=e00078000&download=true,https://tiktok.com/@/video/7478738601128267051,205699774,"The image shows a person wearing sunglasses while posing in front of a mirror, making a hand gesture, seemingly at an indoor location such as a room with a white wall and a window. There are no other notable objects or actions."
7436131313725345057,2025-03-07 21:39:22.200066+01,1731359252,girl vs wifey material. #mentality #hopecore #corecore  #usa_tiktok #usa🇺🇸,0,t,0.0,f,0,f,t,f,f,t,,0,t,10012.0,2025-06-17 23:07:05.618658+02,664184,16983,10469752,99565726,225549,71.61,65,"{"""",https://p16-sign-useast2a.tiktokcdn.com/tos-useast2a-p-0037-euttp/owpQIGejNI6OaID3GDgFaZhoIfcfOeEEaAPlyA~tplv-photomode-tiktok-play.jpeg?lk3s=b59d6b55&x-expires=1745010000&x-signature=KxktT9klKjA7CPDgUD%2Fme%2FjNm7A%3D&shp=b59d6b55&shcp=-,https://p16-sign-useast2a.tiktokcdn.com/tos-useast2a-p-0037-euttp/owpQIGejNI6OaID3GDgFaZhoIfcfOeEEaAPlyA~tplv-photomode-share-play.jpeg?lk3s=b59d6b55&x-expires=1745010000&x-signature=QgrnhC8UB75ZVwQvXCuBph5FNik%3D&shp=b59d6b55&shcp=-}",22535865204451872,Sacramento County,"California, United States",,5389489.0,6252001,Place and Address,,,19a3a3,Places,Place and Address,Province,7305559432846885921,https://p16-sign-useast2a.tiktokcdn.com/tos-useast2a-avt-0068-euttp/4bda9b60a318a7a45528cba825738eb4~tplv-tiktokx-cropcenter:1080:1080.jpeg?dr=10399&refresh_token=9b1944a4&x-expires=1750359600&x-signature=g%2Bf9nqkCGfASiPDzolJwDrRjkWs%3D&t=4d5b0474&ps=13740610&shp=a5d48078&shcp=b59d6b55&idc=no1a,https://p16-sign-useast2a.tiktokcdn.com/tos-useast2a-avt-0068-euttp/4bda9b60a318a7a45528cba825738eb4~tplv-tiktokx-cropcenter:720:720.jpeg?dr=10399&refresh_token=51b11ac1&x-expires=1750359600&x-signature=Y1mYpnRrki1CaQcoyJ6fsZoQm0g%3D&t=4d5b0474&ps=13740610&shp=a5d48078&shcp=b59d6b55&idc=no1a,https://p16-sign-useast2a.tiktokcdn.com/tos-useast2a-avt-0068-euttp/4bda9b60a318a7a45528cba825738eb4~tplv-tiktokx-cropcenter:100:100.jpeg?dr=10399&refresh_token=f7739335&x-expires=1750359600&x-signature=QyQlgCD0OqQM5eSlaa7%2FCu3mnuY%3D&t=4d5b0474&ps=13740610&shp=a5d48078&shcp=b59d6b55&idc=no1a,f,f,"[""mentality"",""hopecore"",""corecore"",""usa_tiktok"",""usa\ud83c\uddfa\ud83c\uddf8""]",7.436131424035425e+18,original sound,,CoreRealm,65.0,t,https://v19.tiktokcdn-us.com/dd25178633d1e5c2dab7fb2452e2880a/67f9d927/video/tos/useast2a/tos-useast2a-v-2370-euttp/ooiK9fTyMoVEBBBMQIxiBPAnchmiIUxKzVkSAI/?a=1233&bti=NDU3ZjAwOg%3D%3D&ch=0&cr=0&dr=0&er=2&cd=0%7C0%7C0%7C0&br=250&bt=125&ft=GSDrKInz7ThPMq.OXq8Zmo&mime_type=audio_mpeg&qs=6&rc=PDU0ZWU5ZjVoNGhoZjxlZUBpam8zNWs5cjo6djMzZjU8M0BeYTZhNGFeXi0xYWM2MzReYSNybGU2MmRzMW1gLS1kMWNzcw%3D%3D&vvpl=1&l=20250411210717066BB2BF85A15B11984E&btag=e00090000&download=true,https://tiktok.com/@/video/7436131313725345057,204263246,"The main subject is a person playing with a toy, specifically with a small figurine or doll. They are holding the toy in their hands and appear to be spinning it between their fingers. The setting seems to be indoors, possibly a room or a living space, but specific details about the environment are not visible in the image provided. There is no text present in the image, so I cannot provide any information related to that."
7353001375418125611,2025-03-18 05:42:28.201154+01,1712004056,So cute 😂 Mime SeaWorld #meganthemime #seaworldmime #seaworldorlando ,0,t,0.0,f,0,f,t,f,f,t,7.35378431148242e+18,0,t,10003.0,2025-06-12 13:23:47.912262+02,677682,21192,11668784,87028850,755778,59.65,9,"{"""",https://p16-pu-sign-useast8.tiktokcdn-us.com/tos-useast5-p-0068-tx/843a881734e14b70a944b299324635e6_1712004058~tplv-photomode-tiktok-play.jpeg?lk3s=b59d6b55&x-expires=1744948800&x-signature=hbHY9eLfqe%2FO3UU%2B%2BIvLmI46Q5g%3D&shp=b59d6b55&shcp=-,https://p16-pu-sign-useast8.tiktokcdn-us.com/tos-useast5-p-0068-tx/843a881734e14b70a944b299324635e6_1712004058~tplv-photomode-share-play.jpeg?lk3s=b59d6b55&x-expires=1744948800&x-signature=kUI3elU7wTiOYrzHvahSr7Ot2Io%3D&shp=b59d6b55&shcp=-}",20442395496317516,SeaWorld Orlando,"7007 Sea World Dr, Orlando, FL 32821, United States",Orlando,4167147.0,6252001,Recreation and Sport,Orlando,Orlando,21a0a0,Amusement,Recreation and Sport,Amusement Park,7342696185100878890,https://p19-pu-sign-useast8.tiktokcdn-us.com/tos-useast5-avt-0068-tx/b4f63b0059bada4211a9a64050bf1695~tplv-tiktokx-cropcenter:1080:1080.jpeg?dr=9640&refresh_token=2850fc8b&x-expires=1750330800&x-signature=qlZmWS3Lzn8UBMl9pcXrAfnUOOc%3D&t=4d5b0474&ps=13740610&shp=a5d48078&shcp=b59d6b55&idc=useast5,https://p16-pu-sign-useast8.tiktokcdn-us.com/tos-useast5-avt-0068-tx/b4f63b0059bada4211a9a64050bf1695~tplv-tiktokx-cropcenter:720:720.jpeg?dr=9640&refresh_token=30694036&x-expires=1750330800&x-signature=R6DidQQtsPSJigFWEEECQm8MoHk%3D&t=4d5b0474&ps=13740610&shp=a5d48078&shcp=b59d6b55&idc=useast5,https://p19-pu-sign-useast8.tiktokcdn-us.com/tos-useast5-avt-0068-tx/b4f63b0059bada4211a9a64050bf1695~tplv-tiktokx-cropcenter:100:100.jpeg?dr=9640&refresh_token=fdb96007&x-expires=1750330800&x-signature=J0FKXlDBZpvfkQ8cbjHgcC2si4M%3D&t=4d5b0474&ps=13740610&shp=a5d48078&shcp=b59d6b55&idc=useast5,f,f,"[""meganthemime"",""seaworldmime"",""seaworldorlando""]",7.353001429918846e+18,original sound,,erykatravel,9.0,t,https://v16m.tiktokcdn-us.com/700614b83c4339ded38ae01bdb792b16/67f8ed6c/video/tos/useast5/tos-useast5-v-27dcd7-tx/ow2vUAn9FlNgLAbxiE4An6ZGBCEAqgpoqiAAs/?a=1233&bti=NDU3ZjAwOg%3D%3D&ch=0&cr=0&dr=0&er=2&cd=0%7C0%7C0%7C0&br=250&bt=125&ds=5&ft=GSDrKInz7ThrxV.OXq8Zmo&mime_type=audio_mpeg&qs=13&rc=ajNwdHQ5cnBrcjMzZzU8NEBpajNwdHQ5cnBrcjMzZzU8NEBnZGVoMmRrazJgLS1kMS9zYSNnZGVoMmRrazJgLS1kMS9zcw%3D%3D&vvpl=1&l=20250411042227D2866FB0DF2CC100D22D&btag=e00070000&download=true,https://tiktok.com/@/video/7353001375418125611,203716690,"The main subject is a person walking in what appears to be an urban environment, possibly a street or sidewalk. The setting suggests it could be nighttime. The person is wearing a hat and carrying what looks like a backpack. There are no other notable objects or actions visible in the image."
7503217553519496491,2025-05-12 21:20:52.140422+02,1746979008,Happy Mother’s Day to all the Momma’s!!! #satisfying #asmr #stressrelief #anxietyrelief #sealcoating ,0,t,0.0,f,0,f,t,f,f,t,,0,t,10070.0,2025-06-13 05:34:56.783279+02,233812,27283,5169682,151865040,159940,66.04,180,"{"""",https://p19-sign.tiktokcdn-us.com/tos-useast5-p-0068-tx/ocagPABFMI4CIBUtI1iiGiYCIEyGBp3gDkxBS~tplv-photomode-tiktok-play.jpeg?lk3s=b59d6b55&x-expires=1747681200&x-signature=KA75jDGBQ%2FzQvJ6aC%2FKSwTBdYZE%3D&shp=b59d6b55&shcp=-,https://p16-pu-sign-useast8.tiktokcdn-us.com/tos-useast5-p-0068-tx/ocagPABFMI4CIBUtI1iiGiYCIEyGBp3gDkxBS~tplv-photomode-share-play.jpeg?lk3s=b59d6b55&x-expires=1747681200&x-signature=ZDxQN%2FP1cydVo6LyQ1msx1XUa1Y%3D&shp=b59d6b55&shcp=-}",22535865254512330,Elk River,"Minnesota, United States",,5025471.0,6252001,Place and Address,,,19a3a0,Places,Place and Address,City,6948121319045088261,https://p16-pu-sign-useast8.tiktokcdn-us.com/tos-useast5-avt-0068-tx/1b467258b285221832b407721a81a812~tplv-tiktokx-cropcenter:1080:1080.jpeg?dr=9640&refresh_token=3db106d2&x-expires=1750327200&x-signature=OZSFdnPBcDQjqtV5y8pB62Ecoa0%3D&t=4d5b0474&ps=13740610&shp=a5d48078&shcp=b59d6b55&idc=useast8,https://p19-pu-sign-useast8.tiktokcdn-us.com/tos-useast5-avt-0068-tx/1b467258b285221832b407721a81a812~tplv-tiktokx-cropcenter:720:720.jpeg?dr=9640&refresh_token=0a497360&x-expires=1750327200&x-signature=3A%2Fcfbi%2BUQ0lAWlgnqHBwq2eRIo%3D&t=4d5b0474&ps=13740610&shp=a5d48078&shcp=f20df69d&idc=useast8,https://p19-pu-sign-useast8.tiktokcdn-us.com/tos-useast5-avt-0068-tx/1b467258b285221832b407721a81a812~tplv-tiktokx-cropcenter:100:100.jpeg?dr=9640&refresh_token=cd540911&x-expires=1750327200&x-signature=h9fQOgRXL6zJUw6NVrh5jq8yEUM%3D&t=4d5b0474&ps=13740610&shp=a5d48078&shcp=f20df69d&idc=useast8,f,f,"[""satisfying"",""asmr"",""StressRelief"",""anxietyrelief"",""sealcoating""]",7.503217679256292e+18,original sound,,Sealcoatinguys,180.0,t,https://v16m.tiktokcdn-us.com/0c57bafcd9c8e1f21eadb276a03f2e9b/68229f0c/video/tos/useast5/tos-useast5-v-27dcd7-tx/ocGQGevNoIYkIYkczAQALCABIeTZEA6OBHzAe6/?a=1233&bti=NDU3ZjAwOg%3D%3D&ch=0&cr=0&dr=0&er=2&cd=0%7C0%7C0%7C0&br=250&bt=125&ds=5&ft=GSDrKInz7Thw.RCKXq8Zmo&mime_type=audio_mpeg&qs=13&rc=amh3ZnU5cmtmMzMzZzU8NEBpamh3ZnU5cmtmMzMzZzU8NEAwbi5yMmRrZWRhLS1kMS9zYSMwbi5yMmRrZWRhLS1kMS9zcw%3D%3D&vvpl=1&l=20250512192023E17673850680BC1991AE&btag=e00058000&download=true,https://tiktok.com/@/video/7503217553519496491,203561860,"The image shows a person riding a skateboard indoors, specifically in a room with some objects around, such as a suitcase and a bench. There is no notable action or object, just the person casually riding the skateboard."
7210572029609676078,2025-04-18 02:10:29.955896+02,1678842137,#dog #dogs #funnydog #dogsvideo #dogvideosfunny #dogsoftiktok #foryoupage #doglove #funnydogvideos #foryou #bigdog #smartdog #puppies #puppy #fyp #dogvideo #pets #pet ,0,t,0.0,f,0,f,t,f,f,t,,0,t,10019.0,2025-04-18 02:10:32.099027+02,481126,62588,7349244,129643921,868406,60.65,11,"{"""",https://p16-pu-sign-useast8.tiktokcdn-us.com/tos-useast5-p-0068-tx/21664fe953be47a091bb2dd1b9e44507_1678842137~tplv-photomode-tiktok-play.jpeg?lk3s=b59d6b55&x-expires=1745539200&x-signature=hPhosnhGSRZ40dYVyrpRsRk234g%3D&shp=b59d6b55&shcp=-,https://p19-pu-sign-useast8.tiktokcdn-us.com/tos-useast5-p-0068-tx/21664fe953be47a091bb2dd1b9e44507_1678842137~tplv-photomode-share-play.jpeg?lk3s=b59d6b55&x-expires=1745539200&x-signature=9oOhOb7Odl5e3%2BgCmN%2Fmc1MRMIs%3D&shp=b59d6b55&shcp=-}",20442395496014600,Los Angeles Plaza Park,"125 Paseo de la Plz, Los Angeles, CA 90012, United States",Los Angeles,5368361.0,6252001,Outdoors and Traveling,Los Angeles,Los Angeles,08a0b0,Landmarks,Outdoors and Traveling,Plaza,7070290434572076074,https://p16-common-sign-va.tiktokcdn-us.com/tos-maliva-avt-0068/c162a0896bf707d4e2d0b835cd0fae80~tplv-tiktokx-cropcenter:1080:1080.jpeg?dr=9640&refresh_token=4e473807&x-expires=1750309200&x-signature=OfEDoI04sFTjeXfq0XI6quANRvA%3D&t=4d5b0474&ps=13740610&shp=a5d48078&shcp=b59d6b55&idc=useast8,https://p16-common-sign-va.tiktokcdn-us.com/tos-maliva-avt-0068/c162a0896bf707d4e2d0b835cd0fae80~tplv-tiktokx-cropcenter:720:720.jpeg?dr=9640&refresh_token=6986f78f&x-expires=1750309200&x-signature=xpVAzRcDtaP4qoo9QVg1hNjUTW0%3D&t=4d5b0474&ps=13740610&shp=a5d48078&shcp=b59d6b55&idc=useast8,https://p16-common-sign-va.tiktokcdn-us.com/tos-maliva-avt-0068/c162a0896bf707d4e2d0b835cd0fae80~tplv-tiktokx-cropcenter:100:100.jpeg?dr=9640&refresh_token=95212f2b&x-expires=1750309200&x-signature=KdfxCTt5t%2BEdiOy9PrNbMtQliwM%3D&t=4d5b0474&ps=13740610&shp=a5d48078&shcp=b59d6b55&idc=useast8,f,f,"[""dog"",""dogs"",""funnydog"",""dogsvideo"",""dogvideosfunny"",""dogsoftiktok"",""foryoupage"",""doglove"",""funnydogvideos"",""foryou"",""bigdog"",""smartdog"",""puppies"",""puppy"",""fyp"",""dogvideo"",""pets"",""pet""]",7.103996508323744e+18,This Is a Work of Art (Sketchy),This Is a Work of Art (Sketchy),Dubskie,60.0,f,https://sf16.tiktokcdn-us.com/obj/tos-alisg-ve-2774/oEsQt58SEFCVkndgYZqDQ2cycLiqX9l7iBQfBf,https://tiktok.com/@/video/7210572029609676078,203136361,"The main subject in the image is a person who appears to be dancing or performing some sort of movement, possibly with a towel around their waist. The setting seems to be an indoor environment, likely a home or a room with domestic features such as a countertop. Notable objects include a towel and what appears to be a bottle on the countertop."
7261665762803207467,2025-03-07 22:00:56.44026+01,1690738325,Why’s he kinda… 😻#fyp #southcarolina #fyppppppppppppppppppppppp #fyppppppppppppppppppppppppppppppppppp #pickupline #rizz #regal #regalcinemas ,0,t,0.0,f,0,f,t,f,f,t,,0,t,10003.0,2025-05-09 04:11:44.386663+02,1326266,37954,12673697,75648714,252654,64.32,5,"{"""",https://p16-sign.tiktokcdn-us.com/tos-useast5-p-0068-tx/38466496658549f9b943a6633aa34b74_1690738325~tplv-photomode-tiktok-play.jpeg?lk3s=b59d6b55&x-expires=1745010000&x-signature=N5hCYCuraVocZ%2BjpIGJjwe9BO34%3D&shp=b59d6b55&shcp=-,https://p19-pu-sign-useast8.tiktokcdn-us.com/tos-useast5-p-0068-tx/38466496658549f9b943a6633aa34b74_1690738325~tplv-photomode-share-play.jpeg?lk3s=b59d6b55&x-expires=1745010000&x-signature=HIoj3G4UjCdwTmmYPsVuxmA7VqA%3D&shp=b59d6b55&shcp=-}",22535796719397747,Regal Cinemas Simpsonville & IMAX,"780 South St, Simpsonville, United States",Simpsonville,4595864.0,6252001,Recreation and Sport,Simpsonville,Simpsonville,21a0a5,Amusement,Recreation and Sport,Cinema,7241797786378683434,https://p16-sign-va.tiktokcdn.com/tos-maliva-avt-0068/a60c2756edb5d015b0ce5afae68980e6~tplv-tiktokx-cropcenter:1080:1080.jpeg?dr=14579&refresh_token=57e9f14f&x-expires=1748282400&x-signature=yQ0oEdtHrMQoHLHWmO23ruNTzkQ%3D&t=4d5b0474&ps=13740610&shp=a5d48078&shcp=b59d6b55&idc=maliva,https://p16-sign-va.tiktokcdn.com/tos-maliva-avt-0068/a60c2756edb5d015b0ce5afae68980e6~tplv-tiktokx-cropcenter:720:720.jpeg?dr=14579&refresh_token=caa4fdc1&x-expires=1748282400&x-signature=%2FPpNZsVyu%2FUq4s9LDGOSmGNc8ls%3D&t=4d5b0474&ps=13740610&shp=a5d48078&shcp=b59d6b55&idc=maliva,https://p16-sign-va.tiktokcdn.com/tos-maliva-avt-0068/a60c2756edb5d015b0ce5afae68980e6~tplv-tiktokx-cropcenter:100:100.jpeg?dr=14579&refresh_token=1869e9e4&x-expires=1748282400&x-signature=7Zqrt%2F8Cpr2dCLpUuhyEL82kgh0%3D&t=4d5b0474&ps=13740610&shp=a5d48078&shcp=b59d6b55&idc=maliva,f,f,"[""fyp"",""southcarolina"",""fyppppppppppppppppppppppp"",""fyppppppppppppppppppppppppppppppppppp"",""pickupline"",""rizz"",""regal"",""regalcinemas""]",7.261665775721713e+18,AYO WAIT A MINUTE,,Payton<3,5.0,t,https://v16m.tiktokcdn-us.com/713b3be586bce317305016ddbf4e9358/67f9e0eb/video/tos/useast5/tos-useast5-v-27dcd7-tx/58c9651c52fc4a91b9d366035909902c/?a=1233&bti=NDU3ZjAwOg%3D%3D&ch=0&cr=0&dr=0&er=2&cd=0%7C0%7C0%7C0&br=250&bt=125&ds=5&ft=GSDrKInz7ThPpq.OXq8Zmo&mime_type=audio_mpeg&qs=13&rc=amlwajc6Zjg8bTMzZzU8NEBpamlwajc6Zjg8bTMzZzU8NEBvbmMycjRfcTBgLS1kMS9zYSNvbmMycjRfcTBgLS1kMS9zcw%3D%3D&vvpl=1&l=202504112141264AD21BAD6B6F612AFB49&btag=e00070000&download=true,https://tiktok.com/@/video/7261665762803207467,202385684,"The main subject of the TikTok video is a person performing a dance move in front of a mirror. The setting appears to be an indoor room, and the environment looks like a home or dance studio. There are no notable objects or actions visible in this image."
7309270750425271583,2025-03-19 17:13:29.646471+01,1701822226,carol of the tones 🥰,0,t,0.0,f,0,f,t,f,f,t,7.316350741306707e+18,0,t,,2025-03-30 13:35:53.511456+02,1567695,57041,12689108,75161043,125724,67.39,88,"{"""",https://p16-pu-sign-useast8.tiktokcdn-us.com/tos-useast8-p-0068-tx2/eda577508783420fa2c8114d4ddf0a89_1701822229~tplv-photomode-tiktok-play.jpeg?lk3s=b59d6b55&x-expires=1743937200&x-signature=FFYDsiEk799vRtoJlYBdQCFsgTA%3D&shp=b59d6b55&shcp=-,https://p16-pu-sign-useast8.tiktokcdn-us.com/tos-useast8-p-0068-tx2/eda577508783420fa2c8114d4ddf0a89_1701822229~tplv-photomode-share-play.jpeg?lk3s=b59d6b55&x-expires=1743937200&x-signature=DYza82QYzZ51lDAxRNkdZo%2FUyYo%3D&shp=b59d6b55&shcp=-}",22535796482955443,Boston College,"140 Commonwealth Ave, Chestnut Hill, United States",Chestnut Hill,116020305.0,6252001,Education,Chestnut Hill,Chestnut Hill,14a0a6,College and University,Education,Other College and University,7164953311922439214,https://p16-sign-va.tiktokcdn.com/tos-maliva-avt-0068/8d4c8d84ae81e45c91314f6751fca811~tplv-tiktokx-cropcenter:1080:1080.jpeg?dr=10399&refresh_token=651f2cb8&x-expires=1747458000&x-signature=H7oAu4EHotO9PG4Cu7fTMYVOBIA%3D&t=4d5b0474&ps=13740610&shp=a5d48078&shcp=b59d6b55&idc=no1a,https://p16-sign-va.tiktokcdn.com/tos-maliva-avt-0068/8d4c8d84ae81e45c91314f6751fca811~tplv-tiktokx-cropcenter:720:720.jpeg?dr=10399&refresh_token=2775ea5e&x-expires=1747458000&x-signature=NGKsZqdf1OCjWTyRtMoyH3eQ4qg%3D&t=4d5b0474&ps=13740610&shp=a5d48078&shcp=b59d6b55&idc=no1a,https://p16-sign-va.tiktokcdn.com/tos-maliva-avt-0068/8d4c8d84ae81e45c91314f6751fca811~tplv-tiktokx-cropcenter:100:100.jpeg?dr=10399&refresh_token=6ab2a285&x-expires=1747458000&x-signature=%2Bv4X9Tu8yXiwi%2F39Aw4S0bNMdqk%3D&t=4d5b0474&ps=13740610&shp=a5d48078&shcp=b59d6b55&idc=no1a,f,f,[],7.309270783455514e+18,original sound,,the tone tok,88.0,t,https://v19.tiktokcdn-us.com/b81de1be8bb22f7feb793687feedb00c/67f8ad41/video/tos/useast8/tos-useast8-v-27dcd7-tx2/oIBEVEvIAC8gEkhrJFf97lDBTAbJqEUfxAzUAv/?a=1233&bti=NDU3ZjAwOg%3D%3D&ch=0&cr=0&dr=0&er=2&cd=0%7C0%7C0%7C0&br=250&bt=125&ds=5&ft=GSDrKInz7Thvow.OXq8Zmo&mime_type=audio_mpeg&qs=13&rc=M2U6Omo5cjh1bzMzaTU8NEBpM2U6Omo5cjh1bzMzaTU8NEBpc2ttMmQ0cmtgLS1kMTJzYSNpc2ttMmQ0cmtgLS1kMTJzcw%3D%3D&vvpl=1&l=20250410234720284A5799D260671A3D22&btag=e00050000&download=true,https://tiktok.com/@/video/7309270750425271583,202052123,"The main subject of the TikTok video is a person standing in front of a mirror, holding a phone. The setting appears to be an indoor room with a tiled floor. There's no notable objects or actions beyond what has already been described."
7226754712283041070,2025-03-18 19:34:11.968107+01,1682609962,Life isnt always as it seems @sofyank96 ,0,t,0.0,f,0,f,t,f,f,t,,0,t,10006.0,2025-06-11 10:35:22.869874+02,233343,18075,7392214,127989912,102029,69.26,19,"{"""",https://p19-sign.tiktokcdn-us.com/tos-useast5-p-0068-tx/212d5c1e2ecf40d7a155bbc14098ebb0_1682609964~tplv-photomode-tiktok-play.jpeg?lk3s=b59d6b55&x-expires=1744668000&x-signature=BrNHHG941gbDeMDxjg8Nv9s%2BQQY%3D&shp=b59d6b55&shcp=-,https://p19-pu-sign-useast8.tiktokcdn-us.com/tos-useast5-p-0068-tx/212d5c1e2ecf40d7a155bbc14098ebb0_1682609964~tplv-photomode-share-play.jpeg?lk3s=b59d6b55&x-expires=1744668000&x-signature=cu9EibVoAHQYBziZHQzHssbLo9E%3D&shp=b59d6b55&shcp=-}",22535865250298805,Greater Los Angeles,"California, United States",,5351549.0,6252001,Place and Address,,,19a3a6,Places,Place and Address,Other Places,68616495085350913,https://p16-sign-sg.tiktokcdn.com/tos-alisg-avt-0068/smgf5f369c884044a8df770614bbfd64717~tplv-tiktokx-cropcenter:1080:1080.jpeg?dr=10399&refresh_token=e40cff97&x-expires=1750366800&x-signature=Ny5W%2BcVI0DHgrq7lOSA0nH5i27A%3D&t=4d5b0474&ps=13740610&shp=a5d48078&shcp=81f88b70&idc=no1a,https://p16-sign-sg.tiktokcdn.com/tos-alisg-avt-0068/smgf5f369c884044a8df770614bbfd64717~tplv-tiktokx-cropcenter:720:720.jpeg?dr=10399&refresh_token=5cf94b4d&x-expires=1750366800&x-signature=o%2BkCPWZ%2FGXBgfRl0ipm9T5zfETA%3D&t=4d5b0474&ps=13740610&shp=a5d48078&shcp=81f88b70&idc=no1a,https://p16-sign-sg.tiktokcdn.com/tos-alisg-avt-0068/smgf5f369c884044a8df770614bbfd64717~tplv-tiktokx-cropcenter:100:100.jpeg?dr=10399&refresh_token=38de4450&x-expires=1750366800&x-signature=ATunztIKIOuK6MtF1z8isx7rBaY%3D&t=4d5b0474&ps=13740610&shp=a5d48078&shcp=81f88b70&idc=no1a,,t,[],7.226754674949508e+18,original sound,,Zach King,19.0,t,https://v19.tiktokcdn-us.com/505cf1b88c114267948fc0a154e8f84e/67f4a788/video/tos/useast5/tos-useast5-v-27dcd7-tx/27a47b8360224d7b97244455eca61ea9/?a=1233&bti=NDU3ZjAwOg%3D%3D&ch=0&cr=0&dr=0&er=2&cd=0%7C0%7C0%7C0&br=250&bt=125&ds=5&ft=GSDrKInz7Th_Aw3OXq8Zmo&mime_type=audio_mpeg&qs=13&rc=M3JmNWQ6ZmQ8azMzZzU8NEBpM3JmNWQ6ZmQ8azMzZzU8NEBycW1lcjRvYjJgLS1kMS9zYSNycW1lcjRvYjJgLS1kMS9zcw%3D%3D&vvpl=1&l=20250407223500966F6DB4C7385D1BBDC9&btag=e00078000&download=true,https://tiktok.com/@/video/7226754712283041070,201912052,"- The main subject of the TikTok video is a person dancing.
- The setting is indoors with the focus being on the dancer.
- There is no notable object or action in this image."
7273906931767495979,2025-03-11 19:39:00.966446+01,1693588442,Moana Journey of Water Preview 💚🩵🌊🌺🐚✨ #moana #epcot #wdw #waltdisneyworld #epcotball #journeyofwater #moana🌺🌺🌸🌸🏝🏝💦💦 #pua ,0,t,0.0,f,0,f,t,f,f,t,7.295856591574781e+18,0,t,10086.0,2025-06-17 08:44:52.496803+02,1347566,41177,12774135,73588948,796426,62.63,17,"{"""",https://p16-pu-sign-useast8.tiktokcdn-us.com/tos-useast5-p-0068-tx/e9b56e27545d4257a681e2dd63d4def2_1706846400~tplv-photomode-tiktok-play.jpeg?lk3s=b59d6b55&x-expires=1744704000&x-signature=prs5EHhZs8nYrY%2BYJWLtSASpiBA%3D&shp=b59d6b55&shcp=-,https://p19-sign.tiktokcdn-us.com/tos-useast5-p-0068-tx/e9b56e27545d4257a681e2dd63d4def2_1706846400~tplv-photomode-share-play.jpeg?lk3s=b59d6b55&x-expires=1744704000&x-signature=105QYKxyBzrIYReMGrD3RRcO1nE%3D&shp=b59d6b55&shcp=-}",23661696388470057,Epcot,"Bay Lake, FL, United States",Lake Buena Vista,7170298.0,6252001,Recreation and Sport,Lake Buena Vista,Lake Buena Vista,21a0a0,Amusement,Recreation and Sport,Amusement Park,6762263807757108230,https://p16-sign-va.tiktokcdn.com/tos-maliva-avt-0068/d4c4183f2febe9f925c3bc53f3723b54~tplv-tiktokx-cropcenter:1080:1080.jpeg?dr=14579&refresh_token=d2694be0&x-expires=1750345200&x-signature=fPnLUCve%2F26BZUpZpRMIKdJZsME%3D&t=4d5b0474&ps=13740610&shp=a5d48078&shcp=b59d6b55&idc=maliva,https://p16-sign-va.tiktokcdn.com/tos-maliva-avt-0068/d4c4183f2febe9f925c3bc53f3723b54~tplv-tiktokx-cropcenter:720:720.jpeg?dr=14579&refresh_token=c75fea21&x-expires=1750345200&x-signature=lsEXaCNSTEyHbGWj%2FnM4tPU%2Fz2M%3D&t=4d5b0474&ps=13740610&shp=a5d48078&shcp=b59d6b55&idc=maliva,https://p16-sign-va.tiktokcdn.com/tos-maliva-avt-0068/d4c4183f2febe9f925c3bc53f3723b54~tplv-tiktokx-cropcenter:100:100.jpeg?dr=14579&refresh_token=7a2b46af&x-expires=1750345200&x-signature=03c20C5HAnSGnh9rNQ7UyhVqov0%3D&t=4d5b0474&ps=13740610&shp=a5d48078&shcp=b59d6b55&idc=maliva,f,f,"[""moana"",""epcot"",""wdw"",""waltdisneyworld"",""epcotball"",""journeyofwater"",""moana\ud83c\udf3a\ud83c\udf3a\ud83c\udf38\ud83c\udf38\ud83c\udfdd\ud83c\udfdd\ud83d\udca6\ud83d\udca6"",""pua""]",7.184496212328844e+18,Moana speed audio,,Speed audios,174.0,t,,https://tiktok.com/@/video/7273906931767495979,201330298,"The main subject in the image appears to be a person dancing or performing some kind of action, as suggested by their body position and movement. The environment is a room with a noticeable object in the corner. The specific actions or objects are not clear due to the low resolution and small size of the image."
7465823960064838958,2025-03-07 19:40:57.882074+01,1738272648,We tried #staffordshirebullterrier #staffy #staffysoftiktoklove #fypp #fypシ゚viral #funnyvideo #funnymoments #puppytiktok #cutedog #cuteanimals ,0,t,0.0,f,0,f,t,f,f,t,,0,t,10019.0,2025-06-17 21:39:50.219795+02,865287,147005,12523377,75016368,2396989,62.45,62,"{"""",https://p19-pu-sign-useast8.tiktokcdn-us.com/tos-useast5-p-0068-tx/o8kImaFN9QDzf8DA7EeAfJE3PbQnjgxHkG497C~tplv-photomode-tiktok-play.jpeg?lk3s=b59d6b55&x-expires=1745024400&x-signature=65hB6g1OqDODv230F4AI1ucgWpk%3D&shp=b59d6b55&shcp=-,https://p19-pu-sign-useast8.tiktokcdn-us.com/tos-useast5-p-0068-tx/o8kImaFN9QDzf8DA7EeAfJE3PbQnjgxHkG497C~tplv-photomode-share-play.jpeg?lk3s=b59d6b55&x-expires=1745024400&x-signature=PQBaPboD%2BYCOHv%2FVowGcpkm89aU%3D&shp=b59d6b55&shcp=-}",21568226266585973,Boston Massachusetts Temple,"100 Hinckley Way, Belmont, MA 02478, United States",Belmont,4930282.0,6252001,Outdoors and Traveling,Belmont,Belmont,08a3a0,Religion,Outdoors and Traveling,Church,7380164967842186283,https://p16-sign.tiktokcdn-us.com/tos-useast5-avt-0068-tx/9ea6c2eea0900ef797c1342ffbfb0f62~tplv-tiktokx-cropcenter:1080:1080.jpeg?dr=9640&refresh_token=6d8521fa&x-expires=1750320000&x-signature=58gMgzPQaY7BSAWD%2BqmnhCspMUc%3D&t=4d5b0474&ps=13740610&shp=a5d48078&shcp=b59d6b55&idc=useast5,https://p19-sign.tiktokcdn-us.com/tos-useast5-avt-0068-tx/9ea6c2eea0900ef797c1342ffbfb0f62~tplv-tiktokx-cropcenter:720:720.jpeg?dr=9640&refresh_token=cdc972be&x-expires=1750320000&x-signature=CP29T5A%2FbTRBQZxUzh2ENFf20m8%3D&t=4d5b0474&ps=13740610&shp=a5d48078&shcp=b59d6b55&idc=useast5,https://p16-sign.tiktokcdn-us.com/tos-useast5-avt-0068-tx/9ea6c2eea0900ef797c1342ffbfb0f62~tplv-tiktokx-cropcenter:100:100.jpeg?dr=9640&refresh_token=efd4cda2&x-expires=1750320000&x-signature=Syv1mGLZ50Vl76K19ozoieXPNBw%3D&t=4d5b0474&ps=13740610&shp=a5d48078&shcp=b59d6b55&idc=useast5,f,f,"[""staffordshirebullterrier"",""staffy"",""staffysoftiktoklove"",""fypp"",""fyp\u30b7\u309aviral"",""funnyvideo"",""funnymoments"",""puppytiktok"",""cutedog"",""cuteanimals""]",7.465824067367767e+18,original sound,,enzothebluestaffordshire,62.0,t,https://v16m.tiktokcdn-us.com/2643f5a1fe16897580144edadb0c65bb/67fa1cc0/video/tos/useast5/tos-useast5-v-27dcd7-tx/o8mTyNICJAfhqbk4oC8V7xAEGeE8LHAePCAP9E/?a=1233&bti=NDU3ZjAwOg%3D%3D&ch=0&cr=0&dr=0&er=2&cd=0%7C0%7C0%7C0&br=250&bt=125&ds=5&ft=GSDrKInz7ThmfZ.OXq8Zmo&mime_type=audio_mpeg&qs=13&rc=M3hscnY5cjV4eDMzZzU8NEBpM3hscnY5cjV4eDMzZzU8NEBnYzVrMmRrc2FgLS1kMS9zYSNnYzVrMmRrc2FgLS1kMS9zcw%3D%3D&vvpl=1&l=202504120155458CF150AC79A0FE3214D6&btag=e00050000&download=true,https://tiktok.com/@/video/7465823960064838958,200250138,"The main subject of this TikTok video is a person using their phone to take a selfie in front of a mirror. There are no other people visible in the image, and the background is blurred but suggests an indoor setting. The most notable objects are the phone and the mirror."
7386733635656781087,2025-03-08 01:45:24.517088+01,1719857967,Why he yell like that?😂#MyDolceMoment @Destiny💕 ,0,t,0.0,f,0,f,t,f,f,t,,0,t,10001.0,2025-06-17 04:01:24.225589+02,1105477,38086,12691192,72931367,1236565,59.89,68,"{"""",https://p19-pu-sign-useast8.tiktokcdn-us.com/tos-useast8-p-0068-tx2/d3fbe81a117c471a8977cf3d020c9585_1719857970~tplv-photomode-tiktok-play.jpeg?lk3s=b59d6b55&x-expires=1745010000&x-signature=429UNC%2Fzeh%2B8oIeoahWSN9Zrn3M%3D&shp=b59d6b55&shcp=-,https://p16-pu-sign-useast8.tiktokcdn-us.com/tos-useast8-p-0068-tx2/d3fbe81a117c471a8977cf3d020c9585_1719857970~tplv-photomode-share-play.jpeg?lk3s=b59d6b55&x-expires=1745010000&x-signature=hrehq7vw8Q%2BCFghdidwzG4KBtRc%3D&shp=b59d6b55&shcp=-}",22535865203338155,Florida,United States,,4156326.0,6252001,Place and Address,,,19a3a3,Places,Place and Address,Province,7062209154486141998,https://p16-pu-sign-useast8.tiktokcdn-us.com/tos-useast5-avt-0068-tx/eef14d08e6fa7ebc4a586982c43c912b~tplv-tiktokx-cropcenter:1080:1080.jpeg?dr=9640&refresh_token=725ad5da&x-expires=1750341600&x-signature=sU3ok2VYY%2Fe69BSobmkolu8cX%2Fk%3D&t=4d5b0474&ps=13740610&shp=a5d48078&shcp=b59d6b55&idc=useast8,https://p19-pu-sign-useast8.tiktokcdn-us.com/tos-useast5-avt-0068-tx/eef14d08e6fa7ebc4a586982c43c912b~tplv-tiktokx-cropcenter:720:720.jpeg?dr=9640&refresh_token=c2fedbf9&x-expires=1750341600&x-signature=iIxs3BXPxWYSt5aBnFAZUJEvb%2FY%3D&t=4d5b0474&ps=13740610&shp=a5d48078&shcp=f20df69d&idc=useast8,https://p16-pu-sign-useast8.tiktokcdn-us.com/tos-useast5-avt-0068-tx/eef14d08e6fa7ebc4a586982c43c912b~tplv-tiktokx-cropcenter:100:100.jpeg?dr=9640&refresh_token=53d72219&x-expires=1750341600&x-signature=GhqjKyJw3vAcGDTiP5kOzXFrt0c%3D&t=4d5b0474&ps=13740610&shp=a5d48078&shcp=f20df69d&idc=useast8,f,f,"[""MyDolceMoment""]",7.386733697799687e+18,original sound,,Thatboydrew22,68.0,t,https://v16m.tiktokcdn-us.com/f171224a1f53ad1fa6e76dbbe6d0f908/67f9d933/video/tos/useast8/tos-useast8-v-27dcd7-tx2/osErEJBmtgC8MFf7xgCDzAAUVKEfCx5AdEApEv/?a=1233&bti=NDU3ZjAwOg%3D%3D&ch=0&cr=0&dr=0&er=2&cd=0%7C0%7C0%7C0&br=250&bt=125&ds=5&ft=GSDrKInz7ThLMq.OXq8Zmo&mime_type=audio_mpeg&qs=13&rc=M2R1Z3I5cmZpdDMzaTU8NEBpM2R1Z3I5cmZpdDMzaTU8NEBkcjJyMmRjMy5gLS1kMTJzYSNkcjJyMmRjMy5gLS1kMTJzcw%3D%3D&vvpl=1&l=2025041121072631096683083A661BAFAE&btag=e00050000&download=true,https://tiktok.com/@/video/7386733635656781087,199843287,"The main subject of the TikTok video is a person wearing makeup while dancing to music. They are in an indoor environment with dark lighting, which creates an intimate atmosphere. The notable action in the image is the person twirling around, showcasing their dance moves."
7347681547635428654,2025-04-25 17:32:12.126879+02,1710765497,Lice and nits treatment in our parlour 🤮#lice #longgervideos #j4f #licetreatment ,0,t,0.0,f,0,f,t,f,f,t,,0,t,10021.0,2025-06-17 19:50:23.727747+02,234607,108252,2691145,171840520,1160277,55.26,70,"{"""",https://p19-sign.tiktokcdn-us.com/tos-useast5-p-0068-tx/dbd46b35c1ca41f5a050d4c825b34791_1710765499~tplv-photomode-tiktok-play.jpeg?lk3s=b59d6b55&x-expires=1746198000&x-signature=JX9kkAJlbTTNi68us%2BEAEhbJhME%3D&shp=b59d6b55&shcp=-,https://p16-pu-sign-useast8.tiktokcdn-us.com/tos-useast5-p-0068-tx/dbd46b35c1ca41f5a050d4c825b34791_1710765499~tplv-photomode-share-play.jpeg?lk3s=b59d6b55&x-expires=1746198000&x-signature=Ai2Lc7G%2F0zPsgRgYJ81QLn9%2FHh8%3D&shp=b59d6b55&shcp=-}",22535865201205278,New York,United States,,5128581.0,6252001,Place and Address,,,19a3a0,Places,Place and Address,City,7266417600342574122,https://p16-sign-va.tiktokcdn.com/tos-maliva-avt-0068/913b0ec141a7803982a3e3bcd04a34c8~tplv-tiktokx-cropcenter:1080:1080.jpeg?dr=14579&refresh_token=69a7340c&x-expires=1750352400&x-signature=lt3B5t7YMXDbMbgf2VPcVlYZ8kM%3D&t=4d5b0474&ps=13740610&shp=a5d48078&shcp=b59d6b55&idc=maliva,https://p16-sign-va.tiktokcdn.com/tos-maliva-avt-0068/913b0ec141a7803982a3e3bcd04a34c8~tplv-tiktokx-cropcenter:720:720.jpeg?dr=14579&refresh_token=e8de9e23&x-expires=1750352400&x-signature=p9smuJ1Muakcj9VKla6OW5qApCs%3D&t=4d5b0474&ps=13740610&shp=a5d48078&shcp=b59d6b55&idc=maliva,https://p16-sign-va.tiktokcdn.com/tos-maliva-avt-0068/913b0ec141a7803982a3e3bcd04a34c8~tplv-tiktokx-cropcenter:100:100.jpeg?dr=14579&refresh_token=8df7cdde&x-expires=1750352400&x-signature=p8ynWzkKwoPQvFPfFJpytQpFEnQ%3D&t=4d5b0474&ps=13740610&shp=a5d48078&shcp=b59d6b55&idc=maliva,f,f,"[""lice"",""longgervideos"",""j4f"",""licetreatment""]",7.072513628145977e+18,Aesthetic,Aesthetic,Tollan Kim,60.0,f,https://sf16.tiktokcdn-us.com/obj/tos-alisg-ve-2774/oUNeBfzfaiygM4IrCOMAiC17IRzyFjNa9DI1Fs,https://tiktok.com/@/video/7347681547635428654,198751970,"- The main subject of the video is a person making a funny face with their mouth open, likely attempting to entertain or amuse the viewer.
- The setting appears to be indoors, possibly in a residential or casual environment.
- There is no other significant object or action in the image, and the focus remains on the person's facial expression and their mouth being open."
7381522617179639070,2025-04-11 19:30:34.230891+02,1718644696,"I made the perfect guest bed headboard using an old door I found on @Facebook Marketplace! Unique vintage finds always excite me, and I love letting my DIY imagination run wild. What will you find and where will it take you?  #ad",0,t,0.0,t,3,f,t,f,f,t,,0,t,10044.0,2025-06-07 12:58:44.620805+02,30210,0,543463,193174349,4564,67.88,50,"{"""",https://p19-pu-sign-useast8.tiktokcdn-us.com/tos-useast8-p-0068-tx2/dd0e9b23749649fda1202858bc308dac_1718644699~tplv-photomode-tiktok-play.jpeg?lk3s=b59d6b55&x-expires=1744992000&x-signature=Q66hfRaSXMZvPC4FsuxIMtq67vc%3D&shp=b59d6b55&shcp=-,https://p19-pu-sign-useast8.tiktokcdn-us.com/tos-useast8-p-0068-tx2/dd0e9b23749649fda1202858bc308dac_1718644699~tplv-photomode-share-play.jpeg?lk3s=b59d6b55&x-expires=1744992000&x-signature=bqDAqLgCb%2BZjlsot8PSsriYcw4w%3D&shp=b59d6b55&shcp=-}",21568295348705277,Los Angeles,"Los Angeles, United States",,5368361.0,6252001,Place and Address,,,19a3a0,Places,Place and Address,City,6694694071464576005,https://p16-sign-va.tiktokcdn.com/tos-maliva-avt-0068/7341209448738160683~tplv-tiktokx-cropcenter:1080:1080.jpeg?dr=10399&refresh_token=921d7eb9&x-expires=1750327200&x-signature=weBnK6WrND5sWyldVN%2FRoYfPiCc%3D&t=4d5b0474&ps=13740610&shp=a5d48078&shcp=b59d6b55&idc=no1a,https://p16-sign-va.tiktokcdn.com/tos-maliva-avt-0068/7341209448738160683~tplv-tiktokx-cropcenter:720:720.jpeg?dr=10399&refresh_token=a71ded98&x-expires=1750327200&x-signature=P77z5A4fQg5ZEVH2%2ByAV7Mgtc9g%3D&t=4d5b0474&ps=13740610&shp=a5d48078&shcp=b59d6b55&idc=no1a,https://p16-sign-va.tiktokcdn.com/tos-maliva-avt-0068/7341209448738160683~tplv-tiktokx-cropcenter:100:100.jpeg?dr=10399&refresh_token=0e626995&x-expires=1750327200&x-signature=%2Fc9ZwBFQno4IcWTb5xKxVZRn%2Fgs%3D&t=4d5b0474&ps=13740610&shp=a5d48078&shcp=b59d6b55&idc=no1a,f,t,"[""ad""]",7.38152272905852e+18,original sound,,Lone Fox,50.0,t,https://v16m.tiktokcdn-us.com/a5c3eda057966da47558cdc1c409f79a/67f9959c/video/tos/useast8/tos-useast8-v-27dcd7-tx2/ocodwaIAqfEF2EN3DWTF74fnAfD3ICAIlA7Mdg/?a=1233&bti=NDU3ZjAwOg%3D%3D&ch=0&cr=0&dr=0&er=2&cd=0%7C0%7C0%7C0&br=250&bt=125&ds=5&ft=GSDrKInz7ThNV-.OXq8Zmo&mime_type=audio_mpeg&qs=13&rc=ajV1Znc5cnA5czMzaTU8NEBpajV1Znc5cnA5czMzaTU8NEBxMnFrMmRrc2xgLS1kMTJzYSNxMnFrMmRrc2xgLS1kMTJzcw%3D%3D&vvpl=1&l=2025041116192160C670798A5FB2087560&btag=e00048000&download=true,https://tiktok.com/@/video/7381522617179639070,198608979,"The image shows a person with dark hair standing in front of a mirror, holding up a smartphone. They appear to be capturing a selfie or recording a video. There is no text visible in the image. The setting seems to be indoors, likely in a bathroom or bedroom given the presence of the mirror."
7183313102237093163,2025-03-30 10:47:46.803179+02,1672495445,OMG 😱white apple?😱👩‍🌾#usa #fruit #asmr ,0,t,0.0,f,0,f,t,f,f,t,,0,t,10039.0,2025-06-16 11:28:07.977484+02,193838,20655,4269432,154179931,73442,71.84,8,"{"""",https://p16-sign.tiktokcdn-us.com/tos-useast5-p-0068-tx/1453bdf732974fcb80b3566e446d9888_1672495446~tplv-photomode-tiktok-play.jpeg?lk3s=b59d6b55&x-expires=1744959600&x-signature=fp2TVqAq6twdA1RAtPjouXo9gTs%3D&shp=b59d6b55&shcp=-,https://p16-pu-sign-useast8.tiktokcdn-us.com/tos-useast5-p-0068-tx/1453bdf732974fcb80b3566e446d9888_1672495446~tplv-photomode-share-play.jpeg?lk3s=b59d6b55&x-expires=1744959600&x-signature=xDudRymYDMHGfdCo1izYE4POn9o%3D&shp=b59d6b55&shcp=-}",22535865230270614,The Avenues,"Utah, United States",,5780993.0,6252001,Place and Address,,,19a3a6,Places,Place and Address,Other Places,7096677904978101291,https://p16-sign-va.tiktokcdn.com/tos-maliva-avt-0068/7335342801783095338~tplv-tiktokx-cropcenter:1080:1080.jpeg?dr=10399&refresh_token=750fb890&x-expires=1750237200&x-signature=UNJNu6pOnyNx1TgHI1yPWW%2Bl8pg%3D&t=4d5b0474&ps=13740610&shp=a5d48078&shcp=b59d6b55&idc=no1a,https://p16-sign-va.tiktokcdn.com/tos-maliva-avt-0068/7335342801783095338~tplv-tiktokx-cropcenter:720:720.jpeg?dr=10399&refresh_token=4ae70d87&x-expires=1750237200&x-signature=Axi303mYATYxI1%2F7n3NQx1Hvp4I%3D&t=4d5b0474&ps=13740610&shp=a5d48078&shcp=b59d6b55&idc=no1a,https://p16-sign-va.tiktokcdn.com/tos-maliva-avt-0068/7335342801783095338~tplv-tiktokx-cropcenter:100:100.jpeg?dr=10399&refresh_token=f7816f1f&x-expires=1750237200&x-signature=u6JWXc9ApEGoUhiGKrs0LTx6HNI%3D&t=4d5b0474&ps=13740610&shp=a5d48078&shcp=b59d6b55&idc=no1a,f,f,"[""usa"",""fruit"",""asmr""]",7.169211686790958e+18,原聲,,Fruits Love🍉🍒🥝🥥,8.0,t,https://v19.tiktokcdn-us.com/c8f234610c0284ed6bc199c21a807fae/67f9da5c/video/tos/useast5/tos-useast5-v-27dcd7-tx/e77066fabae24e7087f60caaccf1c404/?a=1233&bti=NDU3ZjAwOg%3D%3D&ch=0&cr=0&dr=0&er=2&cd=0%7C0%7C0%7C0&br=206&bt=103&ds=5&ft=GSDrKInz7Thb0q.OXq8Zmo&mime_type=video_mp4&qs=13&rc=anFnbWk6ZjY1ZzMzZzU8NEBpanFnbWk6ZjY1ZzMzZzU8NEBecW42cjQwZHNgLS1kMS9zYSNecW42cjQwZHNgLS1kMS9zcw%3D%3D&vvpl=1&l=20250411211323A4B9E660CA966519D1FA&btag=e00070000&download=true,https://tiktok.com/@/video/7183313102237093163,196874251,"The image shows a person playing a musical instrument, which appears to be a keyboard or piano. It's not possible to provide more details about the setting or any other notable objects or actions without further context."
7289324686859652398,2025-04-15 05:30:09.260821+02,1697178170,#foryouofficialpage2022❤️❤️vairal #ouofficialpage2022❤️❤️vairal ,0,t,0.0,f,3,f,t,f,f,t,,0,t,10070.0,2025-06-17 06:04:10.488646+02,444866,0,2715884,169710113,356624,63.49,380,"{"""",https://p19-pu-sign-useast8.tiktokcdn-us.com/tos-useast5-p-0068-tx/9bb044f1c98d4f74ade0f8457cdec148_1697178171~tplv-photomode-tiktok-play.jpeg?lk3s=b59d6b55&x-expires=1745290800&x-signature=aaoLmuhMeLmqkJmggdC%2BGwczCZc%3D&shp=b59d6b55&shcp=-,https://p16-pu-sign-useast8.tiktokcdn-us.com/tos-useast5-p-0068-tx/9bb044f1c98d4f74ade0f8457cdec148_1697178171~tplv-photomode-share-play.jpeg?lk3s=b59d6b55&x-expires=1745290800&x-signature=v7Nzlc6INMVIo%2BAMDshKJjpBn10%3D&shp=b59d6b55&shcp=-}",22535865200907089,United States,North America,,4273359.0,6252001,Place and Address,,,19a3a1,Places,Place and Address,Country,7267466704778675243,https://p16-sign-va.tiktokcdn.com/tos-maliva-avt-0068/5503e25d4ae762e5091893c2228fe5af~tplv-tiktokx-cropcenter:1080:1080.jpeg?dr=10399&refresh_token=53e8864d&x-expires=1750352400&x-signature=o79u1EGsobgNm1F5WYWd7aTXTeM%3D&t=4d5b0474&ps=13740610&shp=a5d48078&shcp=b59d6b55&idc=no1a,https://p16-sign-va.tiktokcdn.com/tos-maliva-avt-0068/5503e25d4ae762e5091893c2228fe5af~tplv-tiktokx-cropcenter:720:720.jpeg?dr=10399&refresh_token=dde9f663&x-expires=1750352400&x-signature=caSvSZk2%2BxWk9fD4r3bCPj0xOR8%3D&t=4d5b0474&ps=13740610&shp=a5d48078&shcp=b59d6b55&idc=no1a,https://p16-sign-va.tiktokcdn.com/tos-maliva-avt-0068/5503e25d4ae762e5091893c2228fe5af~tplv-tiktokx-cropcenter:100:100.jpeg?dr=10399&refresh_token=fedac3cd&x-expires=1750352400&x-signature=mWqEQY%2F542uv9hvDHqJkPveTJC0%3D&t=4d5b0474&ps=13740610&shp=a5d48078&shcp=b59d6b55&idc=no1a,f,f,"[""foryouofficialpage2022\u2764\ufe0f\u2764\ufe0fvairal"",""ouofficialpage2022\u2764\ufe0f\u2764\ufe0fvairal""]",7.289324713342471e+18,original sound,,creator search insights,380.0,t,https://v16m.tiktokcdn-us.com/0bb99d29afe85e5b5e0c7fe6d0eec135/67f8b42c/video/tos/useast5/tos-useast5-v-27dcd7-tx/oQAACBHQQHAKAfU2ei4kjeC9YQSYPoEXPCcTAu/?a=1233&bti=NDU3ZjAwOg%3D%3D&ch=0&cr=0&dr=0&er=2&cd=0%7C0%7C0%7C0&br=250&bt=125&ds=5&ft=GSDrKInz7Th4Bw.OXq8Zmo&mime_type=audio_mpeg&qs=13&rc=M2pyaTg6ZmpobjMzZzU8NEBpM2pyaTg6ZmpobjMzZzU8NEBncnBtcjQwMWhgLS1kMS9zYSNncnBtcjQwMWhgLS1kMS9zcw%3D%3D&vvpl=1&l=20250411001200F7FCA6F342B71C0FBA3C&btag=e00060000&download=true,https://tiktok.com/@/video/7289324686859652398,196868953,Video download failed
7225846306609237294,2025-04-24 20:43:48.504091+02,1682398478,OMG😱drooling?🤤#usa #fruit #asmr ,0,t,0.0,f,0,f,t,f,f,t,,0,t,10039.0,2025-05-13 13:47:04.603311+02,110097,9162,3113761,165246248,34174,69.66,7,"{"""",https://p19-sign.tiktokcdn-us.com/tos-useast5-p-0068-tx/c48aaaa80db6490da1490acf2d447ff3_1682398479~tplv-photomode-tiktok-play.jpeg?lk3s=b59d6b55&x-expires=1746122400&x-signature=CymKgKscfY9oha%2BIGHcigh58flA%3D&shp=b59d6b55&shcp=-,https://p16-sign.tiktokcdn-us.com/tos-useast5-p-0068-tx/c48aaaa80db6490da1490acf2d447ff3_1682398479~tplv-photomode-share-play.jpeg?lk3s=b59d6b55&x-expires=1746122400&x-signature=11to47092ziaBrzbc5Ki0NpenQc%3D&shp=b59d6b55&shcp=-}",22535865220940822,Timucuan Ecological and Historical Preserve,"Jacksonville, Duval, Florida, United States",Jacksonville,4160021.0,6252001,Outdoors and Traveling,Jacksonville,Jacksonville,08a1c1,Natural Attraction,Outdoors and Traveling,Protected Area,7081561698184315947,https://p16-sign-va.tiktokcdn.com/tos-maliva-avt-0068/7316945305084592170~tplv-tiktokx-cropcenter:1080:1080.jpeg?dr=10399&refresh_token=4395f1f7&x-expires=1750363200&x-signature=M%2F8cL3ayMO0c7KR0XTzrmai5WCM%3D&t=4d5b0474&ps=13740610&shp=a5d48078&shcp=b59d6b55&idc=no1a,https://p16-sign-va.tiktokcdn.com/tos-maliva-avt-0068/7316945305084592170~tplv-tiktokx-cropcenter:720:720.jpeg?dr=10399&refresh_token=28626474&x-expires=1750363200&x-signature=saVIMjpElJ6k0eHH9kZ%2BPrEkKWM%3D&t=4d5b0474&ps=13740610&shp=a5d48078&shcp=b59d6b55&idc=no1a,https://p16-sign-va.tiktokcdn.com/tos-maliva-avt-0068/7316945305084592170~tplv-tiktokx-cropcenter:100:100.jpeg?dr=10399&refresh_token=91fcf331&x-expires=1750363200&x-signature=waRYnDeEK97tyAIWlHLYoqLxj94%3D&t=4d5b0474&ps=13740610&shp=a5d48078&shcp=b59d6b55&idc=no1a,f,f,"[""usa"",""fruit"",""asmr""]",7.169211686790958e+18,原聲,,Fruits Love🍉🍒🥝🥥,8.0,t,https://v19.tiktokcdn-us.com/c8f234610c0284ed6bc199c21a807fae/67f9da5c/video/tos/useast5/tos-useast5-v-27dcd7-tx/e77066fabae24e7087f60caaccf1c404/?a=1233&bti=NDU3ZjAwOg%3D%3D&ch=0&cr=0&dr=0&er=2&cd=0%7C0%7C0%7C0&br=206&bt=103&ds=5&ft=GSDrKInz7Thb0q.OXq8Zmo&mime_type=video_mp4&qs=13&rc=anFnbWk6ZjY1ZzMzZzU8NEBpanFnbWk6ZjY1ZzMzZzU8NEBecW42cjQwZHNgLS1kMS9zYSNecW42cjQwZHNgLS1kMS9zcw%3D%3D&vvpl=1&l=20250411211323A4B9E660CA966519D1FA&btag=e00070000&download=true,https://tiktok.com/@/video/7225846306609237294,196383858,"The main subject in this TikTok video is a person standing on a beach with the ocean in the background. They are holding onto what appears to be a rope or string, possibly attached to a kite, as it catches the wind and flies in the sky above them. The overall setting suggests a leisurely day at the beach engaging in outdoor recreational activities."
7317349979318652191,2025-03-07 22:06:04.872652+01,1703703320,#foryou #unfrezzmyaccount #foryoupag ,0,t,0.0,f,0,f,t,f,f,t,,0,t,10075.0,2025-03-07 22:06:06.625416+01,282535,22260,3164470,163436409,214125,62.79,50,"{"""",https://p19-pu-sign-useast8.tiktokcdn-us.com/tos-useast8-p-0068-tx2/25b97dec17a1419db3580fe84490e875_1703703326~tplv-photomode-tiktok-play.jpeg?lk3s=b59d6b55&x-expires=1741795200&x-signature=dCHHen5OJ9Thwd00U3vB4VnsCs8%3D&shp=b59d6b55&shcp=-,https://p19-pu-sign-useast8.tiktokcdn-us.com/tos-useast8-p-0068-tx2/25b97dec17a1419db3580fe84490e875_1703703326~tplv-photomode-share-play.jpeg?lk3s=b59d6b55&x-expires=1741795200&x-signature=7aDZOpefoPOBznSwr5gwDXmkg5w%3D&shp=b59d6b55&shcp=-}",22535865204397957,Los Angeles County,"California, United States",,5368361.0,6252001,Place and Address,,,19a3a3,Places,Place and Address,Province,7294768349694067755,https://p19-pu-sign-useast8.tiktokcdn-us.com/tos-useast5-avt-0068-tx/fdb3bc3202f23a8c9cfd46f5eecf01ce~tplv-tiktokx-cropcenter:1080:1080.jpeg?dr=9640&refresh_token=37df0611&x-expires=1744329600&x-signature=eefm1TY60zmdpHZR9WKD%2FJScqJs%3D&t=4d5b0474&ps=13740610&shp=a5d48078&shcp=b59d6b55&idc=useast5,https://p19-pu-sign-useast8.tiktokcdn-us.com/tos-useast5-avt-0068-tx/fdb3bc3202f23a8c9cfd46f5eecf01ce~tplv-tiktokx-cropcenter:720:720.jpeg?dr=9640&refresh_token=ab8c700b&x-expires=1744329600&x-signature=3dLy6F0ADIzv1sF4JzIxAGOklLI%3D&t=4d5b0474&ps=13740610&shp=a5d48078&shcp=b59d6b55&idc=useast5,https://p16-pu-sign-useast8.tiktokcdn-us.com/tos-useast5-avt-0068-tx/fdb3bc3202f23a8c9cfd46f5eecf01ce~tplv-tiktokx-cropcenter:100:100.jpeg?dr=9640&refresh_token=60c73c65&x-expires=1744329600&x-signature=SyYShZUcsSmYrvzxKZrVK%2Bul36E%3D&t=4d5b0474&ps=13740610&shp=a5d48078&shcp=b59d6b55&idc=useast5,f,f,"[""foryou"",""unfrezzmyaccount"",""foryoupag""]",6.886825095185041e+18,Subhan Allah,Subhan Allah,Ali Dawud,60.0,f,https://sf16.tiktokcdn-us.com/obj/tos-alisg-ve-2774/o4fLEaCxQszgD4qPaesvHYhsPweDFGuGjdIAFD,https://tiktok.com/@/video/7317349979318652191,195081109,"The image shows a person, who appears to be a man, standing outdoors on a grassy area during daylight hours. He is looking towards the camera with a slight smile. There are no notable objects or actions in the image that can be confidently described."
7380849525629488426,2025-03-18 08:10:43.15472+01,1718487954,ITS A JOKE YALL THIS TOOK US LIKE 5 TIMES BECAUSE WE COULDNT STOP LAUGHING #fypシ゚viral #FathersDay #fyp #fypシ ,0,t,0.0,f,0,f,t,f,f,t,,0,t,10003.0,2025-06-17 09:45:01.602008+02,799649,77157,12694647,67892719,1179265,67.0,10,"{"""",https://p19-pu-sign-useast8.tiktokcdn-us.com/tos-useast5-p-0068-tx/ee43c9ba6d1546b6bcf87808df33dc39_1718487955~tplv-photomode-tiktok-play.jpeg?lk3s=b59d6b55&x-expires=1745006400&x-signature=2Xf%2FJxtmYURh7jJVYkTmzuAJ4lo%3D&shp=b59d6b55&shcp=-,https://p16-sign.tiktokcdn-us.com/tos-useast5-p-0068-tx/ee43c9ba6d1546b6bcf87808df33dc39_1718487955~tplv-photomode-share-play.jpeg?lk3s=b59d6b55&x-expires=1745006400&x-signature=3A3p0RtVzS5JQzlfcUy6NLWsaIM%3D&shp=b59d6b55&shcp=-}",22535865202016073,New Mexico,United States,,5498194.0,6252001,Place and Address,,,19a3a3,Places,Place and Address,Province,6742523483379516421,https://p19-pu-sign-useast8.tiktokcdn-us.com/tos-useast8-avt-0068-tx2/0908d40d5e76f03e940af642fff595ba~tplv-tiktokx-cropcenter:1080:1080.jpeg?dr=9640&refresh_token=a6b00ebd&x-expires=1750298400&x-signature=3H1LFiPU31txLTuUNaUdsMtq48c%3D&t=4d5b0474&ps=13740610&shp=a5d48078&shcp=b59d6b55&idc=useast5,https://p19-pu-sign-useast8.tiktokcdn-us.com/tos-useast8-avt-0068-tx2/0908d40d5e76f03e940af642fff595ba~tplv-tiktokx-cropcenter:720:720.jpeg?dr=9640&refresh_token=750f376e&x-expires=1750298400&x-signature=6btsmqrc%2B%2FKHswT1SuAQuLaUuI4%3D&t=4d5b0474&ps=13740610&shp=a5d48078&shcp=b59d6b55&idc=useast5,https://p16-pu-sign-useast8.tiktokcdn-us.com/tos-useast8-avt-0068-tx2/0908d40d5e76f03e940af642fff595ba~tplv-tiktokx-cropcenter:100:100.jpeg?dr=9640&refresh_token=b4566a33&x-expires=1750298400&x-signature=nVqZXG8LsUb2fouV53pzjScRTN0%3D&t=4d5b0474&ps=13740610&shp=a5d48078&shcp=b59d6b55&idc=useast5,f,f,"[""fyp\u30b7\u309aviral"",""FathersDay"",""fyp"",""fyp\u30b7""]",7.380849556830883e+18,original sound,,X•I•C•A🦢🩰,10.0,t,https://v16m.tiktokcdn-us.com/0fbb912291594edc732332604c768d9b/67f9d1b7/video/tos/useast5/tos-useast5-v-27dcd7-tx/o0A4BMAQt0m6CE5TlLECZuiAB4AsuxsUilPgl/?a=1233&bti=NDU3ZjAwOg%3D%3D&ch=0&cr=0&dr=0&er=2&cd=0%7C0%7C0%7C0&br=250&bt=125&ds=5&ft=GSDrKInz7ThEJP.OXq8Zmo&mime_type=audio_mpeg&qs=13&rc=amZsdXQ5cjgzczMzZzU8NEBpamZsdXQ5cjgzczMzZzU8NEBsb2pmMmQ0a2tgLS1kMS9zYSNsb2pmMmQ0a2tgLS1kMS9zcw%3D%3D&vvpl=1&l=2025041120362801A956FDDC14D11A9520&btag=e00070000&download=true,https://tiktok.com/@/video/7380849525629488426,194839189,Video download failed
7430930126092635423,2025-05-26 17:29:32.673612+02,1730148261,Throwback 🤍 listen until the end to see how sweet my boy is. #momandson #bestfriend #toodlerpooprank #poopprank #chocolate #tolietpaper #fyp #foryou #trending ,0,f,0.0,f,0,f,t,f,f,t,,0,f,10001.0,2025-05-26 17:29:35.535898+02,575385,52190,10823975,84158169,780797,66.25,50,"{"""",https://p19-pu-sign-useast8.tiktokcdn-us.com/tos-useast8-p-0068-tx2/b3b722133a334ff88ef723d461e8a00e_1730148263~tplv-photomode-tiktok-play.jpeg?lk3s=b59d6b55&x-expires=1748876400&x-signature=tz%2BAm3mMoo%2B8dD%2BYEYsPvevIHMY%3D&shp=b59d6b55&shcp=-,https://p16-pu-sign-useast8.tiktokcdn-us.com/tos-useast8-p-0068-tx2/b3b722133a334ff88ef723d461e8a00e_1730148263~tplv-photomode-share-play.jpeg?lk3s=b59d6b55&x-expires=1748876400&x-signature=B5M9eUBvj219hshmpybGN7T9a1s%3D&shp=b59d6b55&shcp=-}",22535796481626279,Texas,United States,,4742656.0,6252001,Place and Address,,,19a3a3,Places,Place and Address,Province,6974215214968849414,https://p16-pu-sign-useast8.tiktokcdn-us.com/tos-useast5-avt-0068-tx/4e1c8dd52e223188dfdedd67d3f7d179~tplv-tiktokx-cropcenter:1080:1080.jpeg?dr=9640&refresh_token=b49fda67&x-expires=1748444400&x-signature=lao3g4%2FgQTNOqnblGtKRNItXSzI%3D&t=4d5b0474&ps=13740610&shp=a5d48078&shcp=b59d6b55&idc=useast8,https://p16-pu-sign-useast8.tiktokcdn-us.com/tos-useast5-avt-0068-tx/4e1c8dd52e223188dfdedd67d3f7d179~tplv-tiktokx-cropcenter:720:720.jpeg?dr=9640&refresh_token=01925fdc&x-expires=1748444400&x-signature=QxSLlrwxCj9Hr0ENs5QizwBZkO4%3D&t=4d5b0474&ps=13740610&shp=a5d48078&shcp=b59d6b55&idc=useast8,https://p19-pu-sign-useast8.tiktokcdn-us.com/tos-useast5-avt-0068-tx/4e1c8dd52e223188dfdedd67d3f7d179~tplv-tiktokx-cropcenter:100:100.jpeg?dr=9640&refresh_token=d6db1991&x-expires=1748444400&x-signature=Md%2BqVRJ814gSStFDVBTyFYmuF78%3D&t=4d5b0474&ps=13740610&shp=a5d48078&shcp=b59d6b55&idc=useast8,f,f,"[""momandson"",""bestfriend"",""toodlerpooprank"",""poopprank"",""chocolate"",""tolietpaper"",""fyp"",""foryou"",""trending""]",7.43093008022797e+18,original sound,,Emily,50.0,t,https://v19.tiktokcdn-us.com/4b0acabdbf6e90a6ce7516d98317ce67/6834dd5a/video/tos/useast8/tos-useast8-v-27dcd7-tx2/oEAA8bEIIgA4mZffa9Fof2Ah26eWdhS9DKeMA5/?a=1233&bti=NDU3ZjAwOg%3D%3D&ch=0&cr=0&dr=0&er=2&cd=0%7C0%7C0%7C0&br=250&bt=125&ds=5&ft=GSDrKInz7Ths_._KXq8Zmo&mime_type=audio_mpeg&qs=13&rc=anhnZXY5cjx5djMzaTU8NEBpanhnZXY5cjx5djMzaTU8NEBhLjZzMmRrY2NgLS1kMTJzYSNhLjZzMmRrY2NgLS1kMTJzcw%3D%3D&vvpl=1&l=202505261529117973570F91096A09993F&btag=e00048000&download=true,https://tiktok.com/@/video/7430930126092635423,192397919,"The main subject of the TikTok video is a person who appears to be dancing or performing a choreographed routine with energetic movements. The setting seems to be indoors, possibly a room with some lighting fixtures visible in the background. There are no notable objects or actions, as the focus is on the individual's performance."
7446503482988793131,2025-03-11 06:37:40.24608+01,1733774205,Our dog was crying because he wanted to be in the room with us.  #chestercounty #trapdoor #underthefloor #sunroom #oldhouse #chestersprings #woodstove #mystery #gold #treasure #hidden #brick #haunted #creepy #scary #meanixlandscapinginc ,0,t,0.0,f,0,f,t,f,f,t,7.475687522442481e+18,0,t,10044.0,2025-06-12 08:30:36.079703+02,190035,18473,3385479,158456150,35618,59.99,96,"{"""",https://p19-sign.tiktokcdn-us.com/tos-useast5-p-0068-tx/ogP5Ms3UZErhS4VtAgBki6lI3BBiv1pXtHgdI~tplv-photomode-tiktok-play.jpeg?lk3s=b59d6b55&x-expires=1745028000&x-signature=8gYZb4CIqAchJr4ZsalGjKrcNTI%3D&shp=b59d6b55&shcp=-,https://p16-pu-sign-useast8.tiktokcdn-us.com/tos-useast5-p-0068-tx/ogP5Ms3UZErhS4VtAgBki6lI3BBiv1pXtHgdI~tplv-photomode-share-play.jpeg?lk3s=b59d6b55&x-expires=1745028000&x-signature=0wHto2fPy%2FocYrgeW8HGyF7Em%2Fo%3D&shp=b59d6b55&shcp=-}",22535796503553379,Chester Springs,"Pennsylvania, United States",,116029849.0,6252001,Place and Address,,,19a3a6,Places,Place and Address,Other Places,6983318257319265285,https://p16-sign.tiktokcdn-us.com/tos-useast5-avt-0068-tx/b1ca59456fe1c0a0abc6b0dc44b9b694~tplv-tiktokx-cropcenter:1080:1080.jpeg?dr=9640&refresh_token=179c63dc&x-expires=1750035600&x-signature=Ng82GKU2Jbl7LKo%2FM3HXHXwVtsk%3D&t=4d5b0474&ps=13740610&shp=a5d48078&shcp=b59d6b55&idc=useast8,https://p16-sign.tiktokcdn-us.com/tos-useast5-avt-0068-tx/b1ca59456fe1c0a0abc6b0dc44b9b694~tplv-tiktokx-cropcenter:720:720.jpeg?dr=9640&refresh_token=82e0d02e&x-expires=1750035600&x-signature=X7V%2BmQAZ33q2Znqe%2Fg7wVbA9ZFI%3D&t=4d5b0474&ps=13740610&shp=a5d48078&shcp=b59d6b55&idc=useast8,https://p19-sign.tiktokcdn-us.com/tos-useast5-avt-0068-tx/b1ca59456fe1c0a0abc6b0dc44b9b694~tplv-tiktokx-cropcenter:100:100.jpeg?dr=9640&refresh_token=dc5f2b08&x-expires=1750035600&x-signature=1rXc0ulTKmQMzqcujIq0i9ilO0k%3D&t=4d5b0474&ps=13740610&shp=a5d48078&shcp=b59d6b55&idc=useast8,f,f,"[""chestercounty"",""trapdoor"",""underthefloor"",""sunroom"",""oldhouse"",""chestersprings"",""woodstove"",""mystery"",""gold"",""treasure"",""hidden"",""brick"",""haunted"",""creepy"",""scary"",""meanixlandscapinginc""]",7.44650344324791e+18,original sound,,Colleen and Rob,96.0,t,https://v19.tiktokcdn-us.com/8faf776e0f376cffbaecd61fee227b34/67fa2944/video/tos/useast5/tos-useast5-v-27dcd7-tx/oANK4BUiZPACABB8AgL4aAEkX11AEgdulSiLr/?a=1233&bti=NDU3ZjAwOg%3D%3D&ch=0&cr=0&dr=0&er=2&cd=0%7C0%7C0%7C0&br=250&bt=125&ds=5&ft=GSDrKInz7ThjMh.OXq8Zmo&mime_type=audio_mpeg&qs=13&rc=ajdlam85cjNudzMzZzU8NEBpajdlam85cjNudzMzZzU8NEAybTYzMmQ0a19gLS1kMS9zYSMybTYzMmQ0a19gLS1kMS9zcw%3D%3D&vvpl=1&l=20250412024835983495680B4A9C2EE802&btag=e00050000&download=true,https://tiktok.com/@/video/7446503482988793131,192310940,"The image shows a person on TikTok holding up a phone. They appear to be in an indoor setting, possibly a room with a window behind them. There are no other notable objects or actions visible in the frame."
