hashtag,cluster,niche_name,frequency
fypシ,0,Music & Concerts,34850
nyc,0,Music & Concerts,7945
losangeles,0,Music & Concerts,4624
chicago,0,Music & Concerts,2846
concert,0,Music & Concerts,2118
la,0,Music & Concerts,1602
beyonce,0,Music & Concerts,1067
concerts,0,Music & Concerts,789
cowboycarter,0,Music & Concerts,425
cowboycartertour,0,Music & Concerts,292
beyhive,0,Music & Concerts,255
sofistadium,0,Music & Concerts,249
renaissance,0,Music & Concerts,204
renaissanceworldtour,0,Music & Concerts,191
metlifestadium,0,Music & Concerts,180
blueivy,0,Music & Concerts,150
beyoncé,0,Music & Concerts,134
metlife,0,Music & Concerts,75
blueivycarter,0,Music & Concerts,74
beyonceconcert,0,Music & Concerts,70
beyonceknowles,0,Music & Concerts,65
queenbey,0,Music & Concerts,36
cowboycarterworldtour,0,Music & Concerts,35
beyoncetour,0,Music & Concerts,30
actii,0,Music & Concerts,25
yaya,0,Music & Concerts,22
cowboycarterbeyonce,0,Music & Concerts,19
parkwood,0,Music & Concerts,19
beyoncecowboycarter,0,Music & Concerts,16
beytok,0,Music & Concerts,13
fypシviral,1,Latino Relationship Vlogs,16937
funny,1,Latino Relationship Vlogs,14421
usa,1,Latino Relationship Vlogs,13620
fyppppppppppppppppppppppp,1,Latino Relationship Vlogs,7549
love,1,Latino Relationship Vlogs,7089
aesthetic,1,Latino Relationship Vlogs,1644
foru,1,Latino Relationship Vlogs,1618
blowup,1,Latino Relationship Vlogs,1298
4u,1,Latino Relationship Vlogs,1087
toddlersoftiktok,1,Latino Relationship Vlogs,1035
for,1,Latino Relationship Vlogs,960
bestfriend,1,Latino Relationship Vlogs,930
makemefamous,1,Latino Relationship Vlogs,896
cover,1,Latino Relationship Vlogs,861
like,1,Latino Relationship Vlogs,846
relateable,1,Latino Relationship Vlogs,843
follow,1,Latino Relationship Vlogs,814
youtube,1,Latino Relationship Vlogs,800
xyzabc,1,Latino Relationship Vlogs,798
unfrezzmyaccount,1,Latino Relationship Vlogs,786
blowthisupforme,1,Latino Relationship Vlogs,779
growmyaccount,1,Latino Relationship Vlogs,777
foryouu,1,Latino Relationship Vlogs,657
latino,1,Latino Relationship Vlogs,641
fup,1,Latino Relationship Vlogs,605
share,1,Latino Relationship Vlogs,596
fypageシ,1,Latino Relationship Vlogs,533
quran,1,Latino Relationship Vlogs,404
justincarpio,1,Latino Relationship Vlogs,44
sahm,2,Aviation & Lifestyle,1080
learnontiktok,2,Aviation & Lifestyle,1021
joke,2,Aviation & Lifestyle,861
harrypotter,2,Aviation & Lifestyle,680
farmlife,2,Aviation & Lifestyle,656
wildlife,2,Aviation & Lifestyle,640
aviation,2,Aviation & Lifestyle,575
worklife,2,Aviation & Lifestyle,562
familia,2,Aviation & Lifestyle,560
amazonfinds,2,Aviation & Lifestyle,552
amazon,2,Aviation & Lifestyle,508
cookierunkingdom,2,Aviation & Lifestyle,466
prom,2,Aviation & Lifestyle,453
garden,2,Aviation & Lifestyle,438
crk,2,Aviation & Lifestyle,430
pilot,2,Aviation & Lifestyle,420
farm,2,Aviation & Lifestyle,414
streetinterview,2,Aviation & Lifestyle,399
recetasfaciles,2,Aviation & Lifestyle,378
gardening,2,Aviation & Lifestyle,314
cookierun,2,Aviation & Lifestyle,299
farmtok,2,Aviation & Lifestyle,260
amazonmusthaves,2,Aviation & Lifestyle,240
hogwarts,2,Aviation & Lifestyle,222
harrypottertiktok,2,Aviation & Lifestyle,165
promdress,2,Aviation & Lifestyle,165
shadowmilkcookie,2,Aviation & Lifestyle,154
amazonhome,2,Aviation & Lifestyle,127
trendingvideo,3,Autism & Mental Health,1370
orlando,3,Autism & Mental Health,1110
unboxing,3,Autism & Mental Health,850
90s,3,Autism & Mental Health,748
longervideos,3,Autism & Mental Health,710
pesopluma,3,Autism & Mental Health,706
oregon,3,Autism & Mental Health,653
blackgirltiktok,3,Autism & Mental Health,587
corridos,3,Autism & Mental Health,520
mystery,3,Autism & Mental Health,485
autism,3,Autism & Mental Health,468
wicked,3,Autism & Mental Health,451
unfreezemyacount,3,Autism & Mental Health,420
adhd,3,Autism & Mental Health,373
regionalmexicano,3,Autism & Mental Health,349
supportsmallbusiness,3,Autism & Mental Health,343
mysterybox,3,Autism & Mental Health,341
autismawareness,3,Autism & Mental Health,284
neurodivergent,3,Autism & Mental Health,214
corridostumbados,3,Autism & Mental Health,158
autistic,3,Autism & Mental Health,126
jar,3,Autism & Mental Health,103
mysteryjewlerygirl,3,Autism & Mental Health,98
foryewwww,3,Autism & Mental Health,95
cancionesletra,3,Autism & Mental Health,84
doblep,3,Autism & Mental Health,75
carlooslyrics2,3,Autism & Mental Health,60
california,4,California Lifestyle Vlog,3673
texas,4,California Lifestyle Vlog,3387
usa_tiktok,4,California Lifestyle Vlog,3236
paratiiiiiiiiiiiiiiiiiiiiiiiiiiiiiii,4,California Lifestyle Vlog,2556
amigos,4,California Lifestyle Vlog,194
wildfire,4,California Lifestyle Vlog,186
losangeleslife,4,California Lifestyle Vlog,81
indigenoustiktok,4,California Lifestyle Vlog,77
californiafire,4,California Lifestyle Vlog,38
powwow,4,California Lifestyle Vlog,38
nativetiktoks,4,California Lifestyle Vlog,20
doncheto,4,California Lifestyle Vlog,11
sacredgroundimagery,4,California Lifestyle Vlog,8
firstnationstiktok,4,California Lifestyle Vlog,6
creditos,4,California Lifestyle Vlog,4
jordirosado,4,California Lifestyle Vlog,3
donchetoalaire,4,California Lifestyle Vlog,2
porquetetatuatis,4,California Lifestyle Vlog,2
powwowseason,4,California Lifestyle Vlog,2
quebuenala,4,California Lifestyle Vlog,1
cortesmetal,4,California Lifestyle Vlog,1
caradepapa,4,California Lifestyle Vlog,1
donchetoteloexplica,4,California Lifestyle Vlog,1
eltatuado,4,California Lifestyle Vlog,1
marthahigareda,4,California Lifestyle Vlog,1
detodounmucho,4,California Lifestyle Vlog,1
shopping,5,TikTok Fashion Trends,1175
toddlermom,5,TikTok Fashion Trends,680
tiktokshop,5,TikTok Fashion Trends,596
dc,5,TikTok Fashion Trends,548
contenido,5,TikTok Fashion Trends,519
dmv,5,TikTok Fashion Trends,497
emo,5,TikTok Fashion Trends,491
sisters,5,TikTok Fashion Trends,460
traveltok,5,TikTok Fashion Trends,458
lifehack,5,TikTok Fashion Trends,454
jjk,5,TikTok Fashion Trends,454
washingtondc,5,TikTok Fashion Trends,444
running,5,TikTok Fashion Trends,420
jujutsukaisen,5,TikTok Fashion Trends,410
unfreezemyaccount,5,TikTok Fashion Trends,394
mujeres,5,TikTok Fashion Trends,392
mha,5,TikTok Fashion Trends,368
sneakers,5,TikTok Fashion Trends,352
virginia,5,TikTok Fashion Trends,320
dmvtiktok,5,TikTok Fashion Trends,306
myheroacademia,5,TikTok Fashion Trends,286
maryland,5,TikTok Fashion Trends,281
bnha,5,TikTok Fashion Trends,166
refinerylife,5,TikTok Fashion Trends,66
scaffolding,5,TikTok Fashion Trends,59
bluecollargirl,5,TikTok Fashion Trends,55
bluecollarwomen,5,TikTok Fashion Trends,53
refinerygirl,5,TikTok Fashion Trends,52
america,6,Music & Entertainment,2073
dad,6,Music & Entertainment,779
dadsoftiktok,6,Music & Entertainment,769
kendricklamar,6,Music & Entertainment,620
healing,6,Music & Entertainment,612
minnesota,6,Music & Entertainment,458
floptok,6,Music & Entertainment,446
sza,6,Music & Entertainment,380
dadlife,6,Music & Entertainment,259
slay,6,Music & Entertainment,221
flop,6,Music & Entertainment,201
flopera,6,Music & Entertainment,184
minneapolis,6,Music & Entertainment,171
mn,6,Music & Entertainment,108
gnx,6,Music & Entertainment,108
floptropica,6,Music & Entertainment,91
gnxtour2025,6,Music & Entertainment,75
grandnationaltour,6,Music & Entertainment,69
jiafei,6,Music & Entertainment,57
szaconcert,6,Music & Entertainment,49
potaxies,6,Music & Entertainment,44
gnxtour,6,Music & Entertainment,36
sostour,6,Music & Entertainment,34
szasos,6,Music & Entertainment,29
relationships,7,Animal Comedic Content,1547
latina,7,Animal Comedic Content,926
mexican,7,Animal Comedic Content,894
dinner,7,Animal Comedic Content,806
chicken,7,Animal Comedic Content,672
prayer,7,Animal Comedic Content,656
cuteanimals,7,Animal Comedic Content,491
funnyanimals,7,Animal Comedic Content,443
ladygaga,7,Animal Comedic Content,365
hispanic,7,Animal Comedic Content,314
chickens,7,Animal Comedic Content,289
bibleverse,7,Animal Comedic Content,287
chicano,7,Animal Comedic Content,284
pray,7,Animal Comedic Content,268
chickensoftiktok,7,Animal Comedic Content,209
prayers,7,Animal Comedic Content,187
dadjokes,7,Animal Comedic Content,168
memesdaily,7,Animal Comedic Content,157
brunomars,7,Animal Comedic Content,150
rooster,7,Animal Comedic Content,143
chickenhappyhour,7,Animal Comedic Content,140
praying,7,Animal Comedic Content,69
gaga,7,Animal Comedic Content,66
abracadabra,7,Animal Comedic Content,65
diewithasmile,7,Animal Comedic Content,37
foodie,8,Food & LA Culture,3796
food,8,Food & LA Culture,3269
datenight,8,Food & LA Culture,705
seafood,8,Food & LA Culture,660
socal,8,Food & LA Culture,620
ice,8,Food & LA Culture,586
orangecounty,8,Food & LA Culture,554
hiddengems,8,Food & LA Culture,439
cali,8,Food & LA Culture,368
sushi,8,Food & LA Culture,351
protest,8,Food & LA Culture,249
dtla,8,Food & LA Culture,200
trinoxadam,8,Food & LA Culture,179
lafoodie,8,Food & LA Culture,163
beverlyhills,8,Food & LA Culture,159
thingstodoinla,8,Food & LA Culture,147
crablegs,8,Food & LA Culture,130
buffet,8,Food & LA Culture,120
lafood,8,Food & LA Culture,114
ayce,8,Food & LA Culture,90
glendale,8,Food & LA Culture,78
sashimi,8,Food & LA Culture,53
glendaleca,8,Food & LA Culture,16
onbunc,8,Food & LA Culture,13
motivation,9,Home Decor & Renovation,3974
diy,9,Home Decor & Renovation,3094
satisfying,9,Home Decor & Renovation,2417
hairtransformation,9,Home Decor & Renovation,1345
homedecor,9,Home Decor & Renovation,1085
satisfyingvideo,9,Home Decor & Renovation,961
interiordesign,9,Home Decor & Renovation,789
beforeandafter,9,Home Decor & Renovation,680
transformation,9,Home Decor & Renovation,669
diyproject,9,Home Decor & Renovation,624
weightloss,9,Home Decor & Renovation,466
homeimprovement,9,Home Decor & Renovation,271
glowup,9,Home Decor & Renovation,270
renovation,9,Home Decor & Renovation,246
homerenovation,9,Home Decor & Renovation,239
thenandnow,9,Home Decor & Renovation,185
africantiktok,9,Home Decor & Renovation,133
weightlosstransformation,9,Home Decor & Renovation,123
backyardvibes,9,Home Decor & Renovation,68
estheticiantiktok,9,Home Decor & Renovation,55
homemakeover,9,Home Decor & Renovation,41
extractions,9,Home Decor & Renovation,36
mensskincare,9,Home Decor & Renovation,26
losangelesesthetician,9,Home Decor & Renovation,15
maleesthetician,9,Home Decor & Renovation,13
chemicalpeel,9,Home Decor & Renovation,13
atlantaesthetician,9,Home Decor & Renovation,9
skincareeducation,9,Home Decor & Renovation,7
emuoil,9,Home Decor & Renovation,7
us,10,Politics & Social Commentary,1375
donaldtrump,10,Politics & Social Commentary,805
politics,10,Politics & Social Commentary,677
canada,10,Politics & Social Commentary,632
copsoftiktok,10,Politics & Social Commentary,491
y2k,10,Politics & Social Commentary,453
maga,10,Politics & Social Commentary,445
kamalaharris,10,Politics & Social Commentary,323
republican,10,Politics & Social Commentary,267
policeoftiktok,10,Politics & Social Commentary,254
election,10,Politics & Social Commentary,251
democrat,10,Politics & Social Commentary,221
president,10,Politics & Social Commentary,208
canada_life,10,Politics & Social Commentary,206
democrats,10,Politics & Social Commentary,173
liberal,10,Politics & Social Commentary,142
politicstiktok,10,Politics & Social Commentary,124
conservative,10,Politics & Social Commentary,123
y2kaesthetic,10,Politics & Social Commentary,122
leftist,10,Politics & Social Commentary,54
deanwithers,10,Politics & Social Commentary,50
dean,10,Politics & Social Commentary,48
thedeanwithersshow,10,Politics & Social Commentary,38
politicaltiktok,10,Politics & Social Commentary,31
quitefrankly,10,Politics & Social Commentary,10
funnymoments,11,Beauty & Nail Care,1035
kids,11,Beauty & Nail Care,1026
nailtech,11,Beauty & Nail Care,732
movies,11,Beauty & Nail Care,675
sunset,11,Beauty & Nail Care,636
gymmotivation,11,Beauty & Nail Care,633
movieclips,11,Beauty & Nail Care,553
sanantonio,11,Beauty & Nail Care,549
education,11,Beauty & Nail Care,527
denver,11,Beauty & Nail Care,497
tacos,11,Beauty & Nail Care,474
mcdonalds,11,Beauty & Nail Care,470
mama,11,Beauty & Nail Care,469
рекомендации,11,Beauty & Nail Care,450
pakistan,11,Beauty & Nail Care,400
toyota,11,Beauty & Nail Care,399
behindthescenes,11,Beauty & Nail Care,365
genx,11,Beauty & Nail Care,364
lego,11,Beauty & Nail Care,363
gymgirl,11,Beauty & Nail Care,333
movietok,11,Beauty & Nail Care,279
gymrat,11,Beauty & Nail Care,243
sanantoniotx,11,Beauty & Nail Care,229
legday,11,Beauty & Nail Care,199
satx,11,Beauty & Nail Care,154
gymtips,11,Beauty & Nail Care,145
homeworkout,11,Beauty & Nail Care,137
gluteworkout,11,Beauty & Nail Care,97
legotiktok,11,Beauty & Nail Care,83
workoutathome,11,Beauty & Nail Care,51
swiftie,12,Sports & Pop Culture,772
theerastour,12,Sports & Pop Culture,635
taylorsversion,12,Sports & Pop Culture,553
taylornation,12,Sports & Pop Culture,544
emotional,12,Sports & Pop Culture,464
tstheerastour,12,Sports & Pop Culture,462
goat,12,Sports & Pop Culture,436
lebron,12,Sports & Pop Culture,404
lebronjames,12,Sports & Pop Culture,266
fypppp,12,Sports & Pop Culture,260
lakers,12,Sports & Pop Culture,219
1989taylorsversion,12,Sports & Pop Culture,129
speaknowtaylorsversion,12,Sports & Pop Culture,95
capybara,12,Sports & Pop Culture,65
bronny,12,Sports & Pop Culture,53
bronnyjames,12,Sports & Pop Culture,41
capybaratiktok,12,Sports & Pop Culture,30
lebronjames23,12,Sports & Pop Culture,27
kingjames,12,Sports & Pop Culture,27
houstontstheerastour,12,Sports & Pop Culture,26
nbamemes,12,Sports & Pop Culture,20
capybaralove,12,Sports & Pop Culture,16
lbj,12,Sports & Pop Culture,13
capybaras,12,Sports & Pop Culture,12
lebonbon,12,Sports & Pop Culture,11
capybaramemes,12,Sports & Pop Culture,10
lebronsong,12,Sports & Pop Culture,7
tstheerastourhouston,12,Sports & Pop Culture,6
lebon,12,Sports & Pop Culture,5
jameslebron,12,Sports & Pop Culture,5
edit,13,Entertainment & Viral,5188
fypp,13,Entertainment & Viral,2606
goviral,13,Entertainment & Viral,1947
viralvideos,13,Entertainment & Viral,1853
viral_video,13,Entertainment & Viral,1772
videoviral,13,Entertainment & Viral,1190
entertainment,13,Entertainment & Viral,805
tik_tok,13,Entertainment & Viral,751
foruyou,13,Entertainment & Viral,663
virall,13,Entertainment & Viral,634
1millionaudition,13,Entertainment & Viral,483
tendencia,13,Entertainment & Viral,354
treanding,13,Entertainment & Viral,344
100000k,13,Entertainment & Viral,30
tiktok_viral,13,Entertainment & Viral,23
ghanafyp,13,Entertainment & Viral,20
amansharmaofficial,13,Entertainment & Viral,14
foryou_video,13,Entertainment & Viral,14
newyork,14,Comedy & Interviews,4344
interview,14,Comedy & Interviews,715
racing,14,Comedy & Interviews,530
grow,14,Comedy & Interviews,512
tvshow,14,Comedy & Interviews,504
clips,14,Comedy & Interviews,468
tv,14,Comedy & Interviews,422
comedian,14,Comedy & Interviews,392
show,14,Comedy & Interviews,365
performance,14,Comedy & Interviews,313
account,14,Comedy & Interviews,310
reality,14,Comedy & Interviews,220
publicinterview,14,Comedy & Interviews,151
tvseries,14,Comedy & Interviews,135
trokiando,14,Comedy & Interviews,133
mall,14,Comedy & Interviews,129
manonthestreet,14,Comedy & Interviews,95
television,14,Comedy & Interviews,72
ellenpompeo,14,Comedy & Interviews,38
goodamericanfamily,14,Comedy & Interviews,34
orphan,14,Comedy & Interviews,27
ep3,14,Comedy & Interviews,21
comedy,15,Comedy & Entertainment,4066
travel,15,Comedy & Entertainment,3319
mexico,15,Comedy & Entertainment,3125
realestate,15,Comedy & Entertainment,841
illinois,15,Comedy & Entertainment,415
chicagotiktok,15,Comedy & Entertainment,375
chicagofood,15,Comedy & Entertainment,139
chicagobarber,15,Comedy & Entertainment,89
thingstodoinchicago,15,Comedy & Entertainment,85
chitown,15,Comedy & Entertainment,80
chicagofoodie,15,Comedy & Entertainment,76
chi,15,Comedy & Entertainment,73
chicagotok,15,Comedy & Entertainment,60
chicagobarbers,15,Comedy & Entertainment,47
chicagocheck,15,Comedy & Entertainment,43
chicagobears,15,Comedy & Entertainment,42
explorechicago,15,Comedy & Entertainment,38
windycity,15,Comedy & Entertainment,37
chicagolife,15,Comedy & Entertainment,35
berwyn,15,Comedy & Entertainment,30
berwynbarber,15,Comedy & Entertainment,27
savinghim,15,Comedy & Entertainment,26
j_da_barberr,15,Comedy & Entertainment,25
houston,16,Beauty & Hair Services,1943
htx,16,Beauty & Hair Services,617
knotlessbraids,16,Beauty & Hair Services,388
hairstylistsoftiktok,16,Beauty & Hair Services,362
houstonhairstylist,16,Beauty & Hair Services,267
tx,16,Beauty & Hair Services,267
lashes,16,Beauty & Hair Services,260
houstontexas,16,Beauty & Hair Services,212
htown,16,Beauty & Hair Services,163
houstonfood,16,Beauty & Hair Services,150
thingstodoinhouston,16,Beauty & Hair Services,140
hairtutorials,16,Beauty & Hair Services,129
houstonfoodie,16,Beauty & Hair Services,111
houstonhair,16,Beauty & Hair Services,101
houstonbraider,16,Beauty & Hair Services,99
braidtutorial,16,Beauty & Hair Services,93
softlocs,16,Beauty & Hair Services,65
houstonbraids,16,Beauty & Hair Services,61
fauxlocs,16,Beauty & Hair Services,49
blackgirltok,16,Beauty & Hair Services,42
braidtok,16,Beauty & Hair Services,35
hairtutorialsvideo,16,Beauty & Hair Services,34
houstonknotlessbraids,16,Beauty & Hair Services,33
houstonlashes,16,Beauty & Hair Services,33
houstonstitchbraids,16,Beauty & Hair Services,28
naturalbraids,16,Beauty & Hair Services,22
houstonfauxlocs,16,Beauty & Hair Services,19
estadosunidos,17,True Crime & Photography,1492
work,17,True Crime & Photography,1464
money,17,True Crime & Photography,859
latinosenusa,17,True Crime & Photography,845
pnw,17,True Crime & Photography,804
photography,17,True Crime & Photography,782
washington,17,True Crime & Photography,773
truecrime,17,True Crime & Photography,768
eeuu,17,True Crime & Photography,726
facts,17,True Crime & Photography,719
creepy,17,True Crime & Photography,629
venezuela,17,True Crime & Photography,626
barbie,17,True Crime & Photography,437
job,17,True Crime & Photography,412
kentucky,17,True Crime & Photography,393
lanadelrey,17,True Crime & Photography,383
f1,17,True Crime & Photography,367
english,17,True Crime & Photography,359
truecrimetok,17,True Crime & Photography,329
truecrimecommunity,17,True Crime & Photography,309
crimetok,17,True Crime & Photography,277
formula1,17,True Crime & Photography,240
truecrimetiktok,17,True Crime & Photography,230
truecrimestory,17,True Crime & Photography,185
crimetiktok,17,True Crime & Photography,114
jesus,18,Christian Devotional Content,2278
christiantiktok,18,Christian Devotional Content,1879
god,18,Christian Devotional Content,1384
christian,18,Christian Devotional Content,1039
jesuslovesyou,18,Christian Devotional Content,1017
godisgood,18,Christian Devotional Content,768
bible,18,Christian Devotional Content,717
amen,18,Christian Devotional Content,591
church,18,Christian Devotional Content,483
christianity,18,Christian Devotional Content,428
jesuschrist,18,Christian Devotional Content,418
faith,18,Christian Devotional Content,413
worship,18,Christian Devotional Content,413
gospel,18,Christian Devotional Content,330
jesusisking,18,Christian Devotional Content,262
christiantok,18,Christian Devotional Content,231
holyspirit,18,Christian Devotional Content,190
christiancommunity,18,Christian Devotional Content,158
religion,18,Christian Devotional Content,157
christ,18,Christian Devotional Content,144
christianitytiktok,18,Christian Devotional Content,119
biblestudy,18,Christian Devotional Content,117
christiangirl,18,Christian Devotional Content,116
prophetic,18,Christian Devotional Content,66
prophet,18,Christian Devotional Content,57
prophetmike,18,Christian Devotional Content,29
storytime,19,Entertainment & Humor,3050
funnyvideo,19,Entertainment & Humor,1987
quotes,19,Entertainment & Humor,964
story,19,Entertainment & Humor,873
funnytiktok,19,Entertainment & Humor,764
dogtok,19,Entertainment & Humor,604
couplecomedy,19,Entertainment & Humor,541
update,19,Entertainment & Humor,490
pitbull,19,Entertainment & Humor,435
siblings,19,Entertainment & Humor,418
brat,19,Entertainment & Humor,351
charlixcx,19,Entertainment & Humor,335
date,19,Entertainment & Humor,330
radio,19,Entertainment & Humor,136
tiktokcomedy,19,Entertainment & Humor,136
laughoutloud,19,Entertainment & Humor,133
seconddateupdate,19,Entertainment & Humor,122
moderndating,19,Entertainment & Humor,113
call,19,Entertainment & Humor,100
seconddate,19,Entertainment & Humor,77
relationshipdrama,19,Entertainment & Humor,70
secondchance,19,Entertainment & Humor,70
loveisintheair,19,Entertainment & Humor,69
funnycall,19,Entertainment & Humor,64
closure,19,Entertainment & Humor,60
closurecall,19,Entertainment & Humor,37
relatable,20,Friendship & Humor,8688
relationship,20,Friendship & Humor,3155
family,20,Friendship & Humor,2700
fun,20,Friendship & Humor,1840
friends,20,Friendship & Humor,1320
life,20,Friendship & Humor,1042
highschool,20,Friendship & Humor,984
happy,20,Friendship & Humor,876
reaction,20,Friendship & Humor,822
women,20,Friendship & Humor,761
surprise,20,Friendship & Humor,619
friendship,20,Friendship & Humor,569
omg,20,Friendship & Humor,528
health,20,Friendship & Humor,526
rip,20,Friendship & Humor,467
bestfriends,20,Friendship & Humor,460
you,20,Friendship & Humor,430
bestie,20,Friendship & Humor,374
friend,20,Friendship & Humor,166
joegoldberg,20,Friendship & Humor,95
younetflix,20,Friendship & Humor,54
florida,21,Theme Park Adventures,3379
universalstudios,21,Theme Park Adventures,885
atl,21,Theme Park Adventures,873
themepark,21,Theme Park Adventures,696
rollercoaster,21,Theme Park Adventures,588
rauwalejandro,21,Theme Park Adventures,558
jewelry,21,Theme Park Adventures,501
universalorlando,21,Theme Park Adventures,435
starbucks,21,Theme Park Adventures,404
orlandoflorida,21,Theme Park Adventures,362
corporatelife,21,Theme Park Adventures,354
epicuniverse,21,Theme Park Adventures,344
universalstudioshollywood,21,Theme Park Adventures,337
amusementpark,21,Theme Park Adventures,302
universal,21,Theme Park Adventures,286
sixflags,21,Theme Park Adventures,286
cosanuestratour,21,Theme Park Adventures,284
rauw,21,Theme Park Adventures,183
cosanuestra,21,Theme Park Adventures,182
howtotrainyourdragon,21,Theme Park Adventures,160
universalstudiosorlando,21,Theme Park Adventures,148
islandsofadventure,21,Theme Park Adventures,126
rauwalejandroworldtour,21,Theme Park Adventures,124
wizardingworld,21,Theme Park Adventures,123
universalorlandoresort,21,Theme Park Adventures,110
universalstudiosflorida,21,Theme Park Adventures,89
makeup,22,Beauty & Fashion,2082
fashion,22,Beauty & Fashion,1939
grwm,22,Beauty & Fashion,1770
ootd,22,Beauty & Fashion,1565
beauty,22,Beauty & Fashion,1174
luxury,22,Beauty & Fashion,738
style,22,Beauty & Fashion,573
outfit,22,Beauty & Fashion,572
haul,22,Beauty & Fashion,516
model,22,Beauty & Fashion,437
shoes,22,Beauty & Fashion,357
mensfashion,22,Beauty & Fashion,262
streetwear,22,Beauty & Fashion,251
fashiontok,22,Beauty & Fashion,185
fashionstyle,22,Beauty & Fashion,168
maquillaje,22,Beauty & Fashion,147
moda,22,Beauty & Fashion,121
bag,22,Beauty & Fashion,108
ootn,22,Beauty & Fashion,105
pt,22,Beauty & Fashion,105
abundancia,22,Beauty & Fashion,99
blog,22,Beauty & Fashion,64
priscyescoto,22,Beauty & Fashion,52
melomerezco,22,Beauty & Fashion,45
soyabundancia,22,Beauty & Fashion,44
reels,23,Motorcycle Lifestyle,1570
car,23,Motorcycle Lifestyle,1206
boyfriend,23,Motorcycle Lifestyle,1073
newjersey,23,Motorcycle Lifestyle,875
bayarea,23,Motorcycle Lifestyle,743
motorcycle,23,Motorcycle Lifestyle,676
witchtok,23,Motorcycle Lifestyle,495
arianagrande,23,Motorcycle Lifestyle,482
honda,23,Motorcycle Lifestyle,477
japan,23,Motorcycle Lifestyle,446
dodge,23,Motorcycle Lifestyle,435
bikelife,23,Motorcycle Lifestyle,433
filmtok,23,Motorcycle Lifestyle,394
kaicenat,23,Motorcycle Lifestyle,390
biketok,23,Motorcycle Lifestyle,385
matcha,23,Motorcycle Lifestyle,368
moto,23,Motorcycle Lifestyle,350
yamaha,23,Motorcycle Lifestyle,329
biker,23,Motorcycle Lifestyle,303
carsofinstagram,23,Motorcycle Lifestyle,269
bike,23,Motorcycle Lifestyle,239
kawasaki,23,Motorcycle Lifestyle,205
club,23,Motorcycle Lifestyle,194
mx,23,Motorcycle Lifestyle,130
nsx,23,Motorcycle Lifestyle,91
jdmnation,23,Motorcycle Lifestyle,85
hairstyle,24,Beauty & Hair,1369
hairtutorial,24,Beauty & Hair,1063
hairstyles,24,Beauty & Hair,914
beach,24,Beauty & Hair,910
snow,24,Beauty & Hair,806
breakingnews,24,Beauty & Hair,767
singer,24,Beauty & Hair,710
winter,24,Beauty & Hair,675
hurricane,24,Beauty & Hair,612
horse,24,Beauty & Hair,550
cowboy,24,Beauty & Hair,542
summervibes,24,Beauty & Hair,536
horses,24,Beauty & Hair,534
haircare,24,Beauty & Hair,492
oc,24,Beauty & Hair,449
horsesoftiktok,24,Beauty & Hair,429
oklahoma,24,Beauty & Hair,403
messi,24,Beauty & Hair,399
southcarolina,24,Beauty & Hair,382
nc,24,Beauty & Hair,350
hurricanemilton,24,Beauty & Hair,326
rodeo,24,Beauty & Hair,323
easyhairstyles,24,Beauty & Hair,240
equestrian,24,Beauty & Hair,225
horsetok,24,Beauty & Hair,172
horsegirl,24,Beauty & Hair,156
equine,24,Beauty & Hair,75
movie,25,Animated Cartoons & Humor,2307
didyouknow,25,Animated Cartoons & Humor,322
frozen,25,Animated Cartoons & Humor,216
moana,25,Animated Cartoons & Humor,201
moviescene,25,Animated Cartoons & Humor,184
shortfilm,25,Animated Cartoons & Humor,173
filmclips,25,Animated Cartoons & Humor,135
sinners,25,Animated Cartoons & Humor,133
thesimpsons,25,Animated Cartoons & Humor,116
simpsons,25,Animated Cartoons & Humor,108
trolls,25,Animated Cartoons & Humor,94
fouyou,25,Animated Cartoons & Humor,90
elsa,25,Animated Cartoons & Humor,79
moana2,25,Animated Cartoons & Humor,72
kungfupanda,25,Animated Cartoons & Humor,42
shortdrama,25,Animated Cartoons & Humor,41
dharmann,25,Animated Cartoons & Humor,29
dharmannfam,25,Animated Cartoons & Humor,16
carton,25,Animated Cartoons & Humor,15
usmovies,25,Animated Cartoons & Humor,15
filmanalysis,25,Animated Cartoons & Humor,14
adiscoveryofwitches,25,Animated Cartoons & Humor,11
cinemalovers,25,Animated Cartoons & Humor,7
sereal,25,Animated Cartoons & Humor,6
justlook75,25,Animated Cartoons & Humor,5
teamwork,26,K-Pop Fan Culture,762
daughter,26,K-Pop Fan Culture,424
fypシviraltiktok,26,K-Pop Fan Culture,351
wendyortiz,26,K-Pop Fan Culture,287
standwithkashmir,26,K-Pop Fan Culture,146
plzsupport,26,K-Pop Fan Culture,86
imrankhanpti,26,K-Pop Fan Culture,70
lahore,26,K-Pop Fan Culture,66
villagelife,26,K-Pop Fan Culture,64
khanlovers06,26,K-Pop Fan Culture,41
tiktokofficial,26,K-Pop Fan Culture,39
نظام_بدلو_کپتان_کےسنگ,26,K-Pop Fan Culture,25
dont_under_review_my_video,26,K-Pop Fan Culture,12
zafarghallu,26,K-Pop Fan Culture,12
پنڈاں_آلے_جٹ,26,K-Pop Fan Culture,12
dios,27,Christian Inspirational Content,1540
reflexion,27,Christian Inspirational Content,1116
motivacion,27,Christian Inspirational Content,652
oracion,27,Christian Inspirational Content,540
fe,27,Christian Inspirational Content,432
oracionespoderosas,27,Christian Inspirational Content,424
reflexiones,27,Christian Inspirational Content,423
bendiciones,27,Christian Inspirational Content,412
biblia,27,Christian Inspirational Content,356
cristianos,27,Christian Inspirational Content,278
jesús,27,Christian Inspirational Content,255
jovenescristianos,27,Christian Inspirational Content,216
buenosdias,27,Christian Inspirational Content,209
palabradedios,27,Christian Inspirational Content,207
oraciondelamañana,27,Christian Inspirational Content,153
proteccion,27,Christian Inspirational Content,116
buenasnoches,27,Christian Inspirational Content,107
oraciondelanoche,27,Christian Inspirational Content,81
bendicion,27,Christian Inspirational Content,74
espiritusanto,27,Christian Inspirational Content,70
oración,27,Christian Inspirational Content,64
señor,27,Christian Inspirational Content,53
yeseniathen,27,Christian Inspirational Content,45
jesuscristo,27,Christian Inspirational Content,37
papaleon,27,Christian Inspirational Content,27
papaleonxiv,27,Christian Inspirational Content,26
robertfrancisprevost,27,Christian Inspirational Content,24
papaleonxivmotivacion,27,Christian Inspirational Content,21
dessert,28,Animal Rescue & Cuteness,851
rescue,28,Animal Rescue & Cuteness,710
kitten,28,Animal Rescue & Cuteness,672
cake,28,Animal Rescue & Cuteness,665
amazing,28,Animal Rescue & Cuteness,595
homemade,28,Animal Rescue & Cuteness,534
baking,28,Animal Rescue & Cuteness,503
rescuedog,28,Animal Rescue & Cuteness,487
spongebob,28,Animal Rescue & Cuteness,473
training,28,Animal Rescue & Cuteness,428
china,28,Animal Rescue & Cuteness,426
cookies,28,Animal Rescue & Cuteness,418
bakery,28,Animal Rescue & Cuteness,370
kittens,28,Animal Rescue & Cuteness,364
culture,28,Animal Rescue & Cuteness,289
desserts,28,Animal Rescue & Cuteness,264
rescuecat,28,Animal Rescue & Cuteness,202
spongebobsquarepants,28,Animal Rescue & Cuteness,190
kittenlove,28,Animal Rescue & Cuteness,137
rescuekitten,28,Animal Rescue & Cuteness,126
followus,28,Animal Rescue & Cuteness,109
handcraft,28,Animal Rescue & Cuteness,109
wisp,28,Animal Rescue & Cuteness,105
staystinky,28,Animal Rescue & Cuteness,85
rescuekittenoftiktok,28,Animal Rescue & Cuteness,83
chineseculture,28,Animal Rescue & Cuteness,57
rescuedkittens,28,Animal Rescue & Cuteness,37
dogsoftiktok,29,Animal Companions,3332
cute,29,Animal Companions,2733
dog,29,Animal Companions,2465
animals,29,Animal Companions,1663
dogs,29,Animal Companions,1327
puppy,29,Animal Companions,1326
petsoftiktok,29,Animal Companions,902
pet,29,Animal Companions,754
pets,29,Animal Companions,683
dogmom,29,Animal Companions,609
doglover,29,Animal Companions,584
puppytiktok,29,Animal Companions,487
puppylove,29,Animal Companions,423
cutedog,29,Animal Companions,365
puppies,29,Animal Companions,353
puppiesoftiktok,29,Animal Companions,346
dogtraining,29,Animal Companions,335
funnydog,29,Animal Companions,308
dachshund,29,Animal Companions,247
puppylife,29,Animal Companions,215
germanshepherd,29,Animal Companions,215
cutedogs,29,Animal Companions,134
asmr,30,Christian Inspirational Content,6521
creatorsearchinsights,30,Christian Inspirational Content,5874
relationshipgoals,30,Christian Inspirational Content,707
tiktoklive,30,Christian Inspirational Content,301
creator,30,Christian Inspirational Content,267
subwaysurfers,30,Christian Inspirational Content,63
olaflessons_0,30,Christian Inspirational Content,22
manzoorahmad7220,30,Christian Inspirational Content,18
olafmindset,30,Christian Inspirational Content,18
vlog,31,Racing & Lifestyle,1424
lifestyle,31,Racing & Lifestyle,872
workout,31,Racing & Lifestyle,810
dayinmylife,31,Racing & Lifestyle,748
cookwithme,31,Racing & Lifestyle,457
dayinthelife,31,Racing & Lifestyle,444
onepiece,31,Racing & Lifestyle,401
goodvibes,31,Racing & Lifestyle,360
welding,31,Racing & Lifestyle,305
minivlog,31,Racing & Lifestyle,282
welder,31,Racing & Lifestyle,227
ditl,31,Racing & Lifestyle,153
pilates,31,Racing & Lifestyle,145
dentalstudent,31,Racing & Lifestyle,121
luffy,31,Racing & Lifestyle,111
privatechef,31,Racing & Lifestyle,107
nascar,31,Racing & Lifestyle,107
motorsport,31,Racing & Lifestyle,100
abs,31,Racing & Lifestyle,100
dragracing,31,Racing & Lifestyle,95
weld,31,Racing & Lifestyle,87
toddlermeals,31,Racing & Lifestyle,56
ilove,31,Racing & Lifestyle,56
goodvibesonly,31,Racing & Lifestyle,51
luffyonepiece,31,Racing & Lifestyle,34
tankwelder,31,Racing & Lifestyle,19
sports,32,Combat Sports & Fighting,1015
boxing,32,Combat Sports & Fighting,578
ufc,32,Combat Sports & Fighting,494
mma,32,Combat Sports & Fighting,377
wrestling,32,Combat Sports & Fighting,278
fight,32,Combat Sports & Fighting,222
fighter,32,Combat Sports & Fighting,156
champion,32,Combat Sports & Fighting,152
combatsports,32,Combat Sports & Fighting,90
knockout,32,Combat Sports & Fighting,71
jiujitsu,32,Combat Sports & Fighting,71
danawhite,32,Combat Sports & Fighting,44
mmafighter,32,Combat Sports & Fighting,40
ufc_mma_sport,32,Combat Sports & Fighting,39
alexpereira,32,Combat Sports & Fighting,36
islammakhachev,32,Combat Sports & Fighting,30
ufcedit,32,Combat Sports & Fighting,30
jonjones,32,Combat Sports & Fighting,29
conormcgregor,32,Combat Sports & Fighting,27
ufcvideo,32,Combat Sports & Fighting,25
khabib,32,Combat Sports & Fighting,22
charlesoliveira,32,Combat Sports & Fighting,22
ufcrussia,32,Combat Sports & Fighting,21
dustinpoirier,32,Combat Sports & Fighting,20
nocheufc,32,Combat Sports & Fighting,20
mmahighlight,32,Combat Sports & Fighting,20
ufc311,32,Combat Sports & Fighting,16
smallbusiness,33,Food & Desserts,1672
icecream,33,Food & Desserts,879
yummy,33,Food & Desserts,631
chocolate,33,Food & Desserts,582
mechanic,33,Food & Desserts,490
ramobuchon,33,Food & Desserts,397
seafoodboil,33,Food & Desserts,383
sweet,33,Food & Desserts,305
ramo,33,Food & Desserts,288
roses,33,Food & Desserts,285
florist,33,Food & Desserts,241
icecreamshop,33,Food & Desserts,139
milkshake,33,Food & Desserts,98
softserve,33,Food & Desserts,94
coldstone,33,Food & Desserts,39
sundae,33,Food & Desserts,35
northmyrtlebeach,33,Food & Desserts,33
italianice,33,Food & Desserts,33
icecreamlover,33,Food & Desserts,31
icecreamcone,33,Food & Desserts,30
softserveicecream,33,Food & Desserts,29
scooping,33,Food & Desserts,27
scooptok,33,Food & Desserts,25
mrgsicecreamandgrill,33,Food & Desserts,24
handdipped,33,Food & Desserts,23
dance,34,Parenting & Motherhood,3743
momsoftiktok,34,Parenting & Motherhood,3253
momlife,34,Parenting & Motherhood,2325
baby,34,Parenting & Motherhood,2104
couplegoals,34,Parenting & Motherhood,1533
mom,34,Parenting & Motherhood,1526
momtok,34,Parenting & Motherhood,1486
boymom,34,Parenting & Motherhood,764
parentsoftiktok,34,Parenting & Motherhood,651
babyboy,34,Parenting & Motherhood,566
motherhood,34,Parenting & Motherhood,553
girlmom,34,Parenting & Motherhood,550
morningroutine,34,Parenting & Motherhood,414
sahmlife,34,Parenting & Motherhood,381
momof4,34,Parenting & Motherhood,183
thedurrancefamily,34,Parenting & Motherhood,163
thedurrances,34,Parenting & Motherhood,163
boymomlife,34,Parenting & Motherhood,90
familyof6,34,Parenting & Motherhood,66
babydance,34,Parenting & Motherhood,66
suerose,34,Parenting & Motherhood,61
astrology,35,Zodiac & Astrology,602
zodiacsigns,35,Zodiac & Astrology,463
cancer,35,Zodiac & Astrology,436
zodiac,35,Zodiac & Astrology,409
spirituality,35,Zodiac & Astrology,382
tarot,35,Zodiac & Astrology,355
leo,35,Zodiac & Astrology,254
virgo,35,Zodiac & Astrology,240
scorpio,35,Zodiac & Astrology,240
libra,35,Zodiac & Astrology,236
aries,35,Zodiac & Astrology,234
sagittarius,35,Zodiac & Astrology,233
gemini,35,Zodiac & Astrology,231
aquarius,35,Zodiac & Astrology,227
capricorn,35,Zodiac & Astrology,225
pisces,35,Zodiac & Astrology,212
taurus,35,Zodiac & Astrology,192
cancersucks,35,Zodiac & Astrology,180
cancerfighter,35,Zodiac & Astrology,105
cancerawareness,35,Zodiac & Astrology,72
fuckcancer,35,Zodiac & Astrology,57
chemo,35,Zodiac & Astrology,54
ancestors,35,Zodiac & Astrology,49
breastcancer,35,Zodiac & Astrology,48
cancertok,35,Zodiac & Astrology,42
zodiachogwartscombos,35,Zodiac & Astrology,37
cancersurvivor,35,Zodiac & Astrology,34
chemotherapy,35,Zodiac & Astrology,32
hodgkinslymphoma,35,Zodiac & Astrology,24
hair,36,Beauty & Hair Care,2250
hairtok,36,Beauty & Hair Care,1990
haircut,36,Beauty & Hair Care,1467
tutorial,36,Beauty & Hair Care,1398
hairstylist,36,Beauty & Hair Care,834
braids,36,Beauty & Hair Care,509
hairinspo,36,Beauty & Hair Care,499
longhair,36,Beauty & Hair Care,336
haircolor,36,Beauty & Hair Care,309
blonde,36,Beauty & Hair Care,284
hairextensions,36,Beauty & Hair Care,274
healthyhair,36,Beauty & Hair Care,241
blowout,36,Beauty & Hair Care,238
redhair,36,Beauty & Hair Care,214
shorthair,36,Beauty & Hair Care,200
hairideas,36,Beauty & Hair Care,178
cutehairstyles,36,Beauty & Hair Care,146
hairtips,36,Beauty & Hair Care,130
peinados,36,Beauty & Hair Care,122
halfuphalfdown,36,Beauty & Hair Care,121
hairhack,36,Beauty & Hair Care,105
peinadosfaciles,36,Beauty & Hair Care,105
apartmenttour,37,Travel & NYC,349
timesquare,37,Travel & NYC,318
subway,37,Travel & NYC,292
nycapartment,37,Travel & NYC,276
queens,37,Travel & NYC,269
thingstodoinnyc,37,Travel & NYC,241
bronx,37,Travel & NYC,230
timessquare,37,Travel & NYC,223
tennis,37,Travel & NYC,185
centralpark,37,Travel & NYC,158
voguegermany,37,Travel & NYC,145
msg,37,Travel & NYC,138
madisonsquaregarden,37,Travel & NYC,133
mta,37,Travel & NYC,92
nybucketlist,37,Travel & NYC,91
nycrealestate,37,Travel & NYC,89
satc,37,Travel & NYC,79
nycsubway,37,Travel & NYC,76
entertainmentnews,37,Travel & NYC,70
nycchristmas,37,Travel & NYC,66
nycmarathon,37,Travel & NYC,63
nycapartmenttour,37,Travel & NYC,61
mosesthejeweler,37,Travel & NYC,59
nycapartments,37,Travel & NYC,51
whatspoppin,37,Travel & NYC,37
usatiktok,38,Beauty & Hair,846
tennessee,38,Beauty & Hair,727
wow,38,Beauty & Hair,574
tiktokusa,38,Beauty & Hair,562
hairgoals,38,Beauty & Hair,559
tampa,38,Beauty & Hair,537
satire,38,Beauty & Hair,418
alabama,38,Beauty & Hair,413
fypviralシ,38,Beauty & Hair,362
austintx,38,Beauty & Hair,299
bamarush,38,Beauty & Hair,135
comedyskit,38,Beauty & Hair,135
bama,38,Beauty & Hair,125
rolltide,38,Beauty & Hair,98
cambiodeimagen,38,Beauty & Hair,98
mobile,38,Beauty & Hair,89
birmingham,38,Beauty & Hair,65
montgomery,38,Beauty & Hair,34
tiktokuk,38,Beauty & Hair,26
tiktoksa,38,Beauty & Hair,24
jarrydwentzel,38,Beauty & Hair,24
jay_chama,38,Beauty & Hair,24
news,39,Politics & News,2243
trump,39,Politics & News,1499
trump2024,39,Politics & News,386
elonmusk,39,Politics & News,366
kamala,39,Politics & News,284
election2024,39,Politics & News,235
biden,39,Politics & News,196
vote,39,Politics & News,186
harris,39,Politics & News,91
trumpsupporters,39,Politics & News,84
republicans,39,Politics & News,83
presidenttrump,39,Politics & News,55
mentalhealth,40,Relationship & Self-Growth,945
datingadvice,40,Relationship & Self-Growth,743
mindset,40,Relationship & Self-Growth,624
motivational,40,Relationship & Self-Growth,624
selflove,40,Relationship & Self-Growth,612
advice,40,Relationship & Self-Growth,610
lifelessons,40,Relationship & Self-Growth,587
relationshipadvice,40,Relationship & Self-Growth,529
breakup,40,Relationship & Self-Growth,434
lifeadvice,40,Relationship & Self-Growth,363
datingtips,40,Relationship & Self-Growth,315
heartbroken,40,Relationship & Self-Growth,209
cleveland,40,Relationship & Self-Growth,186
relationshiptips,40,Relationship & Self-Growth,136
steveharvey,40,Relationship & Self-Growth,111
lifecoach,40,Relationship & Self-Growth,80
datingcoach,40,Relationship & Self-Growth,53
chatswithnat,40,Relationship & Self-Growth,25
nataliebell,40,Relationship & Self-Growth,24
foryoupageofficiall,41,Beauty & Skincare,1838
skincare,41,Beauty & Skincare,935
selfcare,41,Beauty & Skincare,586
skincareroutine,41,Beauty & Skincare,359
sephora,41,Beauty & Skincare,310
beautyhacks,41,Beauty & Skincare,224
esthetician,41,Beauty & Skincare,216
beautytips,41,Beauty & Skincare,208
acne,41,Beauty & Skincare,195
skin,41,Beauty & Skincare,172
skincaretips,41,Beauty & Skincare,163
skintok,41,Beauty & Skincare,130
koreanskincare,41,Beauty & Skincare,130
kbeauty,41,Beauty & Skincare,127
nightroutine,41,Beauty & Skincare,109
sephorahaul,41,Beauty & Skincare,105
dermatologist,41,Beauty & Skincare,99
glassskin,41,Beauty & Skincare,70
antiaging,41,Beauty & Skincare,68
dermatology,41,Beauty & Skincare,64
sunscreen,41,Beauty & Skincare,55
drunkelephant,41,Beauty & Skincare,44
glowrecipe,41,Beauty & Skincare,44
skincare101,41,Beauty & Skincare,42
facemask,41,Beauty & Skincare,37
worshipmusic,42,Christian Inspirational Content,194
jesussaves,42,Christian Inspirational Content,125
prayersneeded,42,Christian Inspirational Content,87
morningprayer,42,Christian Inspirational Content,73
onthisday,43,Philippine Pop Culture,855
trendingnow,43,Philippine Pop Culture,349
duetwithme,43,Philippine Pop Culture,177
1million,43,Philippine Pop Culture,157
senegalaise_tik_tok,43,Philippine Pop Culture,79
mustsee,43,Philippine Pop Culture,75
trendingdance,43,Philippine Pop Culture,64
danceawesome,43,Philippine Pop Culture,33
businessproposal,43,Philippine Pop Culture,32
dancechallege,43,Philippine Pop Culture,21
ads,43,Philippine Pop Culture,14
kanerogal,43,Philippine Pop Culture,13
kiligpamore,43,Philippine Pop Culture,13
vloggerlifestyle,43,Philippine Pop Culture,13
kingofchestbang,43,Philippine Pop Culture,13
rogalbrothers,43,Philippine Pop Culture,13
kanerogalreels,43,Philippine Pop Culture,13
tiktokpinoy,43,Philippine Pop Culture,13
zeynaladive,43,Philippine Pop Culture,11
zeynabeguerassul,43,Philippine Pop Culture,10
babiesoftiktok,44,Parenting & Humor,818
postpartum,44,Parenting & Humor,673
kidsoftiktok,44,Parenting & Humor,628
toddler,44,Parenting & Humor,577
singlemom,44,Parenting & Humor,275
momsover30,44,Parenting & Humor,234
momanddaughter,44,Parenting & Humor,217
momhumor,44,Parenting & Humor,133
momsbelike,44,Parenting & Humor,111
baseballmom,44,Parenting & Humor,103
motherhoodunplugged,44,Parenting & Humor,79
bailando,45,Dance & Comedy,339
1m,45,Dance & Comedy,324
linedance,45,Dance & Comedy,314
choreography,45,Dance & Comedy,286
vaquero,45,Dance & Comedy,254
michaeljackson,45,Dance & Comedy,253
me,45,Dance & Comedy,219
foryoupagee,45,Dance & Comedy,196
dancemoms,45,Dance & Comedy,159
dancersoftiktok,45,Dance & Comedy,139
savannahbananas,45,Dance & Comedy,121
ate,45,Dance & Comedy,91
956rgv,45,Dance & Comedy,78
daddyyankee,45,Dance & Comedy,75
bananaball,45,Dance & Comedy,60
partyanimals,45,Dance & Comedy,57
baila,45,Dance & Comedy,47
jackson,45,Dance & Comedy,44
uniform,45,Dance & Comedy,34
tannerthomas,45,Dance & Comedy,22
lockerroom,45,Dance & Comedy,17
bombon,45,Dance & Comedy,15
chubby,45,Dance & Comedy,12
christmas,46,Parenting & Family,2548
pregnant,46,Parenting & Family,1539
parents,46,Parenting & Family,654
mothersday,46,Parenting & Family,287
son,46,Parenting & Family,271
mother,46,Parenting & Family,239
moms,46,Parenting & Family,203
real,47,Entertainment & Comedy,2848
xybca,47,Entertainment & Comedy,1681
girls,47,Entertainment & Comedy,968
trendy,47,Entertainment & Comedy,519
content,47,Entertainment & Comedy,423
trends,47,Entertainment & Comedy,392
tiktoker,47,Entertainment & Comedy,384
meow,47,Entertainment & Comedy,381
foodporn,47,Entertainment & Comedy,353
girly,47,Entertainment & Comedy,266
relate,47,Entertainment & Comedy,147
lice,47,Entertainment & Comedy,81
liceremoval,47,Entertainment & Comedy,56
disney,48,Disney Princess Content,3552
disneyparks,48,Disney Princess Content,1375
disneytiktok,48,Disney Princess Content,551
epcot,48,Disney Princess Content,380
californiaadventure,48,Disney Princess Content,328
disneyprincess,48,Disney Princess Content,311
animalkingdom,48,Disney Princess Content,246
pixar,48,Disney Princess Content,235
disneyplus,48,Disney Princess Content,210
mickeymouse,48,Disney Princess Content,199
disneychannel,48,Disney Princess Content,193
snowwhite,48,Disney Princess Content,143
insideout,48,Disney Princess Content,128
toystory,48,Disney Princess Content,125
insideout2,48,Disney Princess Content,115
rapunzel,48,Disney Princess Content,115
tangled,48,Disney Princess Content,113
cinderella,48,Disney Princess Content,111
partyprincess,48,Disney Princess Content,92
descendants,48,Disney Princess Content,90
beautyandthebeast,48,Disney Princess Content,90
thelittlemermaid,48,Disney Princess Content,86
d23,48,Disney Princess Content,69
ariel,48,Disney Princess Content,66
disneyprincessmakeup,48,Disney Princess Content,49
mrthomasenglish,48,Disney Princess Content,40
greenscreenvideo,49,Food & Concerts,1779
nature,49,Food & Concerts,1681
birria,49,Food & Concerts,221
birriatacos,49,Food & Concerts,125
julionalvarez,49,Food & Concerts,119
queso,49,Food & Concerts,72
julionalvarezoficial,49,Food & Concerts,42
quesabirria,49,Food & Concerts,38
actionfigures,49,Food & Concerts,37
birriaramen,49,Food & Concerts,36
quesabirrias,49,Food & Concerts,31
bbn,49,Food & Concerts,29
coverup,49,Food & Concerts,27
birriaderes,49,Food & Concerts,20
quesabirriatacos,49,Food & Concerts,11
shfiguarts,49,Food & Concerts,10
kidstylist,49,Food & Concerts,9
shaniquatierra,49,Food & Concerts,8
lavishmelovely,49,Food & Concerts,8
birrieria,49,Food & Concerts,6
shf,49,Food & Concerts,4
outfitconcert,49,Food & Concerts,1
prinesscoverup,49,Food & Concerts,1
shfiguartsdragonballsuper,49,Food & Concerts,1
shfiguartsdragonballz,49,Food & Concerts,1
ssgss,49,Food & Concerts,1
oddlysatisfying,50,Tech & Unboxing,522
relax,50,Tech & Unboxing,496
restock,50,Tech & Unboxing,329
fruit,50,Tech & Unboxing,321
organizedhome,50,Tech & Unboxing,302
ct,50,Tech & Unboxing,255
restockasmr,50,Tech & Unboxing,224
slime,50,Tech & Unboxing,209
chiropractic,50,Tech & Unboxing,209
aircraft,50,Tech & Unboxing,170
satisfyingvideos,50,Tech & Unboxing,162
phonerepair,50,Tech & Unboxing,139
bridgeportct,50,Tech & Unboxing,129
moneytalkswireless,50,Tech & Unboxing,122
appleiphone,50,Tech & Unboxing,116
igotchu,50,Tech & Unboxing,113
ramfam,50,Tech & Unboxing,86
mtw,50,Tech & Unboxing,76
fruits,50,Tech & Unboxing,75
keyboard,50,Tech & Unboxing,65
slimeasmr,50,Tech & Unboxing,59
typing,50,Tech & Unboxing,43
mtwrepair,50,Tech & Unboxing,37
mechanicalkeyboard,50,Tech & Unboxing,37
blacktiktok,51,Black Southern Cuisine,921
tour,51,Black Southern Cuisine,669
water,51,Black Southern Cuisine,395
blackgirlmagic,51,Black Southern Cuisine,374
black,51,Black Southern Cuisine,330
crab,51,Black Southern Cuisine,195
workfromhome,51,Black Southern Cuisine,165
wfh,51,Black Southern Cuisine,153
blackwomen,51,Black Southern Cuisine,141
gatlinburg,51,Black Southern Cuisine,135
blacktiktokcommunity,51,Black Southern Cuisine,130
pigeonforge,51,Black Southern Cuisine,127
seafoodlover,51,Black Southern Cuisine,108
blackhistory,51,Black Southern Cuisine,106
blackpeople,51,Black Southern Cuisine,101
knoxville,51,Black Southern Cuisine,75
insurance,51,Black Southern Cuisine,71
smokymountains,51,Black Southern Cuisine,67
blackculture,51,Black Southern Cuisine,54
blackcommunity,51,Black Southern Cuisine,35
blackpeopletiktok,51,Black Southern Cuisine,29
voiceover,52,Comedy Sketches,322
invincible,52,Comedy Sketches,209
top5,52,Comedy Sketches,208
comdey,52,Comedy Sketches,174
bread,52,Comedy Sketches,160
prankcall,52,Comedy Sketches,131
streetart,52,Comedy Sketches,88
sml,52,Comedy Sketches,78
caricature,52,Comedy Sketches,77
puppet,52,Comedy Sketches,69
phonecall,52,Comedy Sketches,65
shamar,52,Comedy Sketches,62
tshirt,52,Comedy Sketches,32
пов,52,Comedy Sketches,25
taysounknown,52,Comedy Sketches,15
ryllskaya,52,Comedy Sketches,14
длятебя,52,Comedy Sketches,13
lxanime,52,Comedy Sketches,12
комедия,52,Comedy Sketches,11
radicalwoods,52,Comedy Sketches,10
nemchenkoactress,52,Comedy Sketches,9
fantastical,52,Comedy Sketches,9
harmless,52,Comedy Sketches,9
смешной,52,Comedy Sketches,8
актерскоемастерство,52,Comedy Sketches,8
funnyshirts,52,Comedy Sketches,7
jokes,53,Beauty Hair Styles,968
braidstyles,53,Beauty Hair Styles,469
braidedhairstyles,53,Beauty Hair Styles,295
braiders,53,Beauty Hair Styles,290
protectivestyles,53,Beauty Hair Styles,220
braider,53,Beauty Hair Styles,193
stitchbraids,53,Beauty Hair Styles,180
bohobraids,53,Beauty Hair Styles,138
braidersontiktok,53,Beauty Hair Styles,123
atlbraider,53,Beauty Hair Styles,107
bohoknotlessbraids,53,Beauty Hair Styles,85
boxbraids,53,Beauty Hair Styles,83
knotless,53,Beauty Hair Styles,80
cornrows,53,Beauty Hair Styles,76
braidstutorial,53,Beauty Hair Styles,75
feedinbraids,53,Beauty Hair Styles,62
knotlessboxbraids,53,Beauty Hair Styles,56
labraider,53,Beauty Hair Styles,40
labraids,53,Beauty Hair Styles,29
800xtt,53,Beauty Hair Styles,27
taylorswift,54,Taylor Swift Fan Content,2934
chiefs,54,Taylor Swift Fan Content,274
traviskelce,54,Taylor Swift Fan Content,262
taylorswifterastour,54,Taylor Swift Fan Content,244
grammys,54,Taylor Swift Fan Content,239
taylor,54,Taylor Swift Fan Content,204
reputation,54,Taylor Swift Fan Content,183
taylorswifttok,54,Taylor Swift Fan Content,176
ttpd,54,Taylor Swift Fan Content,156
folklore,54,Taylor Swift Fan Content,140
overlay,54,Taylor Swift Fan Content,135
angelasoverlays,54,Taylor Swift Fan Content,129
overlays,54,Taylor Swift Fan Content,126
taylorswiftedit,54,Taylor Swift Fan Content,126
tswift,54,Taylor Swift Fan Content,118
reputationtaylorsversion,54,Taylor Swift Fan Content,100
thetorturedpoetsdepartment,54,Taylor Swift Fan Content,97
theerastourtaylorswift,54,Taylor Swift Fan Content,92
midnights,54,Taylor Swift Fan Content,90
givecredits,54,Taylor Swift Fan Content,34
givecreds,54,Taylor Swift Fan Content,33
summer,55,Motivational Comedy Content,2086
2025,55,Motivational Comedy Content,1232
new,55,Motivational Comedy Content,781
newyear,55,Motivational Comedy Content,316
senior,55,Motivational Comedy Content,258
happynewyear,55,Motivational Comedy Content,182
crumblcookies,55,Motivational Comedy Content,147
newyears,55,Motivational Comedy Content,123
dailymotivation,55,Motivational Comedy Content,107
крамблкуки,55,Motivational Comedy Content,57
dailyquotes,55,Motivational Comedy Content,54
nelsonmandela,55,Motivational Comedy Content,35
nelsonmandeladay,55,Motivational Comedy Content,23
ignoreshion,55,Motivational Comedy Content,18
changuitoytita,55,Motivational Comedy Content,16
motivationspeech,55,Motivational Comedy Content,15
крамбл,55,Motivational Comedy Content,15
zakhar,55,Motivational Comedy Content,10
meme,56,Relationship Drama & Comedy,3693
couple,56,Relationship Drama & Comedy,2016
lol,56,Relationship Drama & Comedy,1762
prank,56,Relationship Drama & Comedy,1393
drake,56,Relationship Drama & Comedy,733
relatablecontent,56,Relationship Drama & Comedy,394
ex,56,Relationship Drama & Comedy,390
amarudnd,56,Relationship Drama & Comedy,302
views,57,Home Decor & Cleaning,705
nyclife,57,Home Decor & Cleaning,555
giftideas,57,Home Decor & Cleaning,521
roadtrip,57,Home Decor & Cleaning,496
familytime,57,Home Decor & Cleaning,493
80s,57,Home Decor & Cleaning,457
nickiminaj,57,Home Decor & Cleaning,402
mountains,57,Home Decor & Cleaning,401
house,57,Home Decor & Cleaning,392
cleanwithme,57,Home Decor & Cleaning,363
cleaningmotivation,57,Home Decor & Cleaning,354
rock,57,Home Decor & Cleaning,354
freestyle,57,Home Decor & Cleaning,351
nyctiktok,57,Home Decor & Cleaning,223
80smusic,57,Home Decor & Cleaning,194
asmrcleaning,57,Home Decor & Cleaning,128
goats,57,Home Decor & Cleaning,115
feed,57,Home Decor & Cleaning,94
barbz,57,Home Decor & Cleaning,80
pinkfriday2,57,Home Decor & Cleaning,79
gagcity,57,Home Decor & Cleaning,75
babygoat,57,Home Decor & Cleaning,46
pinkfriday2tour,57,Home Decor & Cleaning,45
closingshift,57,Home Decor & Cleaning,41
houseinspo,57,Home Decor & Cleaning,23
ivancornejo,58,Gaming Memes & Fun,326
trackandfield,58,Gaming Memes & Fun,299
rnbvibes,58,Gaming Memes & Fun,285
triplets,58,Gaming Memes & Fun,211
alightmotion_edit,58,Gaming Memes & Fun,128
rnbmusic,58,Gaming Memes & Fun,122
reasonforbooking,58,Gaming Memes & Fun,106
thebiblesimplified,58,Gaming Memes & Fun,96
blindreact,58,Gaming Memes & Fun,96
thebiblesimplifiedplaylist,58,Gaming Memes & Fun,95
thebiblesimplifiedscripture,58,Gaming Memes & Fun,93
clashroyale,58,Gaming Memes & Fun,91
shepgoldtok,58,Gaming Memes & Fun,78
beranda,58,Gaming Memes & Fun,74
2819church,58,Gaming Memes & Fun,74
jedagjedug,58,Gaming Memes & Fun,65
penampakan,58,Gaming Memes & Fun,54
theparratriplets,58,Gaming Memes & Fun,54
thisisamerica,58,Gaming Memes & Fun,52
clashroyalememes,58,Gaming Memes & Fun,47
songanalysis,58,Gaming Memes & Fun,40
fadly_edit,58,Gaming Memes & Fun,38
dappingup10s,58,Gaming Memes & Fun,34
clashroyaledeck,58,Gaming Memes & Fun,33
skeletonkingmenace,58,Gaming Memes & Fun,31
philipamitchell,58,Gaming Memes & Fun,27
fdtday,58,Gaming Memes & Fun,27
fadly_editz,58,Gaming Memes & Fun,24
aneh,58,Gaming Memes & Fun,19
sanfrancisco,59,True Crime Podcasts,784
georgia,59,True Crime Podcasts,622
crime,59,True Crime Podcasts,523
phoenix,59,True Crime Podcasts,464
pennsylvania,59,True Crime Podcasts,452
law,59,True Crime Podcasts,305
court,59,True Crime Podcasts,265
idaho,59,True Crime Podcasts,197
newmexico,59,True Crime Podcasts,178
pa,59,True Crime Podcasts,153
youngthug,59,True Crime Podcasts,143
brujeria,59,True Crime Podcasts,119
amarres,59,True Crime Podcasts,94
courtroom,59,True Crime Podcasts,92
amarresdeamor,59,True Crime Podcasts,92
legal,59,True Crime Podcasts,89
delaware,59,True Crime Podcasts,80
pennsylvaniacheck,59,True Crime Podcasts,66
ysltrial,59,True Crime Podcasts,52
mukbang,60,Sneaker and Comedy,3023
football,60,Sneaker and Comedy,2149
video,60,Sneaker and Comedy,1393
animation,60,Sneaker and Comedy,1235
shorts,60,Sneaker and Comedy,1071
sneakerhead,60,Sneaker and Comedy,211
ig,60,Sneaker and Comedy,90
negotiation,60,Sneaker and Comedy,74
kicks,60,Sneaker and Comedy,63
basketballshoes,60,Sneaker and Comedy,55
dunks,60,Sneaker and Comedy,54
jordan1,60,Sneaker and Comedy,53
buy,60,Sneaker and Comedy,47
ytshorts,60,Sneaker and Comedy,45
kotd,60,Sneaker and Comedy,40
sneakrtweakr,60,Sneaker and Comedy,31
nikes,60,Sneaker and Comedy,29
buyout,60,Sneaker and Comedy,28
heatarchive,60,Sneaker and Comedy,27
baseball,61,Sports & Baseball,1462
mlb,61,Sports & Baseball,937
athlete,61,Sports & Baseball,480
dodgers,61,Sports & Baseball,317
baseballboys,61,Sports & Baseball,210
baseballlife,61,Sports & Baseball,188
yankees,61,Sports & Baseball,168
homerun,61,Sports & Baseball,146
worldseries,61,Sports & Baseball,135
baseballtiktoks,61,Sports & Baseball,127
shoheiohtani,61,Sports & Baseball,100
baseballszn,61,Sports & Baseball,98
collegebaseball,61,Sports & Baseball,93
beisbol,61,Sports & Baseball,87
pitching,61,Sports & Baseball,82
pitcher,61,Sports & Baseball,72
baseballplayer,61,Sports & Baseball,67
mlbtheshow,61,Sports & Baseball,63
baseballtiktok,61,Sports & Baseball,61
mets,61,Sports & Baseball,61
hitting,61,Sports & Baseball,58
redsox,61,Sports & Baseball,53
mlbtiktok,61,Sports & Baseball,52
newyorkyankees,61,Sports & Baseball,36
sad,62,Mental Health Support,1092
pain,62,Mental Health Support,184
crying,62,Mental Health Support,173
depression,62,Mental Health Support,136
triste,62,Mental Health Support,128
cry,62,Mental Health Support,122
vent,62,Mental Health Support,121
alone,62,Mental Health Support,120
sadstory,62,Mental Health Support,106
brokenheart,62,Mental Health Support,104
broken,62,Mental Health Support,100
sadness,62,Mental Health Support,75
coffee,63,Coffee & Lifestyle,883
business,63,Coffee & Lifestyle,405
coffeetiktok,63,Coffee & Lifestyle,338
asian,63,Coffee & Lifestyle,337
coffeeshop,63,Coffee & Lifestyle,309
cafe,63,Coffee & Lifestyle,305
boba,63,Coffee & Lifestyle,271
barista,63,Coffee & Lifestyle,241
espresso,63,Coffee & Lifestyle,204
businessowner,63,Coffee & Lifestyle,195
icedcoffee,63,Coffee & Lifestyle,194
coffeetok,63,Coffee & Lifestyle,181
latte,63,Coffee & Lifestyle,120
baristalife,63,Coffee & Lifestyle,99
bobatea,63,Coffee & Lifestyle,95
bubbletea,63,Coffee & Lifestyle,79
coffeetime,63,Coffee & Lifestyle,75
coffeelover,63,Coffee & Lifestyle,57
latteart,63,Coffee & Lifestyle,41
bobalover,63,Coffee & Lifestyle,35
mamalanlan,63,Coffee & Lifestyle,32
bossmom,63,Coffee & Lifestyle,29
mamalanlanslife,63,Coffee & Lifestyle,28
bigpinekey,63,Coffee & Lifestyle,28
teandahan,63,Coffee & Lifestyle,27
localbusines,63,Coffee & Lifestyle,26
dating,64,Relationship & Love,1576
cats,64,Relationship & Love,1420
couples,64,Relationship & Love,1267
couplestiktok,64,Relationship & Love,555
girlfriend,64,Relationship & Love,545
iloveyou,64,Relationship & Love,492
bf,64,Relationship & Love,491
gf,64,Relationship & Love,358
him,64,Relationship & Love,271
gacha,64,Relationship & Love,263
ilovemybf,64,Relationship & Love,184
matching,64,Relationship & Love,110
matchingoutfits,64,Relationship & Love,70
sanemi,64,Relationship & Love,42
cartok,65,Truck Enthusiast Community,1198
ford,65,Truck Enthusiast Community,844
chevy,65,Truck Enthusiast Community,658
trucktok,65,Truck Enthusiast Community,634
truck,65,Truck Enthusiast Community,616
trucks,65,Truck Enthusiast Community,428
trucksoftiktok,65,Truck Enthusiast Community,362
gmc,65,Truck Enthusiast Community,238
liftedtrucks,65,Truck Enthusiast Community,231
duramax,65,Truck Enthusiast Community,231
trucking,65,Truck Enthusiast Community,223
powerstroke,65,Truck Enthusiast Community,203
silverado,65,Truck Enthusiast Community,185
trucker,65,Truck Enthusiast Community,181
bubbatruck,65,Truck Enthusiast Community,152
ram,65,Truck Enthusiast Community,143
f250,65,Truck Enthusiast Community,134
f150,65,Truck Enthusiast Community,133
denali,65,Truck Enthusiast Community,126
truckerlife,65,Truck Enthusiast Community,65
300hp,65,Truck Enthusiast Community,56
26x16,65,Truck Enthusiast Community,49
truckquotes,65,Truck Enthusiast Community,40
26x14,65,Truck Enthusiast Community,40
influencer,66,Music & Pop Culture,616
twins,66,Music & Pop Culture,535
chisme,66,Music & Pop Culture,431
diddy,66,Music & Pop Culture,365
nicaragua,66,Music & Pop Culture,213
jayz,66,Music & Pop Culture,130
renaissancetour,66,Music & Pop Culture,114
chismesito,66,Music & Pop Culture,106
twinsoftiktok,66,Music & Pop Culture,63
beyoncechallenge,66,Music & Pop Culture,48
rwt,66,Music & Pop Culture,41
mutechallenge,66,Music & Pop Culture,33
rwt2023,66,Music & Pop Culture,32
bey,66,Music & Pop Culture,30
beyoncerenaissance,66,Music & Pop Culture,29
texasholdem,66,Music & Pop Culture,26
chismetiktok,66,Music & Pop Culture,14
fishing,67,Outdoor Fishing Adventures,889
outdoors,67,Outdoor Fishing Adventures,787
fish,67,Outdoor Fishing Adventures,462
fishtok,67,Outdoor Fishing Adventures,334
bass,67,Outdoor Fishing Adventures,301
boat,67,Outdoor Fishing Adventures,247
bassfishing,67,Outdoor Fishing Adventures,246
maine,67,Outdoor Fishing Adventures,215
fishinglife,67,Outdoor Fishing Adventures,161
lobster,67,Outdoor Fishing Adventures,158
fishingtiktoks,67,Outdoor Fishing Adventures,102
catfish,67,Outdoor Fishing Adventures,95
boats,67,Outdoor Fishing Adventures,89
saltwaterfishing,67,Outdoor Fishing Adventures,81
fisherman,67,Outdoor Fishing Adventures,70
fishingtips,67,Outdoor Fishing Adventures,55
bigfish,67,Outdoor Fishing Adventures,53
commercialfishing,67,Outdoor Fishing Adventures,52
flyfishing,67,Outdoor Fishing Adventures,49
saltlife,67,Outdoor Fishing Adventures,47
largemouthbass,67,Outdoor Fishing Adventures,43
spearfishing,67,Outdoor Fishing Adventures,35
troutfishing,67,Outdoor Fishing Adventures,33
kayakfishing,67,Outdoor Fishing Adventures,31
offshorefishing,67,Outdoor Fishing Adventures,28
wedding,68,Wedding Planning & Inspiration,1540
weddingtiktok,68,Wedding Planning & Inspiration,1083
bride,68,Wedding Planning & Inspiration,587
weddingdress,68,Wedding Planning & Inspiration,509
weddingday,68,Wedding Planning & Inspiration,470
2025bride,68,Wedding Planning & Inspiration,358
weddingtok,68,Wedding Planning & Inspiration,348
bridetobe,68,Wedding Planning & Inspiration,313
2024bride,68,Wedding Planning & Inspiration,301
weddinginspo,68,Wedding Planning & Inspiration,258
weddingplanning,68,Wedding Planning & Inspiration,251
bridal,68,Wedding Planning & Inspiration,179
bridetok,68,Wedding Planning & Inspiration,147
weddingphotographer,68,Wedding Planning & Inspiration,136
2026bride,68,Wedding Planning & Inspiration,129
weddingvibes,68,Wedding Planning & Inspiration,124
groom,68,Wedding Planning & Inspiration,123
weddingideas,68,Wedding Planning & Inspiration,122
2023bride,68,Wedding Planning & Inspiration,118
bridesmaids,68,Wedding Planning & Inspiration,117
bridaltiktok,68,Wedding Planning & Inspiration,115
weddingvenue,68,Wedding Planning & Inspiration,106
weddingcontentcreator,68,Wedding Planning & Inspiration,91
weddingvideo,68,Wedding Planning & Inspiration,90
firstlook,68,Wedding Planning & Inspiration,87
weddingplanner,68,Wedding Planning & Inspiration,85
weddingceremony,68,Wedding Planning & Inspiration,80
weddingvideographer,68,Wedding Planning & Inspiration,70
repost,69,Relationship Comedy Content,683
crush,69,Relationship Comedy Content,294
feelings,69,Relationship Comedy Content,285
wockstrz,69,Relationship Comedy Content,203
fr,69,Relationship Comedy Content,121
blowthisuptiktok,69,Relationship Comedy Content,107
talkingstage,69,Relationship Comedy Content,75
lyrics,70,Entertainment & Music,1106
throwback,70,Entertainment & Music,710
dontletthisflop,70,Entertainment & Music,674
vsp,70,Entertainment & Music,551
rnb,70,Entertainment & Music,506
songs,70,Entertainment & Music,499
alightmotion,70,Entertainment & Music,383
dontflop,70,Entertainment & Music,326
makethisviral,70,Entertainment & Music,265
blackwomenoftiktok,70,Entertainment & Music,100
blackqueen,70,Entertainment & Music,41
blackbeauty,70,Entertainment & Music,38
foodreview,71,Food & Eating,1584
pizza,71,Food & Eating,789
eatingshow,71,Food & Eating,685
eatwithme,71,Food & Eating,676
breakfast,71,Food & Eating,586
fastfood,71,Food & Eating,412
mukbangasmr,71,Food & Eating,299
mukbangvideo,71,Food & Eating,286
eatingasmr,71,Food & Eating,269
wingstop,71,Food & Eating,244
chinesefood,71,Food & Eating,228
plussize,71,Food & Eating,205
whatieatinaday,71,Food & Eating,189
wingstopranch,71,Food & Eating,125
pho,71,Food & Eating,114
eatingvideo,71,Food & Eating,79
hotcheetos,71,Food & Eating,74
appetizers,71,Food & Eating,56
muk,71,Food & Eating,24
davidngo,71,Food & Eating,15
foodtiktok,72,College Life & Humor,3065
college,72,College Life & Humor,2386
student,72,College Life & Humor,453
hbcu,72,College Life & Humor,335
trivia,72,College Life & Humor,314
collegestudent,72,College Life & Humor,295
university,72,College Life & Humor,286
studytok,72,College Life & Humor,251
harvard,72,College Life & Humor,213
study,72,College Life & Humor,210
ivyleague,72,College Life & Humor,143
dorm,72,College Life & Humor,124
dormlife,72,College Life & Humor,118
tcu,72,College Life & Humor,86
yale,72,College Life & Humor,76
dininghall,72,College Life & Humor,69
clairekgroves,72,College Life & Humor,48
pink,73,Kawaii Fashion Trends,971
hellokitty,73,Kawaii Fashion Trends,804
girlythings,73,Kawaii Fashion Trends,458
sanrio,73,Kawaii Fashion Trends,334
hellokittylover,73,Kawaii Fashion Trends,293
hellokittygirl,73,Kawaii Fashion Trends,214
hellokittyfinds,73,Kawaii Fashion Trends,210
kawaii,73,Kawaii Fashion Trends,204
hellokittyandfriends,73,Kawaii Fashion Trends,177
sanriogirl,73,Kawaii Fashion Trends,151
marshalls,73,Kawaii Fashion Trends,150
sanriocore,73,Kawaii Fashion Trends,145
sanriofinds,73,Kawaii Fashion Trends,145
sanrioaesthetic,73,Kawaii Fashion Trends,135
hellokittyhunting,73,Kawaii Fashion Trends,127
marshallsfinds,73,Kawaii Fashion Trends,125
hellokittycheck,73,Kawaii Fashion Trends,119
hellokittycore,73,Kawaii Fashion Trends,104
hellokittyhaul,73,Kawaii Fashion Trends,79
sanriotiktok,73,Kawaii Fashion Trends,77
sanriolover,73,Kawaii Fashion Trends,61
sanriohaul,73,Kawaii Fashion Trends,60
sanriocharacters,73,Kawaii Fashion Trends,58
kuromi,73,Kawaii Fashion Trends,57
mymelody,73,Kawaii Fashion Trends,55
hellokittycafe,73,Kawaii Fashion Trends,40
cooking,74,Food & Recipes,1748
foodtok,74,Food & Recipes,1455
recipe,74,Food & Recipes,1389
easyrecipe,74,Food & Recipes,913
mexicanfood,74,Food & Recipes,729
easyrecipes,74,Food & Recipes,419
mealprep,74,Food & Recipes,297
comfortfood,74,Food & Recipes,263
healthyrecipes,74,Food & Recipes,256
easydinner,74,Food & Recipes,203
highprotein,74,Food & Recipes,164
homecooking,74,Food & Recipes,149
quickrecipes,74,Food & Recipes,144
protein,74,Food & Recipes,126
appetizer,74,Food & Recipes,81
cookingathometiktoktv,74,Food & Recipes,74
crockpot,74,Food & Recipes,73
cookingformyhusband,74,Food & Recipes,66
icekarim,74,Food & Recipes,37
churchtiktok,75,Christian Lifestyle & Faith,189
gospelmusic,75,Christian Lifestyle & Faith,101
christianmusic,75,Christian Lifestyle & Faith,83
propheticword,75,Christian Lifestyle & Faith,57
womanofgod,75,Christian Lifestyle & Faith,47
cogic,75,Christian Lifestyle & Faith,40
christianhumor,75,Christian Lifestyle & Faith,35
prophetlovy,75,Christian Lifestyle & Faith,33
thechristianbae,75,Christian Lifestyle & Faith,23
ablaze,75,Christian Lifestyle & Faith,20
thismessageisforyou,75,Christian Lifestyle & Faith,15
pov,76,Mom Lifestyle Vlogging,2650
dailyvlog,76,Mom Lifestyle Vlogging,214
vlogs,76,Mom Lifestyle Vlogging,173
comewithme,76,Mom Lifestyle Vlogging,129
diml,76,Mom Lifestyle Vlogging,118
bloompartner,76,Mom Lifestyle Vlogging,99
kingenergy,76,Mom Lifestyle Vlogging,18
hijos,77,Christian Devotional Content,254
madre,77,Christian Devotional Content,146
alabanzas_cristianas,77,Christian Devotional Content,111
motivación,77,Christian Devotional Content,103
mujeresqueinspiran,77,Christian Devotional Content,99
diosesbueno,77,Christian Devotional Content,94
esposa,77,Christian Devotional Content,90
gracias,77,Christian Devotional Content,83
lecturadetarot,77,Christian Devotional Content,76
graciasdios,77,Christian Devotional Content,69
reflexión,77,Christian Devotional Content,62
diadelasmadres,77,Christian Devotional Content,62
vidente,77,Christian Devotional Content,43
amordedios,77,Christian Devotional Content,42
medium,77,Christian Devotional Content,36
martaalbarracin,77,Christian Devotional Content,29
detalladoautomotriz,77,Christian Devotional Content,17
miregalo,77,Christian Devotional Content,12
mujeresreales,77,Christian Devotional Content,12
consulta,77,Christian Devotional Content,9
daño,77,Christian Devotional Content,5
alex360details,77,Christian Devotional Content,3
360cardetailing,77,Christian Devotional Content,3
crazy,78,Automotive & Cats,512
kitty,78,Automotive & Cats,434
puertorico,78,Automotive & Cats,421
reddit_tiktok,78,Automotive & Cats,420
cleaningtiktok,78,Automotive & Cats,382
cutecat,78,Automotive & Cats,375
longisland,78,Automotive & Cats,370
mustang,78,Automotive & Cats,362
teachertok,78,Automotive & Cats,361
pinkaesthetic,78,Automotive & Cats,353
españa,78,Automotive & Cats,297
girlytok,78,Automotive & Cats,245
pinktok,78,Automotive & Cats,227
youtuber,78,Automotive & Cats,200
pinkdecor,78,Automotive & Cats,181
pinkgirl,78,Automotive & Cats,156
mustanggt,78,Automotive & Cats,131
pinkeverything,78,Automotive & Cats,125
longislandnewyork,78,Automotive & Cats,99
fordmustang,78,Automotive & Cats,97
shelby,78,Automotive & Cats,93
girlsgirlsgirls,78,Automotive & Cats,85
longislandny,78,Automotive & Cats,67
videoessay,78,Automotive & Cats,15
fyyyyyyyyyyyyyyyy,79,K-Drama Fan Culture,313
fupシ,79,K-Drama Fan Culture,254
carlosalbertofuentes,79,K-Drama Fan Culture,234
carlhoos_,79,K-Drama Fan Culture,187
nigeriantiktok,79,K-Drama Fan Culture,171
haitian,79,K-Drama Fan Culture,123
wendy,79,K-Drama Fan Culture,96
huapangosperros,79,K-Drama Fan Culture,53
seniorliving,79,K-Drama Fan Culture,42
wendywilliams,79,K-Drama Fan Culture,37
msa,79,K-Drama Fan Culture,19
mystoryanimated,79,K-Drama Fan Culture,18
fypdon,79,K-Drama Fan Culture,13
fuyppppppppppppppppppp,79,K-Drama Fan Culture,12
huapangosconsax,79,K-Drama Fan Culture,12
fuypppppppppppppppppppgk,79,K-Drama Fan Culture,11
bluefacebabymom,79,K-Drama Fan Culture,10
jaygalore,79,K-Drama Fan Culture,8
huapngos,79,K-Drama Fan Culture,8
carloalberto,79,K-Drama Fan Culture,7
kdramalovesocute,79,K-Drama Fan Culture,6
kdramaloce,79,K-Drama Fan Culture,6
kdramaloveyousomuch,79,K-Drama Fan Culture,6
kdramaissopower,79,K-Drama Fan Culture,6
kdramasosexy,79,K-Drama Fan Culture,6
ilovekdramasomuch,79,K-Drama Fan Culture,6
quinceañera,80,Truck and Lifestyle,921
az,80,Truck and Lifestyle,526
bbq,80,Truck and Lifestyle,376
hispanictiktok,80,Truck and Lifestyle,239
phx,80,Truck and Lifestyle,173
droppedtrucks,80,Truck and Lifestyle,170
15,80,Truck and Lifestyle,158
singlecab,80,Truck and Lifestyle,134
chevytrucks,80,Truck and Lifestyle,117
truckdriver,80,Truck and Lifestyle,115
trucklife,80,Truck and Lifestyle,76
phxaz,80,Truck and Lifestyle,59
versallespalace,80,Truck and Lifestyle,34
tradiciones,80,Truck and Lifestyle,34
azvenue,80,Truck and Lifestyle,32
eventcenter,80,Truck and Lifestyle,28
gaming,81,Technology & Gadgets,1671
tech,81,Technology & Gadgets,706
iphone,81,Technology & Gadgets,672
customerservice,81,Technology & Gadgets,603
review,81,Technology & Gadgets,426
techtok,81,Technology & Gadgets,425
corporate,81,Technology & Gadgets,272
technology,81,Technology & Gadgets,256
workhumor,81,Technology & Gadgets,221
pc,81,Technology & Gadgets,208
officehumor,81,Technology & Gadgets,182
phone,81,Technology & Gadgets,178
samsung,81,Technology & Gadgets,177
iphone15,81,Technology & Gadgets,158
computer,81,Technology & Gadgets,112
laptop,81,Technology & Gadgets,90
android,81,Technology & Gadgets,88
phonecase,81,Technology & Gadgets,80
smartphone,81,Technology & Gadgets,78
softwareengineer,81,Technology & Gadgets,50
coding,81,Technology & Gadgets,49
pcbuild,81,Technology & Gadgets,34
gamingpc,81,Technology & Gadgets,33
ornarto,81,Technology & Gadgets,17
scary,82,Travel & Amusement,1542
traveltiktok,82,Travel & Amusement,1060
hawaii,82,Travel & Amusement,835
vacation,82,Travel & Amusement,747
ocean,82,Travel & Amusement,716
holiday,82,Travel & Amusement,431
springbreak,82,Travel & Amusement,272
ride,82,Travel & Amusement,187
traveling,82,Travel & Amusement,166
cruise,82,Travel & Amusement,153
trip,82,Travel & Amusement,134
rollercoasters,82,Travel & Amusement,131
getaway,82,Travel & Amusement,89
vacationmode,82,Travel & Amusement,65
resort,82,Travel & Amusement,60
nostalgia,83,Latin American Culture,1560
latinos,83,Latin American Culture,742
childhood,83,Latin American Culture,431
memories,83,Latin American Culture,402
4upage,83,Latin American Culture,392
duo,83,Latin American Culture,331
lipsync,83,Latin American Culture,311
4you,83,Latin American Culture,264
latinostiktok,83,Latin American Culture,245
disability,83,Latin American Culture,204
nemalinemyopathy,83,Latin American Culture,99
gtube,83,Latin American Culture,93
trinoandadam,83,Latin American Culture,48
art,84,Tattoo Art & Design,2756
tattoo,84,Tattoo Art & Design,1466
artist,84,Tattoo Art & Design,1280
tattoos,84,Tattoo Art & Design,813
drawing,84,Tattoo Art & Design,677
tattooideas,84,Tattoo Art & Design,638
tattootiktok,84,Tattoo Art & Design,370
tattooshop,84,Tattoo Art & Design,292
piercing,84,Tattoo Art & Design,257
tattoolover,84,Tattoo Art & Design,222
finelinetattoo,84,Tattoo Art & Design,208
tattootok,84,Tattoo Art & Design,148
tatted,84,Tattoo Art & Design,140
femaletattooartist,84,Tattoo Art & Design,136
ink,84,Tattoo Art & Design,104
tattoodesign,84,Tattoo Art & Design,103
tatuaje,84,Tattoo Art & Design,87
inked,84,Tattoo Art & Design,73
tattooapprentice,84,Tattoo Art & Design,71
tattooed,84,Tattoo Art & Design,70
tinytattoo,84,Tattoo Art & Design,67
lasvegastattoo,84,Tattoo Art & Design,55
matchingtattoos,84,Tattoo Art & Design,52
handtattoo,84,Tattoo Art & Design,45
tattoolasvegas,84,Tattoo Art & Design,43
naturalhair,85,Beauty & Hair Care,693
curlyhair,85,Beauty & Hair Care,655
curls,85,Beauty & Hair Care,353
naturalhairstyles,85,Beauty & Hair Care,250
curlyhairtutorial,85,Beauty & Hair Care,226
curlyhairroutine,85,Beauty & Hair Care,211
curlyhairstyles,85,Beauty & Hair Care,189
curly,85,Beauty & Hair Care,130
naturalhairtiktok,85,Beauty & Hair Care,127
hairinfluencer,85,Beauty & Hair Care,126
curlyhairtips,85,Beauty & Hair Care,122
edges,85,Beauty & Hair Care,100
naturalhaircare,85,Beauty & Hair Care,96
curlyhaircheck,85,Beauty & Hair Care,93
naturalhairjourney,85,Beauty & Hair Care,90
curlyhairproducts,85,Beauty & Hair Care,89
edgestutorial,85,Beauty & Hair Care,83
curlyhaircare,85,Beauty & Hair Care,76
naturalhairinfluencer,85,Beauty & Hair Care,68
naturalhairstylesforblackwomen,85,Beauty & Hair Care,65
naturalhairstylestutorials,85,Beauty & Hair Care,64
naturalhairstylesforwomen,85,Beauty & Hair Care,64
only1ebonyy,85,Beauty & Hair Care,62
naturalhairstylesideas,85,Beauty & Hair Care,60
stitch,86,Music & Comedy,1336
parenting,86,Music & Comedy,684
silly,86,Music & Comedy,620
millennial,86,Music & Comedy,504
genz,86,Music & Comedy,383
core,86,Music & Comedy,328
90skids,86,Music & Comedy,245
millennialsoftiktok,86,Music & Comedy,219
cringe,86,Music & Comedy,201
millennials,86,Music & Comedy,151
throwbacksongs,86,Music & Comedy,139
boomer,86,Music & Comedy,44
genzhumor,86,Music & Comedy,44
slang,86,Music & Comedy,44
genalpha,86,Music & Comedy,37
giveon,86,Music & Comedy,14
genzlife,86,Music & Comedy,11
inspiration,87,Personal Development,1375
uk,87,Personal Development,818
motivationalvideo,87,Personal Development,706
success,87,Personal Development,474
qoutes,87,Personal Development,411
motivationalquotes,87,Personal Development,399
inspirational,87,Personal Development,298
growth,87,Personal Development,268
lifequotes,87,Personal Development,233
nevergiveup,87,Personal Development,210
denzelwashington,87,Personal Development,206
hustle,87,Personal Development,191
inspirationalquotes,87,Personal Development,188
quote,87,Personal Development,171
motivationmonday,87,Personal Development,87
prominds,87,Personal Development,66
heartfeltlines,87,Personal Development,46
prolines,87,Personal Development,45
brooklyn,88,Spiritual Wellness & Fitness,711
thanksgiving,88,Spiritual Wellness & Fitness,544
fitnessmotivation,88,Spiritual Wellness & Fitness,452
manifestation,88,Spiritual Wellness & Fitness,345
tarotreading,88,Spiritual Wellness & Fitness,285
spiritualtiktok,88,Spiritual Wellness & Fitness,239
turkey,88,Spiritual Wellness & Fitness,223
witchesoftiktok,88,Spiritual Wellness & Fitness,197
witchcraft,88,Spiritual Wellness & Fitness,190
spiritualawakening,88,Spiritual Wellness & Fitness,157
lovespell,88,Spiritual Wellness & Fitness,150
spell,88,Spiritual Wellness & Fitness,146
lawofattraction,88,Spiritual Wellness & Fitness,134
lovespells,88,Spiritual Wellness & Fitness,134
witchyvibes,88,Spiritual Wellness & Fitness,108
twinflame,88,Spiritual Wellness & Fitness,97
thanksgivingdinner,88,Spiritual Wellness & Fitness,93
blackmagic,88,Spiritual Wellness & Fitness,62
spiritualtok,88,Spiritual Wellness & Fitness,61
dazblack,88,Spiritual Wellness & Fitness,40
dazgames,88,Spiritual Wellness & Fitness,39
lovespellsgonewrong,88,Spiritual Wellness & Fitness,38
obsessionisreal,88,Spiritual Wellness & Fitness,37
obsessionspell,88,Spiritual Wellness & Fitness,37
noticias,89,True Crime Podcasts,437
support,89,True Crime Podcasts,374
abcnews,89,True Crime Podcasts,118
bbcnews,89,True Crime Podcasts,111
worldnewstonight,89,True Crime Podcasts,109
breaking,89,True Crime Podcasts,103
newsweek,89,True Crime Podcasts,102
davidmuir,89,True Crime Podcasts,91
wnt,89,True Crime Podcasts,64
freecongo,89,True Crime Podcasts,63
comfortsegredos,89,True Crime Podcasts,55
letstalkaboutit,89,True Crime Podcasts,41
fitness,90,Sports & Fitness,1340
netflix,90,Sports & Fitness,1034
boxeo,90,Sports & Fitness,100
miketyson,90,Sports & Fitness,94
boxer,90,Sports & Fitness,85
jakepaul,90,Sports & Fitness,79
boxingtraining,90,Sports & Fitness,77
box,90,Sports & Fitness,77
canelo,90,Sports & Fitness,76
caneloalvarez,90,Sports & Fitness,65
ryangarcia,90,Sports & Fitness,61
muaythai,90,Sports & Fitness,55
boxinglife,90,Sports & Fitness,54
gervontadavis,90,Sports & Fitness,42
boxeomexicano,90,Sports & Fitness,38
ko,90,Sports & Fitness,38
boxingfans,90,Sports & Fitness,34
boxingday,90,Sports & Fitness,26
tankdavis,90,Sports & Fitness,19
newyorkcity,91,New York City Lifestyle,2328
ny,91,New York City Lifestyle,546
newyorker,91,New York City Lifestyle,193
empirestatebuilding,91,New York City Lifestyle,182
penthouse,91,New York City Lifestyle,65
eastvillage,91,New York City Lifestyle,57
thingstodonyc,91,New York City Lifestyle,40
nycrent,91,New York City Lifestyle,26
nycrentals,91,New York City Lifestyle,24
bigben,91,New York City Lifestyle,23
nycnews,91,New York City Lifestyle,16
empirestatebuildingxbigben,91,New York City Lifestyle,12
quince,92,Wedding & Fashion,530
quincedress,92,Wedding & Fashion,325
princess,92,Wedding & Fashion,307
xvaños,92,Wedding & Fashion,257
dresses,92,Wedding & Fashion,253
xv,92,Wedding & Fashion,252
dress,92,Wedding & Fashion,214
sweet16,92,Wedding & Fashion,204
moda2000,92,Wedding & Fashion,149
quinceañeras,92,Wedding & Fashion,145
quinceaños,92,Wedding & Fashion,139
quinceanera,92,Wedding & Fashion,137
quinceañeracheck,92,Wedding & Fashion,124
ballgown,92,Wedding & Fashion,111
dressshopping,92,Wedding & Fashion,105
misquince,92,Wedding & Fashion,94
planningmyquince,92,Wedding & Fashion,90
xvdress,92,Wedding & Fashion,79
bailesorpresa,92,Wedding & Fashion,76
15años,92,Wedding & Fashion,74
surprisedance,92,Wedding & Fashion,68
quinceparty,92,Wedding & Fashion,64
misxv,92,Wedding & Fashion,63
sweet15,92,Wedding & Fashion,61
quinces,92,Wedding & Fashion,48
construction,93,Home Decor Inspiration,1000
home,93,Home Decor Inspiration,723
design,93,Home Decor Inspiration,377
decor,93,Home Decor Inspiration,337
kitchen,93,Home Decor Inspiration,337
housetour,93,Home Decor Inspiration,319
realtor,93,Home Decor Inspiration,304
luxuryhomes,93,Home Decor Inspiration,297
apartment,93,Home Decor Inspiration,275
hometour,93,Home Decor Inspiration,255
dreamhome,93,Home Decor Inspiration,239
cozy,93,Home Decor Inspiration,236
newhome,93,Home Decor Inspiration,210
mansion,93,Home Decor Inspiration,198
interior,93,Home Decor Inspiration,168
homedesign,93,Home Decor Inspiration,129
cozyhome,93,Home Decor Inspiration,115
homesweethome,93,Home Decor Inspiration,111
hollywood,94,Latinx Entertainment,959
legend,94,Latinx Entertainment,275
iconic,94,Latinx Entertainment,251
fyf,94,Latinx Entertainment,226
fu,94,Latinx Entertainment,177
ca,94,Latinx Entertainment,133
santamonica,94,Latinx Entertainment,128
4up,94,Latinx Entertainment,109
bmw,95,Animal Cute Videos,847
flowers,95,Animal Cute Videos,709
hilarious,95,Animal Cute Videos,477
fpy,95,Animal Cute Videos,455
haha,95,Animal Cute Videos,435
lmao,95,Animal Cute Videos,360
bouquet,95,Animal Cute Videos,307
funnycat,95,Animal Cute Videos,301
bmwmotorsport,95,Animal Cute Videos,204
bmwm,95,Animal Cute Videos,194
m3,95,Animal Cute Videos,170
lcsign,95,Animal Cute Videos,169
bmwlife,95,Animal Cute Videos,120
m4,95,Animal Cute Videos,105
signmaker,95,Animal Cute Videos,103
bimmer,95,Animal Cute Videos,87
bmwm3,95,Animal Cute Videos,86
m5,95,Animal Cute Videos,80
bmwlove,95,Animal Cute Videos,74
s1000rr,95,Animal Cute Videos,72
bmwclub,95,Animal Cute Videos,71
g80,95,Animal Cute Videos,60
utah,96,Comedy & Friendship,987
memecut,96,Comedy & Friendship,713
besties,96,Comedy & Friendship,437
bff,96,Comedy & Friendship,186
friendshipgoals,96,Comedy & Friendship,132
bestiegoals,96,Comedy & Friendship,67
bffs,96,Comedy & Friendship,65
bffgoals,96,Comedy & Friendship,39
2000s,97,Vintage Fashion Finds,772
vintage,97,Vintage Fashion Finds,727
thrift,97,Vintage Fashion Finds,392
thrifting,97,Vintage Fashion Finds,386
thrifted,97,Vintage Fashion Finds,285
thrifthaul,97,Vintage Fashion Finds,192
grunge,97,Vintage Fashion Finds,157
vintagefashion,97,Vintage Fashion Finds,153
thriftfinds,97,Vintage Fashion Finds,147
antique,97,Vintage Fashion Finds,143
goodwill,97,Vintage Fashion Finds,134
thrifttok,97,Vintage Fashion Finds,125
thriftwithme,97,Vintage Fashion Finds,112
goodwillfinds,97,Vintage Fashion Finds,94
thriftedhome,97,Vintage Fashion Finds,65
goodwillbins,97,Vintage Fashion Finds,58
thriftstorefinds,97,Vintage Fashion Finds,56
thriftshop,97,Vintage Fashion Finds,55
secondhand,97,Vintage Fashion Finds,54
thriftstore,97,Vintage Fashion Finds,53
vintageclothes,97,Vintage Fashion Finds,51
bins,97,Vintage Fashion Finds,34
goodwillhaul,97,Vintage Fashion Finds,25
booktok,98,Fantasy Romance Books,1958
books,98,Fantasy Romance Books,346
bookish,98,Fantasy Romance Books,289
romance,98,Fantasy Romance Books,235
reading,98,Fantasy Romance Books,233
fantasy,98,Fantasy Romance Books,221
bookrecommendations,98,Fantasy Romance Books,189
bookrecs,98,Fantasy Romance Books,179
book,98,Fantasy Romance Books,179
booktoker,98,Fantasy Romance Books,157
bookworm,98,Fantasy Romance Books,139
booktokfyp,98,Fantasy Romance Books,136
acotar,98,Fantasy Romance Books,131
romancebooks,98,Fantasy Romance Books,99
darkromance,98,Fantasy Romance Books,95
fourthwing,98,Fantasy Romance Books,78
booklover,98,Fantasy Romance Books,76
bookstagram,98,Fantasy Romance Books,64
barnesandnoble,98,Fantasy Romance Books,63
reader,98,Fantasy Romance Books,57
bookclub,98,Fantasy Romance Books,57
romantasy,98,Fantasy Romance Books,54
sarahjmaas,98,Fantasy Romance Books,54
fantasybooks,98,Fantasy Romance Books,51
bookshelf,98,Fantasy Romance Books,46
sjm,98,Fantasy Romance Books,46
tbr,98,Fantasy Romance Books,44
readersoftiktok,98,Fantasy Romance Books,44
throneofglass,98,Fantasy Romance Books,43
animetiktok,99,Anime and Manga,536
naruto,99,Anime and Manga,317
animefyp,99,Anime and Manga,301
narutoshippuden,99,Anime and Manga,197
aot,99,Anime and Manga,173
attackontitan,99,Anime and Manga,166
angel,99,Anime and Manga,151
gojousatoru,99,Anime and Manga,107
bakugou,99,Anime and Manga,101
jjkedit,99,Anime and Manga,89
katsukibakugou,99,Anime and Manga,88
bakugo,99,Anime and Manga,59
jjkmanga,99,Anime and Manga,59
sololeveling,99,Anime and Manga,46
evangelion,99,Anime and Manga,36
narutoedit,99,Anime and Manga,35
nanamikento,99,Anime and Manga,27
yugioh,99,Anime and Manga,16
animeweeb,99,Anime and Manga,12
yugiohtiktok,99,Anime and Manga,11
weebsociety,99,Anime and Manga,9
yugiohcommunity,99,Anime and Manga,9
shinseikievangelion,99,Anime and Manga,5
gojoisdaddy,99,Anime and Manga,4
setokaiba,99,Anime and Manga,3
duelmonsters,99,Anime and Manga,3
rinnegan,99,Anime and Manga,3
frases,100,LGBTQ+ Relationship,339
flypシ,100,LGBTQ+ Relationship,231
frasesmotivadoras,100,LGBTQ+ Relationship,203
lostemerarios,100,LGBTQ+ Relationship,146
barcelona,100,LGBTQ+ Relationship,145
amigas,100,LGBTQ+ Relationship,130
paradedicar,100,LGBTQ+ Relationship,99
eloteromx,100,LGBTQ+ Relationship,94
amistad,100,LGBTQ+ Relationship,71
temerariosfavoritas,100,LGBTQ+ Relationship,71
rolitas,100,LGBTQ+ Relationship,68
rhlm,100,LGBTQ+ Relationship,65
noviogoals,100,LGBTQ+ Relationship,61
fraces,100,LGBTQ+ Relationship,55
paraella,100,LGBTQ+ Relationship,55
juntosimparables,100,LGBTQ+ Relationship,32
paratiiiiiiiii,100,LGBTQ+ Relationship,27
asmeviral,100,LGBTQ+ Relationship,24
videosparaparejas,100,LGBTQ+ Relationship,23
paratupareja,100,LGBTQ+ Relationship,18
noviospareja,100,LGBTQ+ Relationship,15
juntosporsiempre,100,LGBTQ+ Relationship,13
cancionesconletras,100,LGBTQ+ Relationship,9
lasvegas,101,Food & Travel,1626
bodybuilding,101,Food & Travel,339
edm,101,Food & Travel,309
karolg,101,Food & Travel,301
adele,101,Food & Travel,200
nevada,101,Food & Travel,182
lasvegastiktok,101,Food & Travel,157
foodchallenge,101,Food & Travel,147
vegastiktok,101,Food & Travel,141
vegasfood,101,Food & Travel,119
weekendswithadele,101,Food & Travel,97
lasvegasfood,101,Food & Travel,79
sphere,101,Food & Travel,72
lasvegasstrip,101,Food & Travel,41
caesarspalace,101,Food & Travel,36
allegiantstadium,101,Food & Travel,33
lasvegasgp,101,Food & Travel,31
padreadamkotas,101,Food & Travel,30
anyma,101,Food & Travel,27
henderson,101,Food & Travel,26
santuariosanbenito,101,Food & Travel,25
risoterapia,101,Food & Travel,23
sacerdote,101,Food & Travel,17
bellagio,101,Food & Travel,10
eating,102,Food & Eating,1303
foodies,102,Food & Eating,1165
restaurant,102,Food & Eating,709
foodlover,102,Food & Eating,446
yum,102,Food & Eating,410
delicious,102,Food & Eating,356
tiktokfood,102,Food & Eating,341
snacks,102,Food & Eating,309
fries,102,Food & Eating,255
foodnews,102,Food & Eating,43
miami,103,Music Festival Coverage,2406
coachella,103,Music Festival Coverage,1174
metgala,103,Music Festival Coverage,707
badbunny,103,Music Festival Coverage,448
reggaeton,103,Music Festival Coverage,203
badbunnypr,103,Music Festival Coverage,170
pr,103,Music Festival Coverage,127
kendalljenner,103,Music Festival Coverage,116
coachella2023,103,Music Festival Coverage,102
mostwantedtour,103,Music Festival Coverage,87
badbunnyconcert,103,Music Festival Coverage,74
benito,103,Music Festival Coverage,68
dtmf,103,Music Festival Coverage,61
unveranosinti,103,Music Festival Coverage,49
badbunnyfans,103,Music Festival Coverage,34
nadiesabeloquevaapasarmañana,103,Music Festival Coverage,28
badbunnyedits,103,Music Festival Coverage,25
conejomalo,103,Music Festival Coverage,18
deltacenter,103,Music Festival Coverage,18
badbunnypr_oficial,103,Music Festival Coverage,18
elconejomalo,103,Music Festival Coverage,15
eoo,103,Music Festival Coverage,13
baileinolvidable,103,Music Festival Coverage,13
safaera,103,Music Festival Coverage,12
christmasdecor,104,Holiday Decor Inspiration,343
christmastiktok,104,Holiday Decor Inspiration,316
merrychristmas,104,Holiday Decor Inspiration,284
christmastree,104,Holiday Decor Inspiration,244
ballet,104,Holiday Decor Inspiration,236
holidays,104,Holiday Decor Inspiration,231
christmas2024,104,Holiday Decor Inspiration,199
navidad,104,Holiday Decor Inspiration,196
christmascountdown,104,Holiday Decor Inspiration,191
christmas2023,104,Holiday Decor Inspiration,186
grinch,104,Holiday Decor Inspiration,185
christmaslights,104,Holiday Decor Inspiration,163
santa,104,Holiday Decor Inspiration,163
xmas,104,Holiday Decor Inspiration,158
christmasgift,104,Holiday Decor Inspiration,145
christmastime,104,Holiday Decor Inspiration,117
christmastok,104,Holiday Decor Inspiration,115
holidayseason,104,Holiday Decor Inspiration,114
december,104,Holiday Decor Inspiration,113
radiocitymusichall,104,Holiday Decor Inspiration,77
rockettes,104,Holiday Decor Inspiration,58
radiocity,104,Holiday Decor Inspiration,45
radiocityrockettes,104,Holiday Decor Inspiration,38
islamic_video,105,Islamic Lifestyle Content,510
islam,105,Islamic Lifestyle Content,408
muslim,105,Islamic Lifestyle Content,357
viewsproblem,105,Islamic Lifestyle Content,307
allah,105,Islamic Lifestyle Content,274
muslimtiktok,105,Islamic Lifestyle Content,238
lyricsvideo,105,Islamic Lifestyle Content,229
islamic,105,Islamic Lifestyle Content,223
ramadan,105,Islamic Lifestyle Content,218
quran_alkarim,105,Islamic Lifestyle Content,113
growaccount,105,Islamic Lifestyle Content,94
muftimenk,105,Islamic Lifestyle Content,75
muslimah,105,Islamic Lifestyle Content,73
alquran,105,Islamic Lifestyle Content,69
quranrecitation,105,Islamic Lifestyle Content,63
islamicreminder,105,Islamic Lifestyle Content,59
muhammad,105,Islamic Lifestyle Content,57
qurantranslationurdu,105,Islamic Lifestyle Content,36
monitizationtiktok,105,Islamic Lifestyle Content,31
catsoftiktok,106,Cat Cafe Culture,2643
seattle,106,Cat Cafe Culture,749
cattok,106,Cat Cafe Culture,628
washingtonstate,106,Cat Cafe Culture,219
pacificnorthwest,106,Cat Cafe Culture,158
pnwlife,106,Cat Cafe Culture,145
tacoma,106,Cat Cafe Culture,84
wa,106,Cat Cafe Culture,79
seattletiktok,106,Cat Cafe Culture,78
catcafe,106,Cat Cafe Culture,75
seattlewashington,106,Cat Cafe Culture,69
bellingham,106,Cat Cafe Culture,44
neko,106,Cat Cafe Culture,43
seattlefood,106,Cat Cafe Culture,33
seattlewa,106,Cat Cafe Culture,31
nekocatcafe,106,Cat Cafe Culture,26
climatepledgearena,106,Cat Cafe Culture,26
seattlefoodie,106,Cat Cafe Culture,24
pikeplacemarket,106,Cat Cafe Culture,18
bellinghamwa,106,Cat Cafe Culture,17
music,107,Video Editing Content,4100
anime,107,Video Editing Content,2227
edits,107,Video Editing Content,1093
aftereffects,107,Video Editing Content,446
videostar,107,Video Editing Content,431
editor,107,Video Editing Content,342
ae,107,Video Editing Content,232
editing,107,Video Editing Content,211
arcane,107,Video Editing Content,199
capcutedit,107,Video Editing Content,162
editaudios,107,Video Editing Content,46
audiosforedits,107,Video Editing Content,37
soccer,108,Sports - Soccer,957
footballtiktok,108,Sports - Soccer,616
futbol,108,Sports - Soccer,559
argentina,108,Sports - Soccer,401
soccertiktok,108,Sports - Soccer,216
mls,108,Sports - Soccer,187
ronaldo,108,Sports - Soccer,177
fifa,108,Sports - Soccer,156
intermiami,108,Sports - Soccer,130
copaamerica,108,Sports - Soccer,119
realmadrid,108,Sports - Soccer,117
footy,108,Sports - Soccer,103
seleccionmexicana,108,Sports - Soccer,91
ligamx,108,Sports - Soccer,88
championsleague,108,Sports - Soccer,81
clubamerica,108,Sports - Soccer,78
tiktokdeportes,108,Sports - Soccer,64
golazo,108,Sports - Soccer,47
futbolmexicano,108,Sports - Soccer,45
soccerskills,108,Sports - Soccer,43
soccerboy,108,Sports - Soccer,40
bluecollar,109,Construction & Heavy Equipment,797
lunchideas,109,Construction & Heavy Equipment,208
build,109,Construction & Heavy Equipment,202
building,109,Construction & Heavy Equipment,182
trabajo,109,Construction & Heavy Equipment,161
constructionlife,109,Construction & Heavy Equipment,157
lunchtime,109,Construction & Heavy Equipment,142
drywall,109,Construction & Heavy Equipment,141
bluecollarboys,109,Construction & Heavy Equipment,117
concrete,109,Construction & Heavy Equipment,113
electrician,109,Construction & Heavy Equipment,106
bluecollarlife,109,Construction & Heavy Equipment,100
heavyequipment,109,Construction & Heavy Equipment,96
trashsalad,109,Construction & Heavy Equipment,92
boydinner,109,Construction & Heavy Equipment,90
contractor,109,Construction & Heavy Equipment,90
union,109,Construction & Heavy Equipment,84
excavator,109,Construction & Heavy Equipment,71
machine,109,Construction & Heavy Equipment,68
constructionworker,109,Construction & Heavy Equipment,62
bringbackboydinner,109,Construction & Heavy Equipment,45
tradeshow,109,Construction & Heavy Equipment,44
machines,109,Construction & Heavy Equipment,32
lunchcheck,109,Construction & Heavy Equipment,24
basketball,110,Sports & Entertainment,1845
challenge,110,Sports & Entertainment,964
gameday,110,Sports & Entertainment,224
wnba,110,Sports & Entertainment,198
ballislife,110,Sports & Entertainment,192
dunk,110,Sports & Entertainment,173
hooper,110,Sports & Entertainment,153
collegebasketball,110,Sports & Entertainment,139
basketballtiktok,110,Sports & Entertainment,124
marchmadness,110,Sports & Entertainment,123
hoops,110,Sports & Entertainment,113
trio,110,Sports & Entertainment,112
bball,110,Sports & Entertainment,98
womensbasketball,110,Sports & Entertainment,92
hoopersoftiktok,110,Sports & Entertainment,74
1v1,110,Sports & Entertainment,73
basketballtraining,110,Sports & Entertainment,61
usabasketball,110,Sports & Entertainment,56
aau,110,Sports & Entertainment,51
diamantblazi,110,Sports & Entertainment,30
seckoff,110,Sports & Entertainment,28
floridabasketball,110,Sports & Entertainment,24
healthy,111,Healthy Recipes,429
recipes,111,Healthy Recipes,412
soupseason,111,Healthy Recipes,87
crockpotrecipes,111,Healthy Recipes,72
lowcarb,111,Healthy Recipes,66
airfryer,111,Healthy Recipes,51
lowcalorie,111,Healthy Recipes,48
onepotmeals,111,Healthy Recipes,46
dessertrecipe,111,Healthy Recipes,45
macrofriendly,111,Healthy Recipes,31
lazycooking,111,Healthy Recipes,11
sf,112,Home Decor & Real Estate,233
oakland,112,Home Decor & Real Estate,164
bayareacheck,112,Home Decor & Real Estate,95
bayareatiktok,112,Home Decor & Real Estate,94
leavingsf,112,Home Decor & Real Estate,55
alamedacounty,112,Home Decor & Real Estate,55
solanocounty,112,Home Decor & Real Estate,55
contracostacounty,112,Home Decor & Real Estate,54
berkeley,112,Home Decor & Real Estate,54
leavingsanfrancisco,112,Home Decor & Real Estate,52
northbay,112,Home Decor & Real Estate,51
sanmateocounty,112,Home Decor & Real Estate,51
sanfranciscobayarea,112,Home Decor & Real Estate,50
sfbayarea,112,Home Decor & Real Estate,45
alamedacountyrealestate,112,Home Decor & Real Estate,42
eastbay,112,Home Decor & Real Estate,39
eastbayrealestate,112,Home Decor & Real Estate,31
eastbaytiktok,112,Home Decor & Real Estate,29
bayareatok,112,Home Decor & Real Estate,29
santaclaracounty,112,Home Decor & Real Estate,25
oaklandrealestate,112,Home Decor & Real Estate,24
berkeleyrealestate,112,Home Decor & Real Estate,24
bayarearealestate,112,Home Decor & Real Estate,24
berkeleyca,112,Home Decor & Real Estate,23
eastbayare,112,Home Decor & Real Estate,22
eastbayareatiktok,112,Home Decor & Real Estate,22
sanfrancisobayarea,112,Home Decor & Real Estate,22
nurse,113,Medical Humor Content,739
nursesoftiktok,113,Medical Humor Content,658
healthcare,113,Medical Humor Content,467
doctor,113,Medical Humor Content,420
nursing,113,Medical Humor Content,372
hospital,113,Medical Humor Content,334
medicine,113,Medical Humor Content,237
doctorsoftiktok,113,Medical Humor Content,215
medical,113,Medical Humor Content,214
rn,113,Medical Humor Content,207
healthcareworker,113,Medical Humor Content,170
surgery,113,Medical Humor Content,155
cna,113,Medical Humor Content,143
nurses,113,Medical Humor Content,130
medicalstudent,113,Medical Humor Content,124
hospitallife,113,Medical Humor Content,106
scrubs,113,Medical Humor Content,103
radiology,113,Medical Humor Content,89
healthcarehumor,113,Medical Humor Content,66
xray,113,Medical Humor Content,63
radtech,113,Medical Humor Content,60
scrublife,113,Medical Humor Content,50
xraytech,113,Medical Humor Content,40
medicalfield,113,Medical Humor Content,33
mri,113,Medical Humor Content,28
healthcareworkers,113,Medical Humor Content,26
sabrinacarpenter,114,Music Tour Vlogs,725
shortnsweet,114,Music Tour Vlogs,306
shortnsweettour,114,Music Tour Vlogs,262
snl,114,Music Tour Vlogs,207
juno,114,Music Tour Vlogs,144
vmas,114,Music Tour Vlogs,101
sabrina,114,Music Tour Vlogs,89
carpenter,114,Music Tour Vlogs,76
taste,114,Music Tour Vlogs,72
pleasepleaseplease,114,Music Tour Vlogs,68
sabrinacarpenteredit,114,Music Tour Vlogs,54
emailsicantsend,114,Music Tour Vlogs,39
nonsense,114,Music Tour Vlogs,35
sabrinacarpentermusic,114,Music Tour Vlogs,33
shortandsweet,114,Music Tour Vlogs,32
sabrinacarpentertour,114,Music Tour Vlogs,31
emailsicantsendtour,114,Music Tour Vlogs,27
nonsenseoutro,114,Music Tour Vlogs,25
bedchem,114,Music Tour Vlogs,23
junoposition,114,Music Tour Vlogs,22
newposition,114,Music Tour Vlogs,20
goodgraces,114,Music Tour Vlogs,19
teamsabrina,114,Music Tour Vlogs,15
shortnsweetsabrinacarpenter,114,Music Tour Vlogs,14
familyfun,115,Parenting and Crafts,340
diyprojects,115,Parenting and Crafts,203
kidsactivities,115,Parenting and Crafts,95
artsandcrafts,115,Parenting and Crafts,67
craftideas,115,Parenting and Crafts,55
kidscrafts,115,Parenting and Crafts,48
creativekids,115,Parenting and Crafts,38
artforkids,115,Parenting and Crafts,37
funwithkids,115,Parenting and Crafts,34
handsonlearning,115,Parenting and Crafts,30
artwithkids,115,Parenting and Crafts,29
craftingwithkids,115,Parenting and Crafts,26
earlychildhoodeducation,115,Parenting and Crafts,25
artactivities,115,Parenting and Crafts,23
parentingfun,115,Parenting and Crafts,23
diyforkids,115,Parenting and Crafts,22
usaparents,115,Parenting and Crafts,22
americanmoms,115,Parenting and Crafts,22
childhoodcreativity,115,Parenting and Crafts,21
homeschoolart,115,Parenting and Crafts,21
kidscreate,115,Parenting and Crafts,21
familycrafts,115,Parenting and Crafts,21
humor,116,Latin American Culture,3045
amor,116,Latin American Culture,1334
colombia,116,Latin American Culture,737
guatemala,116,Latin American Culture,465
recetas,116,Latin American Culture,463
kittensoftiktok,116,Latin American Culture,422
honduras,116,Latin American Culture,348
elsalvador,116,Latin American Culture,319
ecuador,116,Latin American Culture,261
peru,116,Latin American Culture,206
chile,116,Latin American Culture,172
colombianosenelexterior,116,Latin American Culture,98
tiktokcolombia,116,Latin American Culture,89
tradition,116,Latin American Culture,69
medellin,116,Latin American Culture,51
audio,117,Video Editing & Vlogging,285
moots,117,Video Editing & Vlogging,247
vs,117,Video Editing & Vlogging,239
velocity,117,Video Editing & Vlogging,131
vspedit,117,Video Editing & Vlogging,124
am,117,Video Editing & Vlogging,113
videostarpro,117,Video Editing & Vlogging,100
actives,117,Video Editing & Vlogging,82
velocityedit,117,Video Editing & Vlogging,60
videostaredit,117,Video Editing & Vlogging,45
foryour,118,Entertainment & Comedy,748
monkey,118,Entertainment & Comedy,320
mindsetmotivation,118,Entertainment & Comedy,255
psychology,118,Entertainment & Comedy,241
uktiktok,118,Entertainment & Comedy,142
monkeydluffy,118,Entertainment & Comedy,139
monkeysoftiktok,118,Entertainment & Comedy,125
babymonkey,118,Entertainment & Comedy,125
entretenimiento,118,Entertainment & Comedy,122
changoytita,118,Entertainment & Comedy,108
cutemonkey,118,Entertainment & Comedy,79
teachersoftiktok,119,DIY Pet Grooming,927
handmade,119,DIY Pet Grooming,689
skills,119,DIY Pet Grooming,243
rosaseternas,119,DIY Pet Grooming,172
draw,119,DIY Pet Grooming,170
doggrooming,119,DIY Pet Grooming,168
tutorials,119,DIY Pet Grooming,152
eternalroses,119,DIY Pet Grooming,118
ribbonroses,119,DIY Pet Grooming,117
dogbath,119,DIY Pet Grooming,82
breakdown,119,DIY Pet Grooming,75
traeball,119,DIY Pet Grooming,23
baile,120,Latin Dance Performances,860
banda,120,Latin Dance Performances,402
bailes,120,Latin Dance Performances,400
cumbia,120,Latin Dance Performances,363
huapangos,120,Latin Dance Performances,295
jalisco,120,Latin Dance Performances,214
norteñas,120,Latin Dance Performances,201
huapango,120,Latin Dance Performances,151
rancho,120,Latin Dance Performances,145
bailestiktok,120,Latin Dance Performances,129
baileschingones,120,Latin Dance Performances,121
tribal,120,Latin Dance Performances,109
purobailando,120,Latin Dance Performances,106
jaripeo,120,Latin Dance Performances,93
quebradita,120,Latin Dance Performances,89
desmadre,120,Latin Dance Performances,82
jaripeos,120,Latin Dance Performances,82
celeste,120,Latin Dance Performances,75
picorivera,120,Latin Dance Performances,68
picoriverasportsarena,120,Latin Dance Performances,60
uzielpartida,120,Latin Dance Performances,55
oahu,121,Travel & Tourism,241
liloandstitch,121,Travel & Tourism,202
hawaiitiktok,121,Travel & Tourism,190
island,121,Travel & Tourism,110
maui,121,Travel & Tourism,109
surf,121,Travel & Tourism,105
surfing,121,Travel & Tourism,99
honolulu,121,Travel & Tourism,96
oahuhawaii,121,Travel & Tourism,96
hawaiian,121,Travel & Tourism,73
reggae,121,Travel & Tourism,73
hawaiilife,121,Travel & Tourism,71
islandlife,121,Travel & Tourism,67
kauai,121,Travel & Tourism,59
waikiki,121,Travel & Tourism,57
aloha,121,Travel & Tourism,44
bigisland,121,Travel & Tourism,29
hawaiitravel,121,Travel & Tourism,29
lahaina,121,Travel & Tourism,28
aulani,121,Travel & Tourism,23
808,121,Travel & Tourism,23
napalicoast,121,Travel & Tourism,23
aulanidisneyresort,121,Travel & Tourism,18
unitedstates,122,History & Education,2424
history,122,History & Education,1102
geography,122,History & Education,348
interesting,122,History & Education,324
learn,122,History & Education,283
museum,122,History & Education,281
map,122,History & Education,267
historytok,122,History & Education,247
historia,122,History & Education,232
maps,122,History & Education,178
historias,122,History & Education,169
geotok,122,History & Education,103
historytime,122,History & Education,94
states,122,History & Education,89
border,122,History & Education,88
interestingfact,122,History & Education,65
viralfact,122,History & Education,61
mapping,122,History & Education,59
geohistory,122,History & Education,23
nuevayork,123,Dance & New York,340
dancers,123,Dance & New York,258
nycthingstodo,123,Dance & New York,120
newyorktravel,123,Dance & New York,84
saturdaynightlive,123,Dance & New York,84
ethanbarberco,123,Dance & New York,72
explorenyc,123,Dance & New York,61
julio_nyc,123,Dance & New York,44
mondejour,123,Dance & New York,32
newyorkinfluencer,123,Dance & New York,16
nycdancers,123,Dance & New York,12
newyorkdance,123,Dance & New York,10
newyorkcreators,123,Dance & New York,9
newyorkdancers,123,Dance & New York,7
pregnancy,124,New Parent Content,716
babygirl,124,New Parent Content,665
newborn,124,New Parent Content,608
babytok,124,New Parent Content,477
firsttimemom,124,New Parent Content,456
pregnantlife,124,New Parent Content,378
pregnanttiktok,124,New Parent Content,351
pregnancyjourney,124,New Parent Content,252
newmom,124,New Parent Content,236
pregnancytiktok,124,New Parent Content,184
momhack,124,New Parent Content,132
thirdtrimester,124,New Parent Content,131
firsttimeparents,124,New Parent Content,95
momtips,124,New Parent Content,81
mexicantiktok,125,Mexican Food Recipes,815
comida,125,Mexican Food Recipes,317
comidamexicana,125,Mexican Food Recipes,301
receta,125,Mexican Food Recipes,239
salsa,125,Mexican Food Recipes,173
postres,125,Mexican Food Recipes,148
cocina,125,Mexican Food Recipes,123
recetastiktok,125,Mexican Food Recipes,109
homemadefood,125,Mexican Food Recipes,102
recetasmexicanas,125,Mexican Food Recipes,79
mexicanrecipes,125,Mexican Food Recipes,46
mexicanrecipe,125,Mexican Food Recipes,44
aguafresca,125,Mexican Food Recipes,40
estilocheffcito,125,Mexican Food Recipes,20
cheffcito,125,Mexican Food Recipes,19
cheffcitotime,125,Mexican Food Recipes,18
astrologytiktok,126,Astrology & Spirituality,250
horoscope,126,Astrology & Spirituality,249
zodiactiktok,126,Astrology & Spirituality,102
astrologysigns,126,Astrology & Spirituality,57
zodiacsign,126,Astrology & Spirituality,48
firesigns,126,Astrology & Spirituality,41
astrologytok,126,Astrology & Spirituality,37
zodiacboyfriend,126,Astrology & Spirituality,32
airsigns,126,Astrology & Spirituality,29
zodiacmemes,126,Astrology & Spirituality,29
zodiacs,126,Astrology & Spirituality,26
astrologyvibes,126,Astrology & Spirituality,23
mentality,127,Sports & Soccer,180
cr7,127,Sports & Soccer,137
worldcup,127,Sports & Soccer,116
neymar,127,Sports & Soccer,98
footballskills,127,Sports & Soccer,69
futebol,127,Sports & Soccer,67
chivas,127,Sports & Soccer,50
fifaworldcup,127,Sports & Soccer,46
ussoccer,127,Sports & Soccer,41
cruzazul,127,Sports & Soccer,40
chivasdelguadalajara,127,Sports & Soccer,39
howto,128,Wedding Planning Inspiration,860
engaged,128,Wedding Planning Inspiration,422
proposal,128,Wedding Planning Inspiration,376
poetry,128,Wedding Planning Inspiration,375
engagement,128,Wedding Planning Inspiration,370
engagementring,128,Wedding Planning Inspiration,256
dirtbike,128,Wedding Planning Inspiration,224
fiance,128,Wedding Planning Inspiration,221
weddingdressshopping,128,Wedding Planning Inspiration,185
weddingdressinspo,128,Wedding Planning Inspiration,157
wheelchair,128,Wedding Planning Inspiration,145
bonbonbelle,128,Wedding Planning Inspiration,115
paralyzed,128,Wedding Planning Inspiration,106
spinalcordinjury,128,Wedding Planning Inspiration,102
wibride,128,Wedding Planning Inspiration,90
paraplegic,128,Wedding Planning Inspiration,80
wheelchairlife,128,Wedding Planning Inspiration,76
fylpシviralシ,128,Wedding Planning Inspiration,71
spinalcordinjuryrecovery,128,Wedding Planning Inspiration,69
pickaweddingdress,128,Wedding Planning Inspiration,65
spinalcordinjurysurvivor,128,Wedding Planning Inspiration,62
austin,129,Texas Lifestyle Vlogs,387
956,129,Texas Lifestyle Vlogs,348
rgv,129,Texas Lifestyle Vlogs,286
newcar,129,Texas Lifestyle Vlogs,236
fortworth,129,Texas Lifestyle Vlogs,234
atx,129,Texas Lifestyle Vlogs,213
texascheck,129,Texas Lifestyle Vlogs,205
elpaso,129,Texas Lifestyle Vlogs,137
austintexas,129,Texas Lifestyle Vlogs,119
momcar,129,Texas Lifestyle Vlogs,87
westtexas,129,Texas Lifestyle Vlogs,76
texastravel,129,Texas Lifestyle Vlogs,53
cartour,129,Texas Lifestyle Vlogs,46
newcarcheck,129,Texas Lifestyle Vlogs,26
amarillo,129,Texas Lifestyle Vlogs,21
cavendertoyota,129,Texas Lifestyle Vlogs,16
diesel,130,Truck Enthusiast Community,370
turbo,130,Truck Enthusiast Community,227
cummins,130,Truck Enthusiast Community,116
dieseltrucks,130,Truck Enthusiast Community,87
sierra,130,Truck Enthusiast Community,68
kingranch,130,Truck Enthusiast Community,67
24x14,130,Truck Enthusiast Community,67
dieselpower,130,Truck Enthusiast Community,62
superduty,130,Truck Enthusiast Community,57
f350,130,Truck Enthusiast Community,56
dually,130,Truck Enthusiast Community,49
limited,130,Truck Enthusiast Community,46
tiktokviral,131,Music & Rap,1394
singing,131,Music & Rap,1157
rap,131,Music & Rap,1086
newmusic,131,Music & Rap,665
livemusic,131,Music & Rap,617
trendingsong,131,Music & Rap,454
musician,131,Music & Rap,384
liveperformance,131,Music & Rap,171
drill,131,Music & Rap,145
rapmusic,131,Music & Rap,122
freestylerap,131,Music & Rap,109
drillhype,131,Music & Rap,61
rapculture,131,Music & Rap,60
drillhypeent,131,Music & Rap,53
musiclife,131,Music & Rap,45
tips,132,DIY Home Improvement,942
craft,132,DIY Home Improvement,379
tipsandtricks,132,DIY Home Improvement,356
hack,132,DIY Home Improvement,306
creative,132,DIY Home Improvement,306
lifehacks,132,DIY Home Improvement,305
automotive,132,DIY Home Improvement,291
ideas,132,DIY Home Improvement,244
hacks,132,DIY Home Improvement,241
driving,132,DIY Home Improvement,163
trick,132,DIY Home Improvement,157
smart,132,DIY Home Improvement,147
tricks,132,DIY Home Improvement,129
useful,132,DIY Home Improvement,69
adam,132,DIY Home Improvement,52
mtipsx,132,DIY Home Improvement,34
tooltips,132,DIY Home Improvement,26
nfl,133,Sports & Music,1588
philly,133,Sports & Music,697
superbowl,133,Sports & Music,600
neworleans,133,Sports & Music,571
kansascity,133,Sports & Music,363
nflfootball,133,Sports & Music,332
rihanna,133,Sports & Music,262
eagles,133,Sports & Music,254
usher,133,Sports & Music,156
nflplayoffs,133,Sports & Music,150
kansascitychiefs,133,Sports & Music,129
philadelphiaeagles,133,Sports & Music,124
49ers,133,Sports & Music,124
notlikeus,133,Sports & Music,117
halftimeshow,133,Sports & Music,104
gobirds,133,Sports & Music,87
patrickmahomes,133,Sports & Music,82
flyeaglesfly,133,Sports & Music,77
superbowllix,133,Sports & Music,55
superbowlsunday,133,Sports & Music,46
jalenhurts,133,Sports & Music,46
eaglesfootball,133,Sports & Music,44
superbowlhalftimeshow,133,Sports & Music,43
countrymusic,134,Country Music Performances,993
country,134,Country Music Performances,992
nashville,134,Country Music Performances,768
morganwallen,134,Country Music Performances,297
zachbryan,134,Country Music Performances,244
countrylife,134,Country Music Performances,189
linedancing,134,Country Music Performances,183
songwriter,134,Country Music Performances,166
countryboy,134,Country Music Performances,124
countrygirl,134,Country Music Performances,123
countryconcert,134,Country Music Performances,111
lukecombs,134,Country Music Performances,107
folk,134,Country Music Performances,80
rileygreen,134,Country Music Performances,77
codyjohnson,134,Country Music Performances,52
countrymusictiktoks,134,Country Music Performances,29
dancer,135,Dance & Latin Culture,761
satevo,135,Dance & Latin Culture,63
cumbiasonidera,135,Dance & Latin Culture,56
cumbias,135,Dance & Latin Culture,48
cad,135,Dance & Latin Culture,42
itsjustchewy21,135,Dance & Latin Culture,32
marcus,135,Dance & Latin Culture,32
valentinesday,136,Shopping & Hauls,823
target,136,Shopping & Hauls,574
shoppinghaul,136,Shopping & Hauls,286
targetfinds,136,Shopping & Hauls,255
stanleycup,136,Shopping & Hauls,158
targethaul,136,Shopping & Hauls,141
targetrun,136,Shopping & Hauls,93
targetmusthaves,136,Shopping & Hauls,79
targettok,136,Shopping & Hauls,59
targetstyle,136,Shopping & Hauls,47
dei,136,Shopping & Hauls,47
belliwelli,136,Shopping & Hauls,44
targethalloween,136,Shopping & Hauls,38
targetshopping,136,Shopping & Hauls,32
targetstore,136,Shopping & Hauls,30
newattarget,136,Shopping & Hauls,15
targetfind,136,Shopping & Hauls,12
targetdeals,136,Shopping & Hauls,12
nurselife,137,Healthcare Professional Life,369
nursingstudent,137,Healthcare Professional Life,355
nursetok,137,Healthcare Professional Life,353
nursingschool,137,Healthcare Professional Life,304
nursehumor,137,Healthcare Professional Life,165
registerednurse,137,Healthcare Professional Life,138
nightshift,137,Healthcare Professional Life,130
icunurse,137,Healthcare Professional Life,92
newgradnurse,137,Healthcare Professional Life,89
studentnurse,137,Healthcare Professional Life,83
travelnurse,137,Healthcare Professional Life,71
nursepractitioner,137,Healthcare Professional Life,65
ernurse,137,Healthcare Professional Life,62
nurseproblems,137,Healthcare Professional Life,58
lpn,137,Healthcare Professional Life,57
nightshiftnurse,137,Healthcare Professional Life,57
nursetiktok,137,Healthcare Professional Life,49
medsurg,137,Healthcare Professional Life,36
styleinspo,138,Street Fashion Videos,273
reactions,138,Street Fashion Videos,152
streetphotography,138,Street Fashion Videos,146
reactionvideo,138,Street Fashion Videos,112
paparazzi,138,Street Fashion Videos,103
codypremer,138,Street Fashion Videos,92
peoplesreactions,138,Street Fashion Videos,45
walkingdownthestreet,138,Street Fashion Videos,45
alleyesonme,138,Street Fashion Videos,41
nyfoodies,138,Street Fashion Videos,27
captured,138,Street Fashion Videos,23
nyfoodie,138,Street Fashion Videos,21
newyorkfoodies,138,Street Fashion Videos,19
foodnewyork,138,Street Fashion Videos,12
vibes,139,Motherhood & Parenting,628
genderreveal,139,Motherhood & Parenting,347
italian,139,Motherhood & Parenting,320
laboranddelivery,139,Motherhood & Parenting,239
pregnancyannouncement,139,Motherhood & Parenting,157
oldmoney,139,Motherhood & Parenting,102
postpartumjourney,139,Motherhood & Parenting,99
oldmoneyaesthetic,139,Motherhood & Parenting,78
obgyn,139,Motherhood & Parenting,66
pregnancyhumor,139,Motherhood & Parenting,62
pregnanttok,139,Motherhood & Parenting,60
pregnantbelly,139,Motherhood & Parenting,56
postpartumrecovery,139,Motherhood & Parenting,51
newbornlife,139,Motherhood & Parenting,45
postpartumbody,139,Motherhood & Parenting,32
pregnancyproblems,139,Motherhood & Parenting,13
digitalart,140,Artistic Creativity Content,352
arttok,140,Artistic Creativity Content,310
sketch,140,Artistic Creativity Content,308
artwork,140,Artistic Creativity Content,269
fanart,140,Artistic Creativity Content,256
acrylicpainting,140,Artistic Creativity Content,147
procreate,140,Artistic Creativity Content,114
clay,140,Artistic Creativity Content,111
artistoftiktok,140,Artistic Creativity Content,106
sculpture,140,Artistic Creativity Content,90
easyart,140,Artistic Creativity Content,88
howtopaint,140,Artistic Creativity Content,80
landscapepainting,140,Artistic Creativity Content,69
artok,140,Artistic Creativity Content,65
canvaspainting,140,Artistic Creativity Content,63
paintingideas,140,Artistic Creativity Content,58
dibujo,140,Artistic Creativity Content,57
traditionalart,140,Artistic Creativity Content,56
artworks,140,Artistic Creativity Content,53
paintingtutorial,140,Artistic Creativity Content,51
rewards,140,Artistic Creativity Content,44
justforyou,141,Relationship & Love,68
intags,141,Relationship & Love,48
thankyouforyourservice,141,Relationship & Love,35
quranverses,141,Relationship & Love,33
foryoupagetrending,141,Relationship & Love,30
artforyourhome,141,Relationship & Love,26
quranquotes,141,Relationship & Love,26
doitforyou,141,Relationship & Love,25
reelsforyou,141,Relationship & Love,24
wearehereforyou,141,Relationship & Love,24
presentforyou,141,Relationship & Love,24
londonforyou,141,Relationship & Love,24
giftforyou,141,Relationship & Love,23
lovequran,141,Relationship & Love,23
quranic,141,Relationship & Love,23
quran_kareem,141,Relationship & Love,23
bacaquran,141,Relationship & Love,22
alquranhantaran,141,Relationship & Love,22
hafalanquran,141,Relationship & Love,22
nj,142,Food & Desserts,541
candy,142,Food & Desserts,478
dubaichocolate,142,Food & Desserts,266
waxing,142,Food & Desserts,248
sweets,142,Food & Desserts,220
jersey,142,Food & Desserts,202
wax,142,Food & Desserts,181
jerseyshore,142,Food & Desserts,152
njfood,142,Food & Desserts,131
njfoodie,142,Food & Desserts,85
njeats,142,Food & Desserts,82
pistachio,142,Food & Desserts,66
candyshop,142,Food & Desserts,63
newark,142,Food & Desserts,55
waxer,142,Food & Desserts,54
northjersey,142,Food & Desserts,40
esthiebestie,142,Food & Desserts,32
freezedriedcandy,142,Food & Desserts,32
njrestaurants,142,Food & Desserts,32
thecandycloset,142,Food & Desserts,20
justinbieber,143,Music & Entertainment,329
producer,143,Music & Entertainment,197
pdiddy,143,Music & Entertainment,181
win,143,Music & Entertainment,99
seancombs,143,Music & Entertainment,66
rickross,143,Music & Entertainment,60
puffdaddy,143,Music & Entertainment,57
cassie,143,Music & Entertainment,57
diddyparty,143,Music & Entertainment,43
miamiheat,143,Music & Entertainment,43
djkhaled,143,Music & Entertainment,35
goddid,143,Music & Entertainment,31
diddylawsuit,143,Music & Entertainment,28
wethebest,143,Music & Entertainment,14
wildthoughts,143,Music & Entertainment,13
djkhalid,143,Music & Entertainment,12
wethebestmusic,143,Music & Entertainment,12
khaled,143,Music & Entertainment,11
allidoiswin,143,Music & Entertainment,11
djkhaleddaily,143,Music & Entertainment,10
djkhaled90,143,Music & Entertainment,10
djkhaledmeme,143,Music & Entertainment,10
djkhaledvoice,143,Music & Entertainment,10
djkhalededits,143,Music & Entertainment,10
djkhaledchallenge,143,Music & Entertainment,10
djkhalededit,143,Music & Entertainment,10
djkhaled5s,143,Music & Entertainment,10
djkhaledgoddid,143,Music & Entertainment,10
wethebestttt,143,Music & Entertainment,10
fypツ,144,Viral Comedy Skits,1687
fyppp,144,Viral Comedy Skits,1263
paratipage,144,Viral Comedy Skits,552
fypppppppppppppp,144,Viral Comedy Skits,447
fypdongggggggg,144,Viral Comedy Skits,394
fyy,144,Viral Comedy Skits,313
paratiii,144,Viral Comedy Skits,279
fypsounds,144,Viral Comedy Skits,270
fypdong,144,Viral Comedy Skits,167
peloncitoloco,144,Viral Comedy Skits,57
cheese,145,Food & Pizza,485
pasta,145,Food & Pizza,330
wisconsin,145,Food & Pizza,326
foodietiktok,145,Food & Pizza,318
costco,145,Food & Pizza,311
italianfood,145,Food & Pizza,288
cheesy,145,Food & Pizza,196
pizzalover,145,Food & Pizza,145
nycpizza,145,Food & Pizza,94
pizzatime,145,Food & Pizza,55
pizzatiktok,145,Food & Pizza,42
pizzahut,145,Food & Pizza,37
pizzatok,145,Food & Pizza,32
santaanacalifornia,145,Food & Pizza,23
pizzalovers,145,Food & Pizza,22
pizzareview,145,Food & Pizza,21
newyorkpizza,145,Food & Pizza,18
torrancecalifornia,145,Food & Pizza,12
homemadepizza,145,Food & Pizza,9
onebite,145,Food & Pizza,7
orangecountyfoodie,145,Food & Pizza,6
bakingsteel,145,Food & Pizza,5
kpop,146,K-Pop Fan Culture,1537
army,146,K-Pop Fan Culture,986
bts,146,K-Pop Fan Culture,786
btsarmy,146,K-Pop Fan Culture,255
jungkook,146,K-Pop Fan Culture,212
jhope,146,K-Pop Fan Culture,162
suga,146,K-Pop Fan Culture,109
armybts,146,K-Pop Fan Culture,98
agustd,146,K-Pop Fan Culture,97
jimin,146,K-Pop Fan Culture,92
yoongi,146,K-Pop Fan Culture,87
hopeonthestagetour,146,K-Pop Fan Culture,72
hobi,146,K-Pop Fan Culture,67
bts_official_bighit,146,K-Pop Fan Culture,59
bangtan,146,K-Pop Fan Culture,58
hopeonthestage,146,K-Pop Fan Culture,49
jin,146,K-Pop Fan Culture,48
agustdtour,146,K-Pop Fan Culture,46
minyoongi,146,K-Pop Fan Culture,45
taehyung,146,K-Pop Fan Culture,39
btsxarmy,146,K-Pop Fan Culture,32
btsconcert,146,K-Pop Fan Culture,28
junghoseok,146,K-Pop Fan Culture,28
방탄소년단,146,K-Pop Fan Culture,28
jeonjungkook,146,K-Pop Fan Culture,26
collegelife,147,College Life & Advice,688
sorority,147,College Life & Advice,162
pennstate,147,College Life & Advice,131
finals,147,College Life & Advice,100
finalsweek,147,College Life & Advice,83
collegegotmelike,147,College Life & Advice,79
collegeadvice,147,College Life & Advice,62
collegehacks,147,College Life & Advice,49
collegetok,147,College Life & Advice,47
collegedorm,147,College Life & Advice,41
collegetips,147,College Life & Advice,41
collegememories,147,College Life & Advice,38
collegehumor,147,College Life & Advice,32
funnyvideos,148,Entertainment & Viral,3377
fypviraltiktokシ,148,Entertainment & Viral,162
goviraltiktok,148,Entertainment & Viral,130
rosecorbz,148,Entertainment & Viral,24
westandwithimrankhan,148,Entertainment & Viral,17
elpasohairstylist,148,Entertainment & Viral,17
kaptan_pti_13,148,Entertainment & Viral,13
elpasobraiding,148,Entertainment & Viral,9
roblox,149,Meme & Entertainment,1293
caseoh,149,Meme & Entertainment,123
caseohclips,149,Meme & Entertainment,84
caseohgames,149,Meme & Entertainment,76
gachatiktokersur,149,Meme & Entertainment,56
caseohmoments,149,Meme & Entertainment,24
jawnski215,149,Meme & Entertainment,16
vipwrld,149,Meme & Entertainment,12
xavier61_,149,Meme & Entertainment,9
cosplay,150,Anime and Manga,1204
manga,150,Anime and Manga,377
demonslayer,150,Anime and Manga,248
gojo,150,Anime and Manga,188
bleach,150,Anime and Manga,140
deku,150,Anime and Manga,137
anitok,150,Anime and Manga,130
weeb,150,Anime and Manga,102
animetok,150,Anime and Manga,93
animefan,150,Anime and Manga,78
animerecommendations,150,Anime and Manga,70
otaku,150,Anime and Manga,61
onepieceanime,150,Anime and Manga,58
adoptdontshop,151,Animal Companions,557
nailsoftiktok,151,Animal Companions,381
adoptme,151,Animal Companions,277
doglife,151,Animal Companions,255
animalshelter,151,Animal Companions,204
shelterdog,151,Animal Companions,204
dogsofttiktok,151,Animal Companions,201
doglovers,151,Animal Companions,166
doggo,151,Animal Companions,157
dogsofinstagram,151,Animal Companions,144
dogoftheday,151,Animal Companions,122
oldschool,152,Lowrider Culture,482
custom,152,Lowrider Culture,380
funk,152,Lowrider Culture,268
classic,152,Lowrider Culture,260
lowrider,152,Lowrider Culture,223
oldies,152,Lowrider Culture,193
chicana,152,Lowrider Culture,126
1990s,152,Lowrider Culture,92
showtruck,152,Lowrider Culture,67
classictrucks,152,Lowrider Culture,38
dentside,152,Lowrider Culture,38
1979ford,152,Lowrider Culture,33
fordf350,152,Lowrider Culture,21
supercab,152,Lowrider Culture,19
dentsideford,152,Lowrider Culture,17
ford460,152,Lowrider Culture,13
atlanta,153,Music & Hip Hop,1721
hiphop,153,Music & Hip Hop,882
kanyewest,153,Music & Hip Hop,288
rapper,153,Music & Hip Hop,280
eminem,153,Music & Hip Hop,225
raptok,153,Music & Hip Hop,205
kingvon,153,Music & Hip Hop,158
50cent,153,Music & Hip Hop,155
hiphopmusic,153,Music & Hip Hop,100
trap,153,Music & Hip Hop,94
rappers,153,Music & Hip Hop,92
tupac,153,Music & Hip Hop,88
2pac,153,Music & Hip Hop,82
thingstodo,154,Entertainment & Fun,550
dateideas,154,Entertainment & Fun,346
bucketlist,154,Entertainment & Fun,260
placestovisit,154,Entertainment & Fun,159
funnyanimation,154,Entertainment & Fun,69
funvibes,154,Entertainment & Fun,39
happymoments,154,Entertainment & Fun,27
kidsdianashow,154,Entertainment & Fun,22
fungamestoplay,154,Entertainment & Fun,21
dianaandromasong,154,Entertainment & Fun,20
thingstodoforfun,154,Entertainment & Fun,20
funnygamestoplay,154,Entertainment & Fun,20
wonderfulplaces,154,Entertainment & Fun,19
funplacesfork,154,Entertainment & Fun,15
ncaa,155,Sports & High School,336
coach,155,Sports & High School,329
cfb,155,Sports & High School,242
d1,155,Sports & High School,221
footballedit,155,Sports & High School,157
sec,155,Sports & High School,124
highschoolfootball,155,Sports & High School,122
fridaynightlights,155,Sports & High School,57
qb,155,Sports & High School,49
theaguilars,155,Sports & High School,49
ednakarr,155,Sports & High School,14
nba,156,Sports & Entertainment,1683
sport,156,Sports & Entertainment,217
nbaplayoffs,156,Sports & Entertainment,180
warriors,156,Sports & Entertainment,127
nbaedits,156,Sports & Entertainment,97
stephcurry,156,Sports & Entertainment,91
kyrieirving,156,Sports & Entertainment,75
goldenstatewarriors,156,Sports & Entertainment,74
jordy,156,Sports & Entertainment,67
jamorant,156,Sports & Entertainment,64
btfo,156,Sports & Entertainment,19
volleyball,157,Sports & Humor,601
collegefootball,157,Sports & Humor,565
barbershop,157,Sports & Humor,525
halloweencostume,157,Sports & Humor,444
halloweenlook,157,Sports & Humor,275
halloween2024,157,Sports & Humor,248
sportstiktok,157,Sports & Humor,214
lsu,157,Sports & Humor,204
espn,157,Sports & Humor,178
lsutigers,157,Sports & Humor,80
lsufootball,157,Sports & Humor,64
athletes,157,Sports & Humor,58
athletesoftiktok,157,Sports & Humor,40
viralvibes,157,Sports & Humor,26
military,158,Inspiring Human Interest,1202
respect,158,Inspiring Human Interest,570
wholesome,158,Inspiring Human Interest,458
acting,158,Inspiring Human Interest,416
kindness,158,Inspiring Human Interest,273
soldier,158,Inspiring Human Interest,263
bekind,158,Inspiring Human Interest,174
reunion,158,Inspiring Human Interest,164
humanity,158,Inspiring Human Interest,155
guard,158,Inspiring Human Interest,109
1mviews,158,Inspiring Human Interest,104
good,158,Inspiring Human Interest,92
soldiercominghome,158,Inspiring Human Interest,77
kingguard,158,Inspiring Human Interest,71
smilecore,158,Inspiring Human Interest,35
likeaboss,158,Inspiring Human Interest,20
horror,159,Entertainment & Movies,1082
drama,159,Entertainment & Movies,1024
film,159,Entertainment & Movies,848
lxmovie,159,Entertainment & Movies,124
movierecommendation,159,Entertainment & Movies,119
thriller,159,Entertainment & Movies,118
movieclip,159,Entertainment & Movies,107
moviereview,159,Entertainment & Movies,103
action,159,Entertainment & Movies,82
bestmovie,159,Entertainment & Movies,77
newmovie,159,Entertainment & Movies,60
fittok,160,Fitness & Motivation,300
fit,160,Fitness & Motivation,288
wellness,160,Fitness & Motivation,250
nutrition,160,Fitness & Motivation,181
workoutmotivation,160,Fitness & Motivation,167
workoutroutine,160,Fitness & Motivation,156
cardio,160,Fitness & Motivation,135
fitnessjourney,160,Fitness & Motivation,119
fitnesstips,160,Fitness & Motivation,116
yoga,160,Fitness & Motivation,108
coreworkout,160,Fitness & Motivation,103
fatloss,160,Fitness & Motivation,96
glutes,160,Fitness & Motivation,96
devinfitness,160,Fitness & Motivation,21
cat,161,Animal Cute Videos,2157
catlovers,161,Animal Cute Videos,250
catmom,161,Animal Cute Videos,226
orangecat,161,Animal Cute Videos,194
blackcat,161,Animal Cute Videos,173
orangecatbehavior,161,Animal Cute Videos,105
catmeme,161,Animal Cute Videos,101
calico,161,Animal Cute Videos,88
orangecatsoftiktok,161,Animal Cute Videos,79
calicocat,161,Animal Cute Videos,77
wobblycat,161,Animal Cute Videos,60
cerebellarhypoplasia,161,Animal Cute Videos,54
chcat,161,Animal Cute Videos,47
tiktokpartner,162,Gaming & Entertainment,407
wtf,162,Gaming & Entertainment,389
foodasmr,162,Gaming & Entertainment,328
asmrtriggers,162,Gaming & Entertainment,176
dukedennis,162,Gaming & Entertainment,161
kai,162,Gaming & Entertainment,137
asmrtingles,162,Gaming & Entertainment,125
lifeontiktok,162,Gaming & Entertainment,62
rakai,162,Gaming & Entertainment,59
agent,162,Gaming & Entertainment,59
asmrmakeup,162,Gaming & Entertainment,50
reece,162,Gaming & Entertainment,35
kaistreampages,162,Gaming & Entertainment,32
levelupprogram,162,Gaming & Entertainment,27
yahneofficialasmrbarbie,162,Gaming & Entertainment,26
tiktoklivespotlight,162,Gaming & Entertainment,26
asmrwater,162,Gaming & Entertainment,26
livelineup,162,Gaming & Entertainment,25
livespotlight,162,Gaming & Entertainment,25
asmrspitpainting,162,Gaming & Entertainment,25
asmrfoam,162,Gaming & Entertainment,25
asmrspit,162,Gaming & Entertainment,25
asmrbugs,162,Gaming & Entertainment,25
contentcreator,163,LGBTQ Comedy Content,1080
lgbt,163,LGBTQ Comedy Content,1002
lgbtq,163,LGBTQ Comedy Content,857
gay,163,LGBTQ Comedy Content,622
instagram,163,LGBTQ Comedy Content,521
pride,163,LGBTQ Comedy Content,370
lesbiansoftiktok,163,LGBTQ Comedy Content,352
trans,163,LGBTQ Comedy Content,281
pridemonth,163,LGBTQ Comedy Content,255
lgbtqia,163,LGBTQ Comedy Content,176
ftm,163,LGBTQ Comedy Content,166
transgender,163,LGBTQ Comedy Content,158
fp,163,LGBTQ Comedy Content,133
foryouuu,163,LGBTQ Comedy Content,108
transrights,163,LGBTQ Comedy Content,78
comingout,163,LGBTQ Comedy Content,61
transrightsarehumanrights,163,LGBTQ Comedy Content,55
fpp,163,LGBTQ Comedy Content,40
ftmtransgender,163,LGBTQ Comedy Content,40
transgenderftm,163,LGBTQ Comedy Content,37
ftmtrans,163,LGBTQ Comedy Content,36
realitytv,164,TV Series Reviews,304
outerbanks,164,TV Series Reviews,260
peliculas,164,TV Series Reviews,234
squidgame,164,TV Series Reviews,230
obx,164,TV Series Reviews,223
strangerthings,164,TV Series Reviews,216
hulu,164,TV Series Reviews,189
netflixseries,164,TV Series Reviews,185
loveisblind,164,TV Series Reviews,118
dcc,164,TV Series Reviews,113
tylerperry,164,TV Series Reviews,106
peliculasrecomendadas,164,TV Series Reviews,90
pelicula,164,TV Series Reviews,65
menendezbrothers,164,TV Series Reviews,59
netflixmovies,164,TV Series Reviews,54
peliculasdenetflix,164,TV Series Reviews,46
temptationisland,164,TV Series Reviews,37
michigan,165,Beauty Hair Services,1008
detroit,165,Beauty Hair Services,765
wiginstall,165,Beauty Hair Services,472
locstyles,165,Beauty Hair Services,445
wig,165,Beauty Hair Services,409
bundles,165,Beauty Hair Services,318
hairstyling,165,Beauty Hair Services,294
blackbraider,165,Beauty Hair Services,286
dearborn,165,Beauty Hair Services,280
detroithair,165,Beauty Hair Services,279
detroitbraider,165,Beauty Hair Services,263
westland,165,Beauty Hair Services,260
michiganbraider,165,Beauty Hair Services,255
braidsmichigan,165,Beauty Hair Services,253
wigoligist,165,Beauty Hair Services,253
detroitstylist,165,Beauty Hair Services,251
wigs,165,Beauty Hair Services,124
wiginfluencer,165,Beauty Hair Services,115
wigtok,165,Beauty Hair Services,115
wigtutorial,165,Beauty Hair Services,58
animalsoftiktok,166,Animal Rescue Videos,721
animal,166,Animal Rescue Videos,646
animalrescue,166,Animal Rescue Videos,298
rescueanimals,166,Animal Rescue Videos,226
animallover,166,Animal Rescue Videos,216
zoo,166,Animal Rescue Videos,211
wildanimals,166,Animal Rescue Videos,155
monkeys,166,Animal Rescue Videos,58
thank,166,Animal Rescue Videos,39
friedchicken,167,Food & Homesteading,389
homestead,167,Food & Homesteading,336
viralditiktok,167,Food & Homesteading,198
chickentenders,167,Food & Homesteading,151
virale,167,Food & Homesteading,107
viraliza,167,Food & Homesteading,64
tenders,167,Food & Homesteading,62
fypgakni,167,Food & Homesteading,57
fried,167,Food & Homesteading,48
beautiful,168,Beauty & Fashion,624
clothes,168,Beauty & Fashion,228
nicoledelacruz,168,Beauty & Fashion,72
nicolemariedlc,168,Beauty & Fashion,72
fail,169,Comedy & Entertainment,764
laugh,169,Comedy & Entertainment,727
comedyvideo,169,Comedy & Entertainment,645
scarecam,169,Comedy & Entertainment,417
scared,169,Comedy & Entertainment,314
jumpscare,169,Comedy & Entertainment,310
hahaha,169,Comedy & Entertainment,250
scareprank,169,Comedy & Entertainment,233
scaring,169,Comedy & Entertainment,205
scarepranks,169,Comedy & Entertainment,123
funnyprankvideos,169,Comedy & Entertainment,121
scaringpeople,169,Comedy & Entertainment,106
france,170,Animal Comedies,528
unitedkingdom,170,Animal Comedies,402
germany,170,Animal Comedies,391
europe,170,Animal Comedies,354
tiktokindia,170,Animal Comedies,350
india,170,Animal Comedies,326
italy,170,Animal Comedies,318
dubai,170,Animal Comedies,258
spain,170,Animal Comedies,247
london,170,Animal Comedies,234
australia,170,Animal Comedies,224
saudiarabia,170,Animal Comedies,180
afghanistan,170,Animal Comedies,179
uae,170,Animal Comedies,103
englishbulldogpuppy,170,Animal Comedies,69
englishbulldoglife,170,Animal Comedies,61
englishbulldogpuppies,170,Animal Comedies,58
musafariii,170,Animal Comedies,39
puppiesforsale,170,Animal Comedies,33
duet,171,Country Music Performances,1360
jellyroll,171,Country Music Performances,105
tylerchilders,171,Country Music Performances,85
linedancer,171,Country Music Performances,70
yallternative,171,Country Music Performances,68
morganwallentiktok,171,Country Music Performances,63
lukebryan,171,Country Music Performances,51
laineywilson,171,Country Music Performances,50
zachtop,171,Country Music Performances,48
90scountry,171,Country Music Performances,46
countrytiktok,171,Country Music Performances,43
parkermccollum,171,Country Music Performances,41
outlawcountry,171,Country Music Performances,21
whiskeymyers,171,Country Music Performances,11
latincountry,171,Country Music Performances,6
parentingtips,172,Parenting & Family,134
parenthood,172,Parenting & Family,112
parent,172,Parenting & Family,66
parentsbelike,172,Parenting & Family,53
live,173,Music Concerts & Tours,1051
musica,173,Music Concerts & Tours,1051
billieeilish,173,Music Concerts & Tours,763
theweeknd,173,Music Concerts & Tours,333
oliviarodrigo,173,Music Concerts & Tours,243
hmhas,173,Music Concerts & Tours,192
hitmehardandsofttour,173,Music Concerts & Tours,146
barclayscenter,173,Music Concerts & Tours,116
afterhourstildawnstadiumtour,173,Music Concerts & Tours,113
paranormal,174,Paranormal Horror Content,624
spooky,174,Paranormal Horror Content,507
ghost,174,Paranormal Horror Content,486
haunted,174,Paranormal Horror Content,414
horrortok,174,Paranormal Horror Content,411
scarystories,174,Paranormal Horror Content,309
terror,174,Paranormal Horror Content,231
scarytiktoks,174,Paranormal Horror Content,216
appalachia,174,Paranormal Horror Content,216
hauntedtiktok,174,Paranormal Horror Content,205
creepypasta,174,Paranormal Horror Content,204
paranormaltiktok,174,Paranormal Horror Content,198
miedo,174,Paranormal Horror Content,190
supernatural,174,Paranormal Horror Content,178
hauntedhouse,174,Paranormal Horror Content,171
paranormalactivity,174,Paranormal Horror Content,168
skinwalker,174,Paranormal Horror Content,168
horrortiktok,174,Paranormal Horror Content,157
appalachianmountains,174,Paranormal Horror Content,139
ghosts,174,Paranormal Horror Content,137
scaryvideos,174,Paranormal Horror Content,116
ghoststories,174,Paranormal Horror Content,83
ghosthunting,174,Paranormal Horror Content,66
robloxfyp,175,Gaming Content,475
dresstoimpress,175,Gaming Content,164
dandysworld,175,Gaming Content,153
robloxedit,175,Gaming Content,134
dti,175,Gaming Content,128
forsaken,175,Gaming Content,123
robloxgames,175,Gaming Content,112
robloxtiktok,175,Gaming Content,90
bloxburg,175,Gaming Content,73
dresstoimpressroblox,175,Gaming Content,65
brookhaven,175,Gaming Content,59
robloxstory,175,Gaming Content,49
robloxian,175,Gaming Content,44
robloxx,175,Gaming Content,43
growagarden,175,Gaming Content,43
mm2,175,Gaming Content,32
western,176,Western Lifestyle & Culture,412
westernfashion,176,Western Lifestyle & Culture,264
wyoming,176,Western Lifestyle & Culture,226
ranchlife,176,Western Lifestyle & Culture,215
ranch,176,Western Lifestyle & Culture,208
cowgirl,176,Western Lifestyle & Culture,194
cowboys,176,Western Lifestyle & Culture,163
westernstyle,176,Western Lifestyle & Culture,141
cattle,176,Western Lifestyle & Culture,115
westernwear,176,Western Lifestyle & Culture,104
ranching,176,Western Lifestyle & Culture,62
westernlifestyle,176,Western Lifestyle & Culture,48
punchy,176,Western Lifestyle & Culture,25
likeit,176,Western Lifestyle & Culture,23
fuckit,176,Western Lifestyle & Culture,23
coachella2025,177,Fashion Festival Outfits,348
travisscott,177,Fashion Festival Outfits,313
festival,177,Fashion Festival Outfits,284
megantheestallion,177,Fashion Festival Outfits,218
kyliejenner,177,Fashion Festival Outfits,208
jennie,177,Fashion Festival Outfits,200
lisa,177,Fashion Festival Outfits,196
haileybieber,177,Fashion Festival Outfits,174
musicfestival,177,Fashion Festival Outfits,158
frankocean,177,Fashion Festival Outfits,146
coachella2024,177,Fashion Festival Outfits,130
dojacat,177,Fashion Festival Outfits,125
tpain,177,Fashion Festival Outfits,86
palmsprings,177,Fashion Festival Outfits,81
coachellaoutfit,177,Fashion Festival Outfits,71
greenday,177,Fashion Festival Outfits,64
festivalseason,177,Fashion Festival Outfits,58
lisachella,177,Fashion Festival Outfits,49
coachellavalley,177,Fashion Festival Outfits,44
carcamping,177,Fashion Festival Outfits,44
jenchella,177,Fashion Festival Outfits,40
coachellaweekend2,177,Fashion Festival Outfits,40
diyclothes,177,Fashion Festival Outfits,35
coachellaweekend1,177,Fashion Festival Outfits,35
beadedtop,177,Fashion Festival Outfits,17
coachellacamping,177,Fashion Festival Outfits,17
cookie,178,Cat Lovers & Baking,259
crkingdom,178,Cat Lovers & Baking,143
eternalsugarcookie,178,Cat Lovers & Baking,74
bengalcat,178,Cat Lovers & Baking,57
hollyberrycookie,178,Cat Lovers & Baking,57
poetrystatus,178,Cat Lovers & Baking,56
bengalkitten,178,Cat Lovers & Baking,45
leopardcat,178,Cat Lovers & Baking,31
snowbengal,178,Cat Lovers & Baking,30
affogatocookie,178,Cat Lovers & Baking,27
slowedandreverb,179,Indian Music Covers,358
slowed,179,Indian Music Covers,315
bollywood,179,Indian Music Covers,233
lyrics_songs,179,Indian Music Covers,187
slowedsongs,179,Indian Music Covers,158
slowedaudios,179,Indian Music Covers,145
plzviralforyoupage,179,Indian Music Covers,95
plzunfrezemyaccount,179,Indian Music Covers,85
hindi,179,Indian Music Covers,69
sochseyzyaada,179,Indian Music Covers,60
kumarsanu,179,Indian Music Covers,39
uditnarayan,179,Indian Music Covers,37
hindisong,179,Indian Music Covers,37
nfak,179,Indian Music Covers,32
nusratfatehalikhan,179,Indian Music Covers,32
jhankar,179,Indian Music Covers,21
northcarolina,180,Travel & Tourism,657
charlotte,180,Travel & Tourism,281
hurricanehelene,180,Travel & Tourism,266
charlottenc,180,Travel & Tourism,190
helene,180,Travel & Tourism,136
raleigh,180,Travel & Tourism,113
asheville,180,Travel & Tourism,106
raleighnc,180,Travel & Tourism,98
wilmingtonnc,180,Travel & Tourism,64
blueridgemountains,180,Travel & Tourism,63
wnc,180,Travel & Tourism,56
visitnc,180,Travel & Tourism,50
nctiktok,180,Travel & Tourism,44
fayettevillenc,180,Travel & Tourism,44
nccheck,180,Travel & Tourism,39
northcarolinacheck,180,Travel & Tourism,37
919,180,Travel & Tourism,37
nctravel,180,Travel & Tourism,18
ncfun,180,Travel & Tourism,17
nchype,180,Travel & Tourism,15
nclife,180,Travel & Tourism,15
sacramento,181,Real Estate Listings,299
westcoast,181,Real Estate Listings,194
blueface,181,Real Estate Listings,87
sac,181,Real Estate Listings,29
swiftyblue,181,Real Estate Listings,6
pitbullsoftiktok,182,Animal Rescue Content,174
funnydogs,182,Animal Rescue Content,144
k9,182,Animal Rescue Content,141
dogsoftiktokviral,182,Animal Rescue Content,105
dogvideos,182,Animal Rescue Content,87
woman,183,Mental Health Support,258
selfimprovement,183,Mental Health Support,205
confidence,183,Mental Health Support,197
loveyourself,183,Mental Health Support,189
positivevibes,183,Mental Health Support,188
narcissist,183,Mental Health Support,140
dailyaffirmations,183,Mental Health Support,129
redflags,183,Mental Health Support,101
growthmindset,183,Mental Health Support,84
narcissism,183,Mental Health Support,58
narcissisticabuse,183,Mental Health Support,51
toxicrelationships,183,Mental Health Support,42
manipulation,183,Mental Health Support,42
narcissisticabuserecovery,183,Mental Health Support,35
emotionalabuse,183,Mental Health Support,27
lovebombing,183,Mental Health Support,25
covertnarcissist,183,Mental Health Support,22
traumabond,183,Mental Health Support,20
toxicpeople,183,Mental Health Support,18
sociopath,183,Mental Health Support,14
de,184,Los Angeles Foodie,120
ie,184,Los Angeles Foodie,120
erewhon,184,Los Angeles Foodie,96
wheretoeat,184,Los Angeles Foodie,73
sd,184,Los Angeles Foodie,71
lafires,184,Los Angeles Foodie,62
hd,184,Los Angeles Foodie,43
recommendation,184,Los Angeles Foodie,26
luxuryevents,184,Los Angeles Foodie,12
eventcoordinator,184,Los Angeles Foodie,8
erastour,185,Music & Concerts,1315
swifttok,185,Music & Concerts,893
erastourtaylorswift,185,Music & Concerts,324
eras,185,Music & Concerts,142
swift,185,Music & Concerts,118
tserastour,185,Music & Concerts,101
speaknow,185,Music & Concerts,86
swiftietiktok,185,Music & Concerts,71
1989,185,Music & Concerts,70
latstheerastour,185,Music & Concerts,61
theeras,185,Music & Concerts,56
teacherlife,186,Relaxation & Pet Care,403
spa,186,Relaxation & Pet Care,103
relaxation,186,Relaxation & Pet Care,75
asmrscalpcheck,186,Relaxation & Pet Care,18
asmrbubblegumcrackingandhair,186,Relaxation & Pet Care,17
chewinggum,186,Relaxation & Pet Care,16
asmrsoundtriggers,186,Relaxation & Pet Care,16
mariamsasmr,186,Relaxation & Pet Care,12
blackfemaleasmrartist,186,Relaxation & Pet Care,11
sleeptriggers,186,Relaxation & Pet Care,9
asmrgumcracking,186,Relaxation & Pet Care,9
gumcrcaking,186,Relaxation & Pet Care,9
whisperwithmariamasmr,186,Relaxation & Pet Care,9
gabrielfeitosa,186,Relaxation & Pet Care,7
serverlife,187,Server Life Vlogs,307
bro,187,Server Life Vlogs,251
fineshyt,187,Server Life Vlogs,162
servertiktok,187,Server Life Vlogs,118
adhdtiktok,187,Server Life Vlogs,105
relatablememes,187,Server Life Vlogs,85
jt,187,Server Life Vlogs,50
2man,187,Server Life Vlogs,38
suki,187,Server Life Vlogs,35
disstrack,187,Server Life Vlogs,30
stix808,187,Server Life Vlogs,26
grades,187,Server Life Vlogs,24
bipolardisorder,187,Server Life Vlogs,19
toothpaste,187,Server Life Vlogs,17
dominicansbelike,187,Server Life Vlogs,12
bipolarawareness,187,Server Life Vlogs,8
mintchocolatechip,187,Server Life Vlogs,5
mybrainisbroken,187,Server Life Vlogs,3
4pfkayyyyy,187,Server Life Vlogs,2
pizzookie,187,Server Life Vlogs,1
dariustalks,187,Server Life Vlogs,1
clearfruit,187,Server Life Vlogs,1
dallasmarie,187,Server Life Vlogs,1
compaguero_,187,Server Life Vlogs,1
itoknottobeok,187,Server Life Vlogs,1
forupage,188,Magic & Self-Improvement,569
magic,188,Magic & Self-Improvement,426
witch,188,Magic & Self-Improvement,256
agt,188,Magic & Self-Improvement,173
manifest,188,Magic & Self-Improvement,138
spiritual,188,Magic & Self-Improvement,130
americasgottalent,188,Magic & Self-Improvement,104
abundance,188,Magic & Self-Improvement,100
lucky,188,Magic & Self-Improvement,92
manifesting,188,Magic & Self-Improvement,90
magictrick,188,Magic & Self-Improvement,81
magician,188,Magic & Self-Improvement,70
manifestingmethods,188,Magic & Self-Improvement,44
abundancemindset,188,Magic & Self-Improvement,37
selfconcept,188,Magic & Self-Improvement,21
fybシviral_video_tiktok,188,Magic & Self-Improvement,18
faiqawaseem,188,Magic & Self-Improvement,17
gym,189,Fitness & Bodybuilding,1474
gymtok,189,Fitness & Bodybuilding,1288
gymlife,189,Fitness & Bodybuilding,218
gymhumor,189,Fitness & Bodybuilding,194
strong,189,Fitness & Bodybuilding,163
discipline,189,Fitness & Bodybuilding,136
powerlifting,189,Fitness & Bodybuilding,133
anatoly,189,Fitness & Bodybuilding,115
bodybuilder,189,Fitness & Bodybuilding,91
beast,189,Fitness & Bodybuilding,90
thebest,189,Fitness & Bodybuilding,72
anatolyprank,189,Fitness & Bodybuilding,58
gymbro,189,Fitness & Bodybuilding,58
gymmemes,189,Fitness & Bodybuilding,37
gymprank,189,Fitness & Bodybuilding,21
coquette,190,Mommy Lifestyle Vlogs,455
concierto,190,Mommy Lifestyle Vlogs,352
sahmsoftiktok,190,Mommy Lifestyle Vlogs,227
coquetteaesthetic,190,Mommy Lifestyle Vlogs,226
youngmom,190,Mommy Lifestyle Vlogs,185
toddlertok,190,Mommy Lifestyle Vlogs,155
comeshopwithme,190,Mommy Lifestyle Vlogs,131
girlmomlife,190,Mommy Lifestyle Vlogs,103
sahmomsbelike,190,Mommy Lifestyle Vlogs,78
girlmama,190,Mommy Lifestyle Vlogs,74
girlmoms,190,Mommy Lifestyle Vlogs,73
girlmomma,190,Mommy Lifestyle Vlogs,55
skit,191,Entertainment & Drama,808
actor,191,Entertainment & Drama,436
series,191,Entertainment & Drama,371
actress,191,Entertainment & Drama,294
scene,191,Entertainment & Drama,219
restaurantlife,191,Entertainment & Drama,180
bartender,191,Entertainment & Drama,122
character,191,Entertainment & Drama,119
hbo,191,Entertainment & Drama,92
filmmaking,191,Entertainment & Drama,83
villain,191,Entertainment & Drama,78
casting,191,Entertainment & Drama,71
actorslife,191,Entertainment & Drama,70
actingvideo,191,Entertainment & Drama,60
bartenderlife,191,Entertainment & Drama,55
performingarts,191,Entertainment & Drama,28
library,192,Romantic NYC Stories,371
darkacademia,192,Romantic NYC Stories,248
hopelessromantic,192,Romantic NYC Stories,237
bananafish,192,Romantic NYC Stories,100
nypd,192,Romantic NYC Stories,100
meetcute,192,Romantic NYC Stories,82
howcouplesmeet,192,Romantic NYC Stories,44
hiking,193,Outdoor Adventure Travel,866
spring,193,Outdoor Adventure Travel,562
adventure,193,Outdoor Adventure Travel,543
goals,193,Outdoor Adventure Travel,405
waterfall,193,Outdoor Adventure Travel,311
nationalpark,193,Outdoor Adventure Travel,308
hike,193,Outdoor Adventure Travel,271
bushcraft,193,Outdoor Adventure Travel,245
hikingadventures,193,Outdoor Adventure Travel,190
waterfalls,193,Outdoor Adventure Travel,149
cabin,193,Outdoor Adventure Travel,131
pnwonderland,193,Outdoor Adventure Travel,110
hiketok,193,Outdoor Adventure Travel,102
getoutside,193,Outdoor Adventure Travel,98
backpacking,193,Outdoor Adventure Travel,89
hikingszn,193,Outdoor Adventure Travel,56
dallas,194,Sports & Entertainment,1354
dallascowboys,194,Sports & Entertainment,188
nfldraft,194,Sports & Entertainment,113
bengals,194,Sports & Entertainment,92
patriots,194,Sports & Entertainment,81
nfltiktok,194,Sports & Entertainment,76
nflmemes,194,Sports & Entertainment,65
americanfootball,194,Sports & Entertainment,61
redditstories,195,University Life Stories,873
clean,195,University Life Stories,628
storytelling,195,University Life Stories,383
slowliving,195,University Life Stories,67
westpalmbeach,195,University Life Stories,67
leamontiktok,195,University Life Stories,63
interstellar,195,University Life Stories,31
portraitphotography,195,University Life Stories,29
projection,195,University Life Stories,24
universityofgeorgia,195,University Life Stories,22
cherokee,195,University Life Stories,14
immersiveart,195,University Life Stories,14
projectionmapping,195,University Life Stories,12
moth,195,University Life Stories,8
themoth,195,University Life Stories,6
cherokeenation,195,University Life Stories,5
athensga,195,University Life Stories,4
storytellingphotography,195,University Life Stories,4
tampaphotographer,195,University Life Stories,3
brandphotographer,195,University Life Stories,3
mandoka,195,University Life Stories,2
documentarystylephotography,195,University Life Stories,2
visualartist,195,University Life Stories,2
placeresculinarios,195,University Life Stories,1
westpalmphotographer,195,University Life Stories,1
creativeportraitphotography,195,University Life Stories,1
rollerskating,196,Atlanta Lifestyle Vlog,255
atlantageorgia,196,Atlanta Lifestyle Vlog,238
atlhairstylist,196,Atlanta Lifestyle Vlog,231
atlantahairstylist,196,Atlanta Lifestyle Vlog,231
batonrouge,196,Atlanta Lifestyle Vlog,124
thingstodoinatlanta,196,Atlanta Lifestyle Vlog,104
joeburrow,196,Atlanta Lifestyle Vlog,89
boosie,196,Atlanta Lifestyle Vlog,54
boosiebadazz,196,Atlanta Lifestyle Vlog,41
lsuwomensbasketball,196,Atlanta Lifestyle Vlog,37
wipemedown,196,Atlanta Lifestyle Vlog,35
webbie,196,Atlanta Lifestyle Vlog,16
boosiechallenge,196,Atlanta Lifestyle Vlog,14
boosiemama,196,Atlanta Lifestyle Vlog,14
boosiefunny,196,Atlanta Lifestyle Vlog,14
boosieperiod,196,Atlanta Lifestyle Vlog,14
ncaawomensbasketballchampions,196,Atlanta Lifestyle Vlog,14
asianwomensclubchampionship2022,196,Atlanta Lifestyle Vlog,14
pool,197,Travel & Summer Vibes,258
lake,197,Travel & Summer Vibes,220
beachvibes,197,Travel & Summer Vibes,212
fair,197,Travel & Summer Vibes,193
summertime,197,Travel & Summer Vibes,171
waterpark,197,Travel & Summer Vibes,170
boatlife,197,Travel & Summer Vibes,136
tsitp,197,Travel & Summer Vibes,110
tan,197,Travel & Summer Vibes,87
summercamp,197,Travel & Summer Vibes,78
summer2025,197,Travel & Summer Vibes,74
chef,198,Food & Cooking,321
steak,198,Food & Cooking,304
cook,198,Food & Cooking,238
cookingtiktok,198,Food & Cooking,148
nicaenusa,198,Food & Cooking,103
blandonesther,198,Food & Cooking,75
2023,199,K-Pop Comedy Skits,513
blessed,199,K-Pop Comedy Skits,455
blackpink,199,K-Pop Comedy Skits,353
architecture,199,K-Pop Comedy Skits,250
blessings,199,K-Pop Comedy Skits,141
blink,199,K-Pop Comedy Skits,68
houseforsale,199,K-Pop Comedy Skits,44
realty,199,K-Pop Comedy Skits,39
boys,200,Parenting & Motherhood,190
interracialcouple,200,Parenting & Motherhood,171
eveningroutine,200,Parenting & Motherhood,46
boymama,200,Parenting & Motherhood,39
momsover40,200,Parenting & Motherhood,35
myworld,200,Parenting & Motherhood,28
blitzbaseball,200,Parenting & Motherhood,21
5monthsold,200,Parenting & Motherhood,16
travelballmom,200,Parenting & Motherhood,8
usssaspacecoastcomplex,200,Parenting & Motherhood,4
growthhormonedeficiency,200,Parenting & Motherhood,2
locs,201,Beauty & Hair Care,417
hairstyletutorial,201,Beauty & Hair Care,162
viralhair,201,Beauty & Hair Care,83
kidshairstyles,201,Beauty & Hair Care,76
toddlerhairstyles,201,Beauty & Hair Care,66
kidshair,201,Beauty & Hair Care,45
toddlerhair,201,Beauty & Hair Care,42
apple,202,Smartphone Tech Tutorials,787
iphonetricks,202,Smartphone Tech Tutorials,181
iphonetips,202,Smartphone Tech Tutorials,143
ipad,202,Smartphone Tech Tutorials,137
iphone16,202,Smartphone Tech Tutorials,136
ios,202,Smartphone Tech Tutorials,104
ios18,202,Smartphone Tech Tutorials,97
iphone16promax,202,Smartphone Tech Tutorials,81
iphone15promax,202,Smartphone Tech Tutorials,70
hitomidocameraroll,202,Smartphone Tech Tutorials,59
ios17,202,Smartphone Tech Tutorials,57
iphone15pro,202,Smartphone Tech Tutorials,56
iphone16pro,202,Smartphone Tech Tutorials,47
iphone13,202,Smartphone Tech Tutorials,46
iphonecase,202,Smartphone Tech Tutorials,45
iphonehack,202,Smartphone Tech Tutorials,44
iphonetipsandtricks,202,Smartphone Tech Tutorials,42
iphone14,202,Smartphone Tech Tutorials,42
iphone11,202,Smartphone Tech Tutorials,40
iphone14promax,202,Smartphone Tech Tutorials,40
houstontx,203,Food & Local,917
dallastx,203,Food & Local,705
dallastexas,203,Food & Local,147
dallasbarber,203,Food & Local,102
dallasfoodie,203,Food & Local,90
dtx,203,Food & Local,73
arlingtontx,203,Food & Local,69
thingstodoindallas,203,Food & Local,61
dallasnailtech,203,Food & Local,34
dallasthingstodo,203,Food & Local,33
garland,203,Food & Local,32
ennistx,203,Food & Local,31
ftworthtx,203,Food & Local,27
6thstreet,203,Food & Local,26
7thstreet,203,Food & Local,21
deepellumtx,203,Food & Local,21
bardwelltx,203,Food & Local,18
israelpadilla,203,Food & Local,15
bishoparts,203,Food & Local,14
school,204,Science & Education,1486
science,204,Science & Education,481
math,204,Science & Education,237
space,204,Science & Education,234
engineering,204,Science & Education,210
stem,204,Science & Education,162
experiment,204,Science & Education,157
physics,204,Science & Education,129
biology,204,Science & Education,117
ciencia,204,Science & Education,63
biologia,204,Science & Education,61
sciencetok,204,Science & Education,52
cienciatiktok,204,Science & Education,46
cienciaparatodos,204,Science & Education,34
humanbody,204,Science & Education,24
hotspoon,204,Science & Education,17
retail,205,Retail Therapy Comedy,359
skits,205,Retail Therapy Comedy,273
justforfun,205,Retail Therapy Comedy,254
povs,205,Retail Therapy Comedy,227
retailproblems,205,Retail Therapy Comedy,205
justjokes,205,Retail Therapy Comedy,120
comedytiktok,205,Retail Therapy Comedy,95
satirecomedy,205,Retail Therapy Comedy,89
sarcasm,205,Retail Therapy Comedy,78
thestruggleisreal,205,Retail Therapy Comedy,56
therapyhumor,205,Retail Therapy Comedy,52
relatablecomedy,205,Retail Therapy Comedy,50
sarcastic,205,Retail Therapy Comedy,41
canonlybejared,205,Retail Therapy Comedy,36
tylerthecreator,206,Music & Concerts,470
chromakopia,206,Music & Concerts,191
wolf,206,Music & Concerts,101
kaliuchis,206,Music & Concerts,92
campfloggnaw,206,Music & Concerts,67
chromakopiatour,206,Music & Concerts,62
tyler,206,Music & Concerts,62
igor,206,Music & Concerts,54
sticky,206,Music & Concerts,50
likehim,206,Music & Concerts,39
seeyouagain,206,Music & Concerts,36
oddfuture,206,Music & Concerts,32
campfloggnaw2024,206,Music & Concerts,28
flowerboy,206,Music & Concerts,25
ofwgkta,206,Music & Concerts,21
golfwang,206,Music & Concerts,21
cfg,206,Music & Concerts,21
tylerthecreatormedia,206,Music & Concerts,20
xcelenergycenter,206,Music & Concerts,20
callmeifyougetlost,206,Music & Concerts,19
cmiygl,206,Music & Concerts,15
chromakopiaalbum,206,Music & Concerts,12
birth,207,Parenting & Pregnancy,161
ultrasound,207,Parenting & Pregnancy,80
pregnantmama,207,Parenting & Pregnancy,79
momtobe,207,Parenting & Pregnancy,76
firsttrimester,207,Parenting & Pregnancy,57
animeedit,208,Anime and Manga Editing,519
animes,208,Anime and Manga Editing,84
jujutsukaisenedit,208,Anime and Manga Editing,70
animeedits,208,Anime and Manga Editing,57
onepieceedit,208,Anime and Manga Editing,47
amv,208,Anime and Manga Editing,40
vegas,209,Travel & Las Vegas,663
vegaslocal,209,Travel & Las Vegas,144
vegasstarfish,209,Travel & Las Vegas,110
vegasstrip,209,Travel & Las Vegas,57
wheretogoinvegas,209,Travel & Las Vegas,48
vegasvacation,209,Travel & Las Vegas,46
vegasexperience,209,Travel & Las Vegas,43
vegasonabudget,209,Travel & Las Vegas,42
vegasnews,209,Travel & Las Vegas,41
thingstodoinvegas,209,Travel & Las Vegas,41
vegashotels,209,Travel & Las Vegas,35
bedbugs,209,Travel & Las Vegas,32
vegastok,209,Travel & Las Vegas,30
vegasfoodie,209,Travel & Las Vegas,28
wheretoeatinvegas,209,Travel & Las Vegas,24
wheretostayinvegas,209,Travel & Las Vegas,22
vegasreview,209,Travel & Las Vegas,21
vegashotelrooms,209,Travel & Las Vegas,19
hotelinspector,209,Travel & Las Vegas,18
starfishstays,209,Travel & Las Vegas,17
eyelashextentions,209,Travel & Las Vegas,17
lashextentions,209,Travel & Las Vegas,17
arlingtonlashes,209,Travel & Las Vegas,16
mansfieldlashes,209,Travel & Las Vegas,16
lashesofinstagram,209,Travel & Las Vegas,16
fypusa,210,Sports & Football,138
d1athlete,210,Sports & Football,131
leomessi,210,Sports & Football,93
fyppppppppppppppppppppp,210,Sports & Football,66
footballseason,210,Sports & Football,65
footballvideo,210,Sports & Football,63
povfootball,210,Sports & Football,27
usasoccer,210,Sports & Football,19
harrystyles,211,Music Festival Coverage,289
portland,211,Music Festival Coverage,235
melaniemartinez,211,Music Festival Coverage,218
playboicarti,211,Music Festival Coverage,216
rollingloud,211,Music Festival Coverage,160
kencarson,211,Music Festival Coverage,137
utopia,211,Music Festival Coverage,103
fangirl,211,Music Festival Coverage,92
frontrow,211,Music Festival Coverage,85
hslot,211,Music Festival Coverage,81
mariahthescientist,211,Music Festival Coverage,79
loveontour,211,Music Festival Coverage,67
circusmaximus,211,Music Festival Coverage,52
rollingloudmiami,211,Music Festival Coverage,44
moshpit,211,Music Festival Coverage,41
chaseatlantic,211,Music Festival Coverage,31
jingleball,211,Music Festival Coverage,29
wallows,211,Music Festival Coverage,24
dylanminnette,211,Music Festival Coverage,22
opiumlabel,211,Music Festival Coverage,20
chaseatlantictiktok,211,Music Festival Coverage,16
celebrity,212,Entertainment & Comedy,1024
famous,212,Entertainment & Comedy,641
drummer,212,Entertainment & Comedy,137
minions,212,Entertainment & Comedy,109
classicalmusic,212,Entertainment & Comedy,103
despicableme,212,Entertainment & Comedy,68
famoso,212,Entertainment & Comedy,51
minion,212,Entertainment & Comedy,39
drumming,212,Entertainment & Comedy,35
drumcover,212,Entertainment & Comedy,28
universalpictures,212,Entertainment & Comedy,28
celebridad,212,Entertainment & Comedy,24
illumination,212,Entertainment & Comedy,23
minionstyle,212,Entertainment & Comedy,17
minionslove,212,Entertainment & Comedy,17
minionlove,212,Entertainment & Comedy,17
minionsparty,212,Entertainment & Comedy,17
minionsmovie,212,Entertainment & Comedy,17
minionlover,212,Entertainment & Comedy,17
minionstuff,212,Entertainment & Comedy,14
minionlovers,212,Entertainment & Comedy,14
minionstory,212,Entertainment & Comedy,14
pourtoi,213,Entertainment & Food,697
fouryou,213,Entertainment & Food,533
fouryoupage,213,Entertainment & Food,239
capcutamor,213,Entertainment & Food,102
changoelperrito,213,Entertainment & Food,37
diycake,213,Entertainment & Food,17
beautifulcake,213,Entertainment & Food,8
entrepreneur,214,Small Business Owners,391
indiana,214,Small Business Owners,312
smallbusinessowner,214,Small Business Owners,284
smallbusinesscheck,214,Small Business Owners,145
shopsmall,214,Small Business Owners,139
womenownedbusiness,214,Small Business Owners,134
localbusiness,214,Small Business Owners,124
shoplocal,214,Small Business Owners,117
smallbusinesstiktok,214,Small Business Owners,76
fortwayne,214,Small Business Owners,32
frozencustard,214,Small Business Owners,31
fortwayneindiana,214,Small Business Owners,21
fortwaynefoodie,214,Small Business Owners,16
skiing,215,Travel Vlog Content,273
detailing,215,Travel Vlog Content,243
ski,215,Travel Vlog Content,206
mexicano,215,Travel Vlog Content,172
gopro,215,Travel Vlog Content,165
skitok,215,Travel Vlog Content,155
booknow,215,Travel Vlog Content,84
ابو_حدو_الحلبستاني,215,Travel Vlog Content,18
الحلبستاني,215,Travel Vlog Content,17
ابو_حدووو,215,Travel Vlog Content,15
هولندا,215,Travel Vlog Content,15
حلبستاني,215,Travel Vlog Content,14
طريزينة_هانم,215,Travel Vlog Content,14
بصطة_ساميري,215,Travel Vlog Content,14
امستردام,215,Travel Vlog Content,14
روتردام,215,Travel Vlog Content,14
منشنغلادباخ,215,Travel Vlog Content,14
رورموند,215,Travel Vlog Content,14
فينلو,215,Travel Vlog Content,14
elmexitachi,215,Travel Vlog Content,12
happyclients,215,Travel Vlog Content,11
foryouypage,215,Travel Vlog Content,10
abuhdou,215,Travel Vlog Content,8
satch360slay,215,Travel Vlog Content,6
tattooartist,216,Tattoo Artistry,1057
tattooartistsoftiktok,216,Tattoo Artistry,115
tattooart,216,Tattoo Artistry,103
blackandgreytattoo,216,Tattoo Artistry,82
tattooing,216,Tattoo Artistry,78
tatuajes,216,Tattoo Artistry,66
tattooist,216,Tattoo Artistry,66
tattoohumor,216,Tattoo Artistry,62
tattoostudio,216,Tattoo Artistry,61
tattooer,216,Tattoo Artistry,59
tattooflash,216,Tattoo Artistry,56
tattoogirl,216,Tattoo Artistry,52
mexicana,217,Latin American Food,262
mexicanos,217,Latin American Food,182
spanishtiktok,217,Latin American Food,134
mexicanamerican,217,Latin American Food,62
latinotiktok,217,Latin American Food,42
carsoftiktok,218,Car Enthusiast Community,1553
jdm,218,Car Enthusiast Community,345
hellcat,218,Car Enthusiast Community,297
porsche,218,Car Enthusiast Community,282
carcommunity,218,Car Enthusiast Community,250
corvette,218,Car Enthusiast Community,232
camaro,218,Car Enthusiast Community,208
nissan,218,Car Enthusiast Community,206
carguy,218,Car Enthusiast Community,204
auto,218,Car Enthusiast Community,156
cargirl,218,Car Enthusiast Community,141
mechanicsoftiktok,218,Car Enthusiast Community,132
carbonfiber,218,Car Enthusiast Community,124
widebody,218,Car Enthusiast Community,99
carslover,218,Car Enthusiast Community,94
jdmcarsoftiktok,218,Car Enthusiast Community,89
carlover,218,Car Enthusiast Community,87
husbandwife,219,Relationship Prank Comedy,752
wife,219,Relationship Prank Comedy,578
rizz,219,Relationship Prank Comedy,350
funnyprank,219,Relationship Prank Comedy,288
pranks,219,Relationship Prank Comedy,271
fart,219,Relationship Prank Comedy,137
trynottolaugh,219,Relationship Prank Comedy,136
aprilfools,219,Relationship Prank Comedy,77
prankwars,219,Relationship Prank Comedy,69
fettywap,219,Relationship Prank Comedy,40
justjoseph,219,Relationship Prank Comedy,10
wlw,220,LGBTQ+ Humor & Community,1145
queer,220,LGBTQ+ Humor & Community,282
lesbian,220,LGBTQ+ Humor & Community,247
dragrace,220,LGBTQ+ Humor & Community,165
wlwcouple,220,LGBTQ+ Humor & Community,145
gaytiktok,220,LGBTQ+ Humor & Community,138
wlwtiktok,220,LGBTQ+ Humor & Community,137
studsoftiktok,220,LGBTQ+ Humor & Community,136
transman,220,LGBTQ+ Humor & Community,85
masc,220,LGBTQ+ Humor & Community,82
femsoftiktok,220,LGBTQ+ Humor & Community,75
thesundaye,220,LGBTQ+ Humor & Community,40
chrisbrown,221,Music Concerts & Events,377
chrisbrownofficial,221,Music Concerts & Events,147
1111tour,221,Music Concerts & Events,141
teambreezy,221,Music Concerts & Events,105
breezy,221,Music Concerts & Events,102
chrisbrownconcert,221,Music Concerts & Events,91
1111,221,Music Concerts & Events,84
chrisbrownfans,221,Music Concerts & Events,45
chrisbrowntiktok,221,Music Concerts & Events,38
chrisbreezy,221,Music Concerts & Events,29
cb,221,Music Concerts & Events,28
chrisbrowntour,221,Music Concerts & Events,28
breezybowl,221,Music Concerts & Events,22
1111tour2024,221,Music Concerts & Events,19
residuals,221,Music Concerts & Events,19
chrisbrowntour2024,221,Music Concerts & Events,17
cbreezy,221,Music Concerts & Events,12
teambreezy4life,221,Music Concerts & Events,10
asmrsounds,222,Food & Eating,2079
mukbangeatingshow,222,Food & Eating,997
asmreating,222,Food & Eating,478
asmrfood,222,Food & Eating,446
eatingsounds,222,Food & Eating,328
crunchy,222,Food & Eating,277
mukbangs,222,Food & Eating,274
letseat,222,Food & Eating,181
eatingshowasmr,222,Food & Eating,174
watchmeeat,222,Food & Eating,162
crunchyasmr,222,Food & Eating,140
kpopfyp,223,K-Pop Fan Culture,735
enhypen,223,K-Pop Fan Culture,353
seventeen,223,K-Pop Fan Culture,250
twice,223,K-Pop Fan Culture,234
ateez,223,K-Pop Fan Culture,230
txt,223,K-Pop Fan Culture,197
kpopedit,223,K-Pop Fan Culture,134
engene,223,K-Pop Fan Culture,133
svt,223,K-Pop Fan Culture,129
kpopfypシ,223,K-Pop Fan Culture,128
nct,223,K-Pop Fan Culture,124
kpopconcert,223,K-Pop Fan Culture,113
kpoptiktok,223,K-Pop Fan Culture,112
atiny,223,K-Pop Fan Culture,106
tomorrow_x_together,223,K-Pop Fan Culture,105
aespa,223,K-Pop Fan Culture,105
carat,223,K-Pop Fan Culture,89
heeseung,223,K-Pop Fan Culture,89
moa,223,K-Pop Fan Culture,67
soobin,223,K-Pop Fan Culture,64
p1harmony,223,K-Pop Fan Culture,58
kpopstan,223,K-Pop Fan Culture,55
kpopdance,223,K-Pop Fan Culture,53
eat,224,Food & ASMR,334
crumbl,224,Food & ASMR,212
foodblogger,224,Food & ASMR,201
losangelesfood,224,Food & ASMR,79
cartoon,225,Cartoon Kids Content,535
tea,225,Cartoon Kids Content,334
cartoonnetwork,225,Cartoon Kids Content,177
teapage,225,Cartoon Kids Content,48
cartoonforkids,225,Cartoon Kids Content,37
foruyou_page,225,Cartoon Kids Content,28
chil,225,Cartoon Kids Content,26
mehandidesign,225,Cartoon Kids Content,25
mehandiart,225,Cartoon Kids Content,25
motupatlu,225,Cartoon Kids Content,24
cartoonforchildren,225,Cartoon Kids Content,21
cartoonvideos,225,Cartoon Kids Content,21
cartoontiktokvideos,225,Cartoon Kids Content,21
cartoonkidsvideos,225,Cartoon Kids Content,20
cartoonmovieclips,225,Cartoon Kids Content,20
cartoonsfunnyvideo,225,Cartoon Kids Content,15
ashtrevino,226,True Crime Podcasts,193
shawtybae,226,True Crime Podcasts,177
willito,226,True Crime Podcasts,169
ashleytrevino,226,True Crime Podcasts,134
shawtybaeofficial,226,True Crime Podcasts,105
inmatehopper,226,True Crime Podcasts,95
benjychavez,226,True Crime Podcasts,64
odette,226,True Crime Podcasts,45
wendolynortiz,226,True Crime Podcasts,41
mabellrodriguez,226,True Crime Podcasts,24
mabelltips,226,True Crime Podcasts,24
wendyeve,226,True Crime Podcasts,23
inmatehopperash,226,True Crime Podcasts,23
mamachismosaa,226,True Crime Podcasts,21
wendolyn,226,True Crime Podcasts,18
dancing,227,Swing Dance Comedy,842
party,227,Swing Dance Comedy,504
bachata,227,Swing Dance Comedy,256
mood,227,Swing Dance Comedy,242
westcoastswing,227,Swing Dance Comedy,82
swing,227,Swing Dance Comedy,70
wcs,227,Swing Dance Comedy,64
swingdance,227,Swing Dance Comedy,55
partnerdance,227,Swing Dance Comedy,53
ballroomdance,227,Swing Dance Comedy,49
dancelife,227,Swing Dance Comedy,42
wcswing,227,Swing Dance Comedy,41
modernswing,227,Swing Dance Comedy,40
socialdance,227,Swing Dance Comedy,39
lindyhop,227,Swing Dance Comedy,33
swingdancers,227,Swing Dance Comedy,30
westcoastswingmoments,227,Swing Dance Comedy,26
miamibeach,228,Travel & Tourism,334
southflorida,228,Travel & Tourism,194
fortlauderdale,228,Travel & Tourism,143
miamilife,228,Travel & Tourism,121
miamiflorida,228,Travel & Tourism,77
brickell,228,Travel & Tourism,71
lululemon,229,Preppy Lifestyle Content,256
preppy,229,Preppy Lifestyle Content,160
ducati,229,Preppy Lifestyle Content,100
preppyaesthetic,229,Preppy Lifestyle Content,64
type1diabetes,229,Preppy Lifestyle Content,36
emmanuel,229,Preppy Lifestyle Content,35
diabetestipo1,229,Preppy Lifestyle Content,35
lululemonaddict,229,Preppy Lifestyle Content,34
diabetesinfantil,229,Preppy Lifestyle Content,33
preppylifestyle,229,Preppy Lifestyle Content,28
miguerrero,229,Preppy Lifestyle Content,26
preppyoutfits,229,Preppy Lifestyle Content,22
floptokslay,229,Preppy Lifestyle Content,22
floptock,229,Preppy Lifestyle Content,22
countyjailchronicles,229,Preppy Lifestyle Content,20
preppyvsco,229,Preppy Lifestyle Content,17
bikerlifestyle,229,Preppy Lifestyle Content,16
preppytok,229,Preppy Lifestyle Content,13
preppygirl,229,Preppy Lifestyle Content,10
preppygoals,229,Preppy Lifestyle Content,10
preppygoviralplz,229,Preppy Lifestyle Content,10
preppygirls,229,Preppy Lifestyle Content,10
marines,230,Relationship & Art,447
sonicthehedgehog,230,Relationship & Art,216
usmc,230,Relationship & Art,191
jobs,230,Relationship & Art,179
actors,230,Relationship & Art,128
marine,230,Relationship & Art,116
marinecorps,230,Relationship & Art,94
howtodraw,230,Relationship & Art,90
bloopers,230,Relationship & Art,89
digitalartist,230,Relationship & Art,70
audition,230,Relationship & Art,63
drillinstructor,230,Relationship & Art,19
scenes,230,Relationship & Art,15
unscripted,230,Relationship & Art,11
sonicthehedgehogfanart,230,Relationship & Art,6
chiefskingdom,231,"Sports, Football Analysis",118
bills,231,"Sports, Football Analysis",80
detroitlions,231,"Sports, Football Analysis",74
ravens,231,"Sports, Football Analysis",71
steelers,231,"Sports, Football Analysis",70
nfledits,231,"Sports, Football Analysis",56
buffalobills,231,"Sports, Football Analysis",47
billsmafia,231,"Sports, Football Analysis",43
joshallen,231,"Sports, Football Analysis",39
tennesseetitans,231,"Sports, Football Analysis",28
downtown,232,Chicago Food Culture,171
lildurk,232,Chicago Food Culture,110
stpatricksday,232,Chicago Food Culture,87
oblock,232,Chicago Food Culture,67
chicagorestaurants,232,Chicago Food Culture,62
chiraq,232,Chicago Food Culture,52
unitedcenter,232,Chicago Food Culture,52
chicagoeats,232,Chicago Food Culture,46
chicagothingstodo,232,Chicago Food Culture,43
chiefkeef,232,Chicago Food Culture,41
summersmash,232,Chicago Food Culture,35
chicagonews,232,Chicago Food Culture,32
chicagoriver,232,Chicago Food Culture,32
jdramirez,232,Chicago Food Culture,29
chicagodowntown,232,Chicago Food Culture,27
chicagobucketlist,232,Chicago Food Culture,27
downtownchicago,232,Chicago Food Culture,27
luciacornejo,232,Chicago Food Culture,25
chicagoapartment,232,Chicago Food Culture,17
asmrvideo,233,ASMR Relaxation Content,1305
asmrtiktoks,233,ASMR Relaxation Content,602
relaxing,233,ASMR Relaxation Content,397
organization,233,ASMR Relaxation Content,276
sounds,233,ASMR Relaxation Content,191
cut,233,ASMR Relaxation Content,182
satisfy,233,ASMR Relaxation Content,158
satisfyingsounds,233,ASMR Relaxation Content,133
asmr_tingles,233,ASMR Relaxation Content,126
herculescandy,233,ASMR Relaxation Content,122
sugar,233,ASMR Relaxation Content,119
syracuseny,233,ASMR Relaxation Content,111
cutting,233,ASMR Relaxation Content,70
balls,233,ASMR Relaxation Content,50
dancetok,234,Entertainment & Dance,147
ballerina,234,Entertainment & Dance,135
swfl,234,Entertainment & Dance,105
ballettok,234,Entertainment & Dance,103
tiktokdance,234,Entertainment & Dance,98
capecoral,234,Entertainment & Dance,61
117,234,Entertainment & Dance,48
mentalhealthmatters,235,Mental Health Support,363
anxiety,235,Mental Health Support,325
therapy,235,Mental Health Support,312
hope,235,Mental Health Support,275
trauma,235,Mental Health Support,256
mentalhealthawareness,235,Mental Health Support,218
recovery,235,Mental Health Support,177
struggle,235,Mental Health Support,120
ptsd,235,Mental Health Support,97
therapistsontiktok,235,Mental Health Support,85
sober,235,Mental Health Support,84
fact,235,Mental Health Support,78
addiction,235,Mental Health Support,76
sobriety,235,Mental Health Support,66
addictionrecovery,235,Mental Health Support,52
bamf,235,Mental Health Support,48
ocd,235,Mental Health Support,42
addictionawareness,235,Mental Health Support,36
golf,236,Sports & Golf,738
golftiktok,236,Sports & Golf,338
golftok,236,Sports & Golf,214
drinks,236,Sports & Golf,140
golfswing,236,Sports & Golf,135
usopen,236,Sports & Golf,128
pgatour,236,Sports & Golf,127
themasters,236,Sports & Golf,127
golfer,236,Sports & Golf,115
golfing,236,Sports & Golf,90
masters,236,Sports & Golf,79
cocktails,236,Sports & Golf,76
minigolf,236,Sports & Golf,71
golflife,236,Sports & Golf,70
golftips,236,Sports & Golf,65
pga,236,Sports & Golf,63
tigerwoods,236,Sports & Golf,62
golfcourse,236,Sports & Golf,56
rorymcilroy,236,Sports & Golf,38
cartgirl,236,Sports & Golf,24
goodgood,236,Sports & Golf,24
holeinone,236,Sports & Golf,23
bevcart,236,Sports & Golf,22
puttputt,236,Sports & Golf,21
golfers,236,Sports & Golf,19
golfshot,236,Sports & Golf,17
birdie,236,Sports & Golf,15
fnaf,237,Horror Game Content,539
fivenightsatfreddys,237,Horror Game Content,245
fivenightsatfreddy,237,Horror Game Content,119
fnafmovie,237,Horror Game Content,109
fnafedit,237,Horror Game Content,86
williamafton,237,Horror Game Content,76
markiplier,237,Horror Game Content,75
freddyfazbear,237,Horror Game Content,65
bonnie,237,Horror Game Content,51
springtrap,237,Horror Game Content,48
chica,237,Horror Game Content,46
fnaf2,237,Horror Game Content,45
foxy,237,Horror Game Content,43
fnafsecuritybreach,237,Horror Game Content,42
freddy,237,Horror Game Content,42
matthewlillard,237,Horror Game Content,33
securitybreach,237,Horror Game Content,31
fnaf4,237,Horror Game Content,30
fivenightsatfreddysedit,237,Horror Game Content,29
fnafcosplay,237,Horror Game Content,28
fnaf1,237,Horror Game Content,23
goldenfreddy,237,Horror Game Content,22
storm,238,Outdoor Landscaping,387
rain,238,Outdoor Landscaping,323
weird,238,Outdoor Landscaping,191
johndeere,238,Outdoor Landscaping,148
trees,238,Outdoor Landscaping,108
tractor,238,Outdoor Landscaping,98
sky,238,Outdoor Landscaping,95
maintenance,238,Outdoor Landscaping,51
clouds,238,Outdoor Landscaping,46
nose,238,Outdoor Landscaping,44
beaches,238,Outdoor Landscaping,35
drain,238,Outdoor Landscaping,28
sinusrelief,238,Outdoor Landscaping,20
arborist,238,Outdoor Landscaping,17
watersports,238,Outdoor Landscaping,16
mulching,238,Outdoor Landscaping,16
rainstorm,238,Outdoor Landscaping,15
tractorlovers,238,Outdoor Landscaping,7
overgrown,238,Outdoor Landscaping,5
mow,238,Outdoor Landscaping,5
riverwave,238,Outdoor Landscaping,5
booger,238,Outdoor Landscaping,5
yearly,238,Outdoor Landscaping,1
american,239,Travel & Culture,463
sueñoamericano,239,Travel & Culture,271
inmigrantes,239,Travel & Culture,264
migrantes,239,Travel & Culture,180
hispanosenusa,240,Latin American Humor,193
para,240,Latin American Humor,178
mexicanosenusa,240,Latin American Humor,175
lostigresdelnorte,240,Latin American Humor,83
alexproduxionez,240,Latin American Humor,74
destacar,240,Latin American Humor,69
lostemerariosfan,240,Latin American Humor,66
hispanosenestadosunidos,240,Latin American Humor,55
temerariosporsiempre,240,Latin American Humor,41
ty,240,Latin American Humor,41
twitch,241,Miraculous Fan Art,286
956valley,241,Miraculous Fan Art,154
roadto10k,241,Miraculous Fan Art,136
bangs,241,Miraculous Fan Art,122
miraculousladybug,241,Miraculous Fan Art,88
miraculous,241,Miraculous Fan Art,77
littlesister,241,Miraculous Fan Art,58
gonewrong,241,Miraculous Fan Art,56
zamarripafamily,241,Miraculous Fan Art,39
palmview956,241,Miraculous Fan Art,33
flightreacts,241,Miraculous Fan Art,29
zamarripasisters,241,Miraculous Fan Art,28
memetok,241,Miraculous Fan Art,27
basketballedit,241,Miraculous Fan Art,20
bangstutorial,241,Miraculous Fan Art,19
katheu,241,Miraculous Fan Art,14
funnymemevideos,241,Miraculous Fan Art,12
hatersmakemefamous,241,Miraculous Fan Art,12
mlbs6spoilers,241,Miraculous Fan Art,7
miraculous2025,241,Miraculous Fan Art,4
استغفرالله,241,Miraculous Fan Art,4
crickettalk,241,Miraculous Fan Art,2
palmviewsisters,241,Miraculous Fan Art,1
рек,243,Ukrainian American Life,357
recommendations,243,Ukrainian American Life,333
сша,243,Ukrainian American Life,274
америка,243,Ukrainian American Life,197
on,243,Ukrainian American Life,172
contemporaryart,243,Ukrainian American Life,116
rec,243,Ukrainian American Life,96
реки,243,Ukrainian American Life,80
хочуврек,243,Ukrainian American Life,73
українськийтікток,243,Ukrainian American Life,66
рекомендації,243,Ukrainian American Life,57
тренд,243,Ukrainian American Life,56
українцізакордоном,243,Ukrainian American Life,51
elbruso,243,Ukrainian American Life,51
мем,243,Ukrainian American Life,49
врек,243,Ukrainian American Life,44
українцівсша,243,Ukrainian American Life,37
жиза,243,Ukrainian American Life,35
українськаозвучка,243,Ukrainian American Life,33
глобальныерекомендации,243,Ukrainian American Life,33
тіктокукраїнською,243,Ukrainian American Life,31
українцівамериці,243,Ukrainian American Life,30
переписка,243,Ukrainian American Life,28
актив,243,Ukrainian American Life,26
тіктокукраїна,243,Ukrainian American Life,24
українці,243,Ukrainian American Life,12
ucla,244,College Life & Admissions,162
usc,244,College Life & Admissions,151
premed,244,College Life & Admissions,129
freshman,244,College Life & Admissions,92
frat,244,College Life & Admissions,87
uga,244,College Life & Admissions,61
professor,244,College Life & Admissions,60
dormtour,244,College Life & Admissions,53
collegedecision,244,College Life & Admissions,42
collegeacceptance,244,College Life & Admissions,38
admissions,244,College Life & Admissions,36
ucberkeley,244,College Life & Admissions,34
utk,244,College Life & Admissions,32
ivyroadmap,244,College Life & Admissions,20
foodcritic,245,Food Review Videos,444
tastetest,245,Food Review Videos,422
walmartfinds,245,Food Review Videos,249
snack,245,Food Review Videos,235
groceryhaul,245,Food Review Videos,145
snackreview,245,Food Review Videos,52
morganchomps,245,Food Review Videos,42
newfood,245,Food Review Videos,24
stories,246,Literary Storytelling,219
novelshort,246,Literary Storytelling,205
novelmaster,246,Literary Storytelling,192
novel,246,Literary Storytelling,184
cheater,246,Literary Storytelling,181
tumblr,246,Literary Storytelling,119
text,246,Literary Storytelling,115
texting,246,Literary Storytelling,102
qna,246,Literary Storytelling,77
textingstory,246,Literary Storytelling,54
teatok,246,Literary Storytelling,46
makeupstorytime,246,Literary Storytelling,34
storytimevideos,246,Literary Storytelling,32
textingstories,246,Literary Storytelling,31
igeestatus,246,Literary Storytelling,29
findyourjoy,246,Literary Storytelling,28
disneyland,247,Theme Park Travel,1909
disneyworld,247,Theme Park Travel,1557
waltdisneyworld,247,Theme Park Travel,635
magickingdom,247,Theme Park Travel,507
wdw,247,Theme Park Travel,404
disneyadult,247,Theme Park Travel,401
hollywoodstudios,247,Theme Park Travel,337
disneytok,247,Theme Park Travel,216
distok,247,Theme Park Travel,216
themeparks,247,Theme Park Travel,182
disneyfood,247,Theme Park Travel,159
disneysprings,247,Theme Park Travel,130
disneypins,247,Theme Park Travel,124
centralflorida,247,Theme Park Travel,119
disneyvacation,247,Theme Park Travel,115
disneytips,247,Theme Park Travel,114
disneyresort,247,Theme Park Travel,108
disneytrip,247,Theme Park Travel,92
disneypintrading,247,Theme Park Travel,88
pintrading,247,Theme Park Travel,75
gift,248,Home Improvement Projects,318
dollartree,248,Home Improvement Projects,291
crafts,248,Home Improvement Projects,278
woodworking,248,Home Improvement Projects,247
diyhomedecor,248,Home Improvement Projects,143
dollartreediy,248,Home Improvement Projects,112
doityourself,248,Home Improvement Projects,72
diycraft,248,Home Improvement Projects,70
metalwork,248,Home Improvement Projects,68
diyhome,248,Home Improvement Projects,58
weldingart,248,Home Improvement Projects,35
dragonball,249,Anime and Manga,193
goku,249,Anime and Manga,160
dragonballz,249,Anime and Manga,160
dbz,249,Anime and Manga,142
hunterxhunter,249,Anime and Manga,93
hxh,249,Anime and Manga,84
vegeta,249,Anime and Manga,66
dbs,249,Anime and Manga,63
dragonballsuper,249,Anime and Manga,61
erenjaeger,249,Anime and Manga,43
leviackerman,249,Anime and Manga,41
eren,249,Anime and Manga,39
mikasa,249,Anime and Manga,33
levi,249,Anime and Manga,31
mikasaackerman,249,Anime and Manga,30
attackontitanseason4,249,Anime and Manga,29
aotseason4,249,Anime and Manga,27
erenyeager,249,Anime and Manga,25
armin,249,Anime and Manga,23
arminarlert,249,Anime and Manga,22
apothecarydiaries,249,Anime and Manga,18
getreadywithme,250,Beauty & LGBTQ+,247
grwmroutine,250,Beauty & LGBTQ+,231
makeuproutine,250,Beauty & LGBTQ+,163
grwmmakeup,250,Beauty & LGBTQ+,155
loveislove,250,Beauty & LGBTQ+,129
wuhluhwuh,250,Beauty & LGBTQ+,108
bi,250,Beauty & LGBTQ+,86
boygenius,250,Beauty & LGBTQ+,59
julienbaker,250,Beauty & LGBTQ+,39
lgbtqtiktok,250,Beauty & LGBTQ+,37
chitchat,250,Beauty & LGBTQ+,28
queertok,250,Beauty & LGBTQ+,27
gaycouple,250,Beauty & LGBTQ+,21
lgbtqcommunity,250,Beauty & LGBTQ+,14
transcommunity,250,Beauty & LGBTQ+,8
transisbeautiful,250,Beauty & LGBTQ+,5
blondehair,251,Beauty & Hair Care,208
haireducation,251,Beauty & Hair Care,174
hairconsultation,251,Beauty & Hair Care,171
balayage,251,Beauty & Hair Care,169
hairtrends,251,Beauty & Hair Care,113
cambiodelook,251,Beauty & Hair Care,65
foryoupagе,252,Entertainment & Comedy,513
vira,252,Entertainment & Comedy,298
instagood,252,Entertainment & Comedy,281
viralreels,252,Entertainment & Comedy,273
viralvideotiktok,252,Entertainment & Comedy,236
reelsinstagram,252,Entertainment & Comedy,227
trendingreels,252,Entertainment & Comedy,217
viralpost,252,Entertainment & Comedy,171
sytisfying,252,Entertainment & Comedy,20
hydrulicpress,252,Entertainment & Comedy,11
teacher,253,Education & Teaching,847
middleschool,253,Education & Teaching,167
teachers,253,Education & Teaching,159
students,253,Education & Teaching,117
teaching,253,Education & Teaching,110
elementaryschool,253,Education & Teaching,100
classroom,253,Education & Teaching,88
teachersbelike,253,Education & Teaching,83
spanishteacher,253,Education & Teaching,75
elementaryteacher,253,Education & Teaching,65
teacherhumor,253,Education & Teaching,62
highschoolteacher,253,Education & Teaching,62
teachertiktok,253,Education & Teaching,49
tiktokteacher,253,Education & Teaching,48
maestra,253,Education & Teaching,48
teacherproblems,253,Education & Teaching,47
teachersontiktok,253,Education & Teaching,46
middleschoolteacher,253,Education & Teaching,46
firstgrade,253,Education & Teaching,40
blackteachersontiktok,253,Education & Teaching,34
dreads,254,Beauty & Hair,172
locjourney,254,Beauty & Hair,117
starterlocs,254,Beauty & Hair,114
locstylesforwomen,254,Beauty & Hair,100
dreadhead,254,Beauty & Hair,98
locsoftiktok,254,Beauty & Hair,97
loctician,254,Beauty & Hair,71
retwist,254,Beauty & Hair,68
twostrandtwist,254,Beauty & Hair,53
dreadlocks,254,Beauty & Hair,52
locstylesformen,254,Beauty & Hair,44
locsjourney,254,Beauty & Hair,42
microlocs,254,Beauty & Hair,42
atlloctician,254,Beauty & Hair,41
womenwithlocs,254,Beauty & Hair,38
womenlocstyles,254,Beauty & Hair,34
thelocladysc,254,Beauty & Hair,32
houstonloctician,254,Beauty & Hair,32
locstylist,254,Beauty & Hair,29
atllocs,254,Beauty & Hair,26
locsatlanta,254,Beauty & Hair,26
locstutorial,254,Beauty & Hair,25
locretwist,254,Beauty & Hair,25
locnation,254,Beauty & Hair,24
locrepair,254,Beauty & Hair,23
curlylocs,254,Beauty & Hair,18
locstylesforkids,254,Beauty & Hair,14
xyzbcafypシ,255,Digital Art & Animation,288
alien,255,Digital Art & Animation,241
carlovers,255,Digital Art & Animation,111
philosophy,255,Digital Art & Animation,107
clipstudiopaint,255,Digital Art & Animation,61
battlerap,255,Digital Art & Animation,46
bodycamera,255,Digital Art & Animation,32
notblaunt2,255,Digital Art & Animation,25
copcam,255,Digital Art & Animation,17
renderingprocess,255,Digital Art & Animation,16
mothcore,255,Digital Art & Animation,13
mwcars,255,Digital Art & Animation,13
memes,256,Skateboarding Culture,1206
ohio,256,Skateboarding Culture,625
aura,256,Skateboarding Culture,323
sigma,256,Skateboarding Culture,264
skate,256,Skateboarding Culture,211
skateboarding,256,Skateboarding Culture,99
skater,256,Skateboarding Culture,97
sk8,256,Skateboarding Culture,67
hater,256,Skateboarding Culture,53
gyatt,256,Skateboarding Culture,49
rizzgod,256,Skateboarding Culture,48
skatepark,256,Skateboarding Culture,46
skatelife,256,Skateboarding Culture,46
skateboardingisfun,256,Skateboarding Culture,38
skatersoftiktok,256,Skateboarding Culture,38
kickflip,256,Skateboarding Culture,21
poser,256,Skateboarding Culture,18
skateordie,256,Skateboarding Culture,16
brojustlandit,256,Skateboarding Culture,14
treflip,256,Skateboarding Culture,14
airforce,257,Military Life & Culture,642
navy,257,Military Life & Culture,476
miltok,257,Military Life & Culture,440
usarmy,257,Military Life & Culture,280
militarytiktok,257,Military Life & Culture,252
militarylife,257,Military Life & Culture,246
armylife,257,Military Life & Culture,109
coastguard,257,Military Life & Culture,95
specialforces,257,Military Life & Culture,85
nationalguard,257,Military Life & Culture,79
basictraining,257,Military Life & Culture,73
usaf,257,Military Life & Culture,69
militaryhumor,257,Military Life & Culture,59
usmilitary,257,Military Life & Culture,58
miltokcommunity,257,Military Life & Culture,41
drillsergeant,257,Military Life & Culture,37
tiktokmiltok,257,Military Life & Culture,34
airborne,257,Military Life & Culture,31
fortjackson,257,Military Life & Culture,24
ait,257,Military Life & Culture,19
fypシviraltiktokmyvideo,258,Music Concerts,105
grupofrontera,258,Music Concerts,95
fypviraシviral,258,Music Concerts,4
conciertofalso,258,Music Concerts,1
podcast,259,Comedy & Interviews,1087
podcastclips,259,Comedy & Interviews,202
clip,259,Comedy & Interviews,181
alixearle,259,Comedy & Interviews,111
hottakes,259,Comedy & Interviews,99
subwaytakes,259,Comedy & Interviews,90
sotrue,259,Comedy & Interviews,64
hotmess,259,Comedy & Interviews,50
diaryofaceo,259,Comedy & Interviews,50
podcastshow,259,Comedy & Interviews,50
realidad,259,Comedy & Interviews,45
podcasting,259,Comedy & Interviews,28
anim,259,Comedy & Interviews,23
standup,260,Comedy & Entertainment,389
standupcomedy,260,Comedy & Entertainment,375
improv,260,Comedy & Entertainment,152
crowdwork,260,Comedy & Entertainment,85
discovery,260,Comedy & Entertainment,54
standupcomedian,260,Comedy & Entertainment,40
comedyclub,260,Comedy & Entertainment,38
martinamini,260,Comedy & Entertainment,31
mattrife,260,Comedy & Entertainment,31
peteholmes,260,Comedy & Entertainment,26
improvcomedyclubs,260,Comedy & Entertainment,23
ring,261,Handmade Jewelry Creations,185
handmadejewelry,261,Handmade Jewelry Creations,144
rings,261,Handmade Jewelry Creations,111
engagementrings,261,Handmade Jewelry Creations,81
weddingring,261,Handmade Jewelry Creations,78
jewellery,261,Handmade Jewelry Creations,75
diamondring,261,Handmade Jewelry Creations,75
handcrafted,261,Handmade Jewelry Creations,71
jewelrybusiness,261,Handmade Jewelry Creations,68
jewelrymaking,261,Handmade Jewelry Creations,67
craftsmanship,261,Handmade Jewelry Creations,59
handcraftedjewelry,261,Handmade Jewelry Creations,46
diamondrings,261,Handmade Jewelry Creations,41
foryoupag,262,Viral TikTok Videos,219
novios,262,Viral TikTok Videos,151
sanjudastadeo,262,Viral TikTok Videos,137
mydolcemoment,262,Viral TikTok Videos,120
dinero,262,Viral TikTok Videos,104
fridaynightfunkin,262,Viral TikTok Videos,30
fop,262,Viral TikTok Videos,24
famousbiggs,262,Viral TikTok Videos,19
carlamecinas2,262,Viral TikTok Videos,4
largavida,262,Viral TikTok Videos,2
efectivo,262,Viral TikTok Videos,2
interezadas,262,Viral TikTok Videos,1
fridaynightfunkinbaddies,262,Viral TikTok Videos,1
quickweave,263,Beauty & Hair Care,247
hairgrowth,263,Beauty & Hair Care,204
silkpress,263,Beauty & Hair Care,190
natural,263,Beauty & Hair Care,146
blackgirlhairstyles,263,Beauty & Hair Care,139
blackhair,263,Beauty & Hair Care,138
4chair,263,Beauty & Hair Care,111
valentines,264,Gift Guides & Crafts,178
valentine,264,Gift Guides & Crafts,120
valentinesdaygift,264,Gift Guides & Crafts,117
chocolatecoveredstrawberries,264,Gift Guides & Crafts,114
giftsforher,264,Gift Guides & Crafts,86
sanvalentin,264,Gift Guides & Crafts,68
vday,264,Gift Guides & Crafts,66
galentinesday,264,Gift Guides & Crafts,53
galentines,264,Gift Guides & Crafts,40
14defebrero,264,Gift Guides & Crafts,36
valentinesdaygiftideas,264,Gift Guides & Crafts,35
happyvalentinesday,264,Gift Guides & Crafts,31
valentinesdecor,264,Gift Guides & Crafts,20
jisoo,265,K-Pop Music Festival,91
rosé,265,K-Pop Music Festival,82
lalisa,265,K-Pop Music Festival,70
mayhem,265,K-Pop Music Festival,64
gagachella,265,K-Pop Music Festival,49
pinkchella,265,K-Pop Music Festival,29
devourpower,266,Food & Restaurant,781
nycfood,266,Food & Restaurant,740
foodblog,266,Food & Restaurant,557
burger,266,Food & Restaurant,346
nycfoodblog,266,Food & Restaurant,250
nycfoodies,266,Food & Restaurant,165
macncheese,266,Food & Restaurant,157
devour,266,Food & Restaurant,148
birds,267,Outdoor Adventure Photography,228
forest,267,Outdoor Adventure Photography,196
naturevibes,267,Outdoor Adventure Photography,121
naturelover,267,Outdoor Adventure Photography,118
fashiontiktok,268,Fashion & Style,760
outfitideas,268,Fashion & Style,445
fitcheck,268,Fashion & Style,337
tiktokfashion,268,Fashion & Style,317
styletips,268,Fashion & Style,194
fashioninspo,268,Fashion & Style,136
ootdfashion,268,Fashion & Style,100
fashionhacks,268,Fashion & Style,94
clothingbrand,268,Fashion & Style,91
fashiondesigner,268,Fashion & Style,87
fashiontips,268,Fashion & Style,79
womensfashion,268,Fashion & Style,65
styletok,268,Fashion & Style,61
stylesnap,268,Fashion & Style,22
song,269,Electronic Music Production,1394
100k,269,Electronic Music Production,600
remix,269,Electronic Music Production,404
virał,269,Electronic Music Production,285
phonk,269,Electronic Music Production,236
aveeplayer,269,Electronic Music Production,218
unfreezmyaccount,269,Electronic Music Production,174
useheadphones,269,Electronic Music Production,132
2m,269,Electronic Music Production,127
frypgシ,269,Electronic Music Production,119
bassboosted,269,Electronic Music Production,102
fullsong,269,Electronic Music Production,83
bassbossted,269,Electronic Music Production,78
relaxedbeats7,269,Electronic Music Production,69
improvbroadway,269,Electronic Music Production,69
musicalmonday,269,Electronic Music Production,55
slowreverb,269,Electronic Music Production,54
ali_edits_114,269,Electronic Music Production,52
marriage,270,Relationship & Dating,992
men,270,Relationship & Dating,460
single,270,Relationship & Dating,411
datingstorytime,270,Relationship & Dating,124
datingadviceforwomen,270,Relationship & Dating,121
datinglife,270,Relationship & Dating,110
datingapps,270,Relationship & Dating,95
anxiousattachment,270,Relationship & Dating,93
sprinklesprinkle,270,Relationship & Dating,73
relationshipcoach,270,Relationship & Dating,54
onlinedating,270,Relationship & Dating,53
thedesirabletruth,270,Relationship & Dating,31
datingapp,270,Relationship & Dating,29
minecraft,271,Gaming & Entertainment,583
ps5,271,Gaming & Entertainment,317
minecraftmemes,271,Gaming & Entertainment,121
minecraftmovie,271,Gaming & Entertainment,87
jackblack,271,Gaming & Entertainment,58
minecraftbuilding,271,Gaming & Entertainment,51
minecrafttutorial,271,Gaming & Entertainment,45
minecraftbedrock,271,Gaming & Entertainment,43
chickenjockey,271,Gaming & Entertainment,41
mc,271,Gaming & Entertainment,38
minecrafter,271,Gaming & Entertainment,32
bedrockedition,271,Gaming & Entertainment,26
mcpe,271,Gaming & Entertainment,20
minecraftpe,271,Gaming & Entertainment,20
iamsteve,271,Gaming & Entertainment,18
minecraftsurvival,271,Gaming & Entertainment,16
pillarsoffortune,271,Gaming & Entertainment,14
minecraftseed,271,Gaming & Entertainment,13
cubecraft,271,Gaming & Entertainment,13
java,271,Gaming & Entertainment,13
knicks,272,NBA Editing Content,112
nba2k,272,NBA Editing Content,93
nbafinals,272,NBA Editing Content,85
celtics,272,NBA Editing Content,83
pacers,272,NBA Editing Content,76
lukadoncic,272,NBA Editing Content,75
dallasmavericks,272,NBA Editing Content,70
anthonyedwards,272,NBA Editing Content,60
timberwolves,272,NBA Editing Content,58
orlandomagic,272,NBA Editing Content,38
newyorkknicks,272,NBA Editing Content,37
denvernuggets,272,NBA Editing Content,33
jalenbrunson,272,NBA Editing Content,33
nbahighlights,272,NBA Editing Content,30
tyresehaliburton,272,NBA Editing Content,26
halloween,273,Horror Comedy Content,2110
costume,273,Horror Comedy Content,275
october,273,Horror Comedy Content,202
halloweendecor,273,Horror Comedy Content,170
halloween2023,273,Horror Comedy Content,153
hhn,273,Horror Comedy Content,131
halloweenhorrornights,273,Horror Comedy Content,114
halloweenmakeup,273,Horror Comedy Content,107
michaelmyers,273,Horror Comedy Content,104
halloweentok,273,Horror Comedy Content,100
nightmarebeforechristmas,273,Horror Comedy Content,98
costumeideas,273,Horror Comedy Content,89
trickortreat,273,Horror Comedy Content,71
spirithalloween,273,Horror Comedy Content,65
halloweekend,273,Horror Comedy Content,46
adopt,274,Dog Training & Comedy,223
goodnews,274,Dog Training & Comedy,158
husky,274,Dog Training & Comedy,150
canecorso,274,Dog Training & Comedy,124
tactical,274,Dog Training & Comedy,89
malinois,274,Dog Training & Comedy,88
bigdog,274,Dog Training & Comedy,67
guarddog,274,Dog Training & Comedy,54
k9unit,274,Dog Training & Comedy,49
positivecontent,274,Dog Training & Comedy,45
trainingdog,274,Dog Training & Comedy,21
lashextensions,275,Beauty & Makeup,210
microinfluencer,275,Beauty & Makeup,171
lashartist,275,Beauty & Makeup,122
wispylashes,275,Beauty & Makeup,87
smallcontentcreator,275,Beauty & Makeup,78
lashtok,275,Beauty & Makeup,76
ugccreator,275,Beauty & Makeup,70
volumelashes,275,Beauty & Makeup,62
contentcreatortips,275,Beauty & Makeup,56
lashtutorial,275,Beauty & Makeup,55
lashesoftiktok,275,Beauty & Makeup,41
tiktokgrowth,275,Beauty & Makeup,41
beginnerlashtech,275,Beauty & Makeup,32
pestañas,275,Beauty & Makeup,30
lashistaprofesional,275,Beauty & Makeup,21
kidsbelike,276,Student Life Vlogs,151
riddle,276,Student Life Vlogs,120
hbcupride,276,Student Life Vlogs,96
atlantabraves,276,Student Life Vlogs,76
studentsbelike,276,Student Life Vlogs,73
foryoupageeee,276,Student Life Vlogs,66
foryouageeeeee,276,Student Life Vlogs,57
fyppthisssss,276,Student Life Vlogs,54
riddlemethis,276,Student Life Vlogs,53
trickquestion,276,Student Life Vlogs,50
studentsbestudents,276,Student Life Vlogs,44
schoolliving,276,Student Life Vlogs,43
schoollifelove,276,Student Life Vlogs,43
kidsbelikethis,276,Student Life Vlogs,43
blackcollegestudent,276,Student Life Vlogs,35
piano,277,Music & Entertainment,344
band,277,Music & Entertainment,329
talent,277,Music & Entertainment,254
jazz,277,Music & Entertainment,230
musicvideo,277,Music & Entertainment,224
drums,277,Music & Entertainment,204
marchingband,277,Music & Entertainment,201
violin,277,Music & Entertainment,151
orchestra,277,Music & Entertainment,125
trumpet,277,Music & Entertainment,101
headphones,277,Music & Entertainment,98
randb,277,Music & Entertainment,84
flute,277,Music & Entertainment,74
carrides,277,Music & Entertainment,54
violinist,277,Music & Entertainment,53
classical,277,Music & Entertainment,34
instrument,277,Music & Entertainment,27
bas,277,Music & Entertainment,26
dragotnation,277,Music & Entertainment,25
slowedphonk,277,Music & Entertainment,25
flutist,277,Music & Entertainment,24
nola,278,Taylor Swift Fan Community,308
lover,278,Taylor Swift Fan Community,234
swiftok,278,Taylor Swift Fan Community,209
gracieabrams,278,Taylor Swift Fan Community,152
tayvis,278,Taylor Swift Fan Community,82
erastouroutfits,278,Taylor Swift Fan Community,78
fearless,278,Taylor Swift Fan Community,76
evermore,278,Taylor Swift Fan Community,74
erastouroutfit,278,Taylor Swift Fan Community,39
cars,279,Automotive Performance,1852
boost,279,Automotive Performance,242
v8,279,Automotive Performance,229
chevrolet,279,Automotive Performance,216
musclecar,279,Automotive Performance,158
obs,279,Automotive Performance,129
fordperformance,279,Automotive Performance,102
fordtrucks,279,Automotive Performance,94
situationship,280,Relationship & Comedy,141
hinge,280,Relationship & Comedy,111
situationships,280,Relationship & Comedy,48
airport,281,Travel & Adventure,361
plane,281,Travel & Adventure,327
airplane,281,Travel & Adventure,306
travellife,281,Travel & Adventure,213
traveltips,281,Travel & Adventure,200
solotravel,281,Travel & Adventure,178
avgeek,281,Travel & Adventure,163
flightattendant,281,Travel & Adventure,147
travelbucketlist,281,Travel & Adventure,141
bunny,282,Beauty & Skincare,186
español,282,Beauty & Skincare,172
baddies,282,Beauty & Skincare,170
maternidad,282,Beauty & Skincare,157
mamaprimeriza,282,Beauty & Skincare,146
zeusnetwork,282,Beauty & Skincare,110
messytiktok,282,Beauty & Skincare,109
chocolatechipcookies,282,Beauty & Skincare,83
cookiesoftiktok,282,Beauty & Skincare,63
mamajoven,282,Beauty & Skincare,50
zeusnetworkbaddies,282,Beauty & Skincare,28
clockthattea,282,Beauty & Skincare,20
evaymajo,282,Beauty & Skincare,17
twilight,283,Twilight Fan Fiction,428
autumn,283,Twilight Fan Fiction,332
twilightsaga,283,Twilight Fan Fiction,202
vampire,283,Twilight Fan Fiction,180
bellaswan,283,Twilight Fan Fiction,139
twilighttiktok,283,Twilight Fan Fiction,119
edwardcullen,283,Twilight Fan Fiction,115
oregoncheck,283,Twilight Fan Fiction,70
hikingtiktok,283,Twilight Fan Fiction,66
forkswashington,283,Twilight Fan Fiction,53
teamedward,283,Twilight Fan Fiction,50
bella,283,Twilight Fan Fiction,50
forks,283,Twilight Fan Fiction,46
crepusculo,283,Twilight Fan Fiction,44
twilightedit,283,Twilight Fan Fiction,34
invierno,283,Twilight Fan Fiction,34
jacobblack,283,Twilight Fan Fiction,31
visitthepnw,283,Twilight Fan Fiction,23
crvisuals,283,Twilight Fan Fiction,23
twihard,283,Twilight Fan Fiction,23
twilightforever,283,Twilight Fan Fiction,22
twilightrenaissance,283,Twilight Fan Fiction,21
game,284,Parody & Comedy,864
policeofficer,284,Parody & Comedy,449
memestiktok,284,Parody & Comedy,388
brainrot,284,Parody & Comedy,382
skibidi,284,Parody & Comedy,120
skibiditoilet,284,Parody & Comedy,104
unemployed,284,Parody & Comedy,62
librarytiktok,284,Parody & Comedy,52
marblerace,284,Parody & Comedy,42
italianbrainrot,284,Parody & Comedy,34
tralalerotralala,284,Parody & Comedy,31
brainrotquiz,284,Parody & Comedy,24
tungtungtungsahur,284,Parody & Comedy,22
lobotomycore,284,Parody & Comedy,12
audit,284,Parody & Comedy,11
fiberopticcablecore,284,Parody & Comedy,5
tesla,285,Space and Technology,276
realtalk,285,Space and Technology,222
economy,285,Space and Technology,147
wisdom,285,Space and Technology,139
cybertruck,285,Space and Technology,94
jdvance,285,Space and Technology,86
spacex,285,Space and Technology,82
elon,285,Space and Technology,72
doge,285,Space and Technology,66
rocket,285,Space and Technology,60
inauguration,285,Space and Technology,53
teslatok,285,Space and Technology,51
semi,285,Space and Technology,50
musk,285,Space and Technology,46
starship,285,Space and Technology,33
jasminecrockett,285,Space and Technology,24
billionairemindset,285,Space and Technology,14
tsla,285,Space and Technology,9
moneylaundering,285,Space and Technology,6
teslasemi,285,Space and Technology,3
praise,286,Christian Inspirational Content,157
godlovesyou,286,Christian Inspirational Content,152
godsplan,286,Christian Inspirational Content,93
trustgod,286,Christian Inspirational Content,62
trustingod,286,Christian Inspirational Content,51
xyzcba,287,Music & Pop Culture,610
itsallablurtour,287,Music & Pop Culture,119
drakeconcert,287,Music & Pop Culture,78
travisscottconcert,287,Music & Pop Culture,65
draketour,287,Music & Pop Culture,53
circusmaximustour,287,Music & Pop Culture,46
iaabtour,287,Music & Pop Culture,44
utopiatour,287,Music & Pop Culture,38
kenzmarajj,287,Music & Pop Culture,28
travisscotttour,287,Music & Pop Culture,22
travisscotttix,287,Music & Pop Culture,17
travisscotttickets,287,Music & Pop Culture,17
travisscotttixforsale,287,Music & Pop Culture,17
travisscottticketsforsale,287,Music & Pop Culture,17
utopiamerch,287,Music & Pop Culture,17
popmusic,288,Latin Music Content,198
status,288,Latin Music Content,167
sinaloa,288,Latin Music Content,156
musicamexicana,288,Latin Music Content,152
estadosparawhatsapp,288,Latin Music Content,131
lyric,288,Latin Music Content,124
letras,288,Latin Music Content,121
dedicar,288,Latin Music Content,110
cantante,288,Latin Music Content,92
canciones,288,Latin Music Content,87
rolasparaestados,288,Latin Music Content,49
macandcheese,289,Food Challenge Videos,212
choppedcheese,289,Food Challenge Videos,63
americanfood,289,Food Challenge Videos,56
prospectparkdeli,289,Food Challenge Videos,38
eatingchallenge,289,Food Challenge Videos,26
competitiveeating,289,Food Challenge Videos,14
beardmeatsfood,289,Food Challenge Videos,10
police,290,True Crime Stories,1086
cops,290,True Crime Stories,721
truestory,290,True Crime Stories,656
lawyer,290,True Crime Stories,291
bodycam,290,True Crime Stories,224
moment,290,True Crime Stories,144
jail,290,True Crime Stories,142
crimestories,290,True Crime Stories,119
copsontiktok,290,True Crime Stories,117
fbi,290,True Crime Stories,111
cop,290,True Crime Stories,107
arrested,290,True Crime Stories,99
lawenforcement,290,True Crime Stories,95
sheriff,290,True Crime Stories,64
copstiktok,290,True Crime Stories,59
policeman,290,True Crime Stories,46
backtheblue,290,True Crime Stories,42
copsusa,290,True Crime Stories,41
chappellroan,291,Music Festival Coverage,392
concerttok,291,Music Festival Coverage,107
rockmusic,291,Music Festival Coverage,96
ontour,291,Music Festival Coverage,72
transition,292,Beauty & Makeup,347
beautytok,292,Beauty & Makeup,332
mua,292,Beauty & Makeup,217
jeffreestar,292,Beauty & Makeup,212
makeuphacks,292,Beauty & Makeup,192
makeuptransformation,292,Beauty & Makeup,181
makeupreview,292,Beauty & Makeup,175
makeuptips,292,Beauty & Makeup,125
lipstick,292,Beauty & Makeup,112
lipgloss,292,Beauty & Makeup,108
makeuptok,292,Beauty & Makeup,89
affordablemakeup,292,Beauty & Makeup,89
lipcombo,292,Beauty & Makeup,78
blush,292,Beauty & Makeup,74
elfcosmetics,292,Beauty & Makeup,67
mascara,292,Beauty & Makeup,67
makeuphack,292,Beauty & Makeup,60
foundation,292,Beauty & Makeup,58
drugstoremakeup,292,Beauty & Makeup,57
cosmetics,292,Beauty & Makeup,49
maybelline,292,Beauty & Makeup,35
randomlipcombo,292,Beauty & Makeup,33
cuba,293,Travel & Tourism,238
feid,293,Travel & Tourism,197
cubanos,293,Travel & Tourism,127
cruisetok,293,Travel & Tourism,118
miamilifestyle,293,Travel & Tourism,92
royalcaribbean,293,Travel & Tourism,89
thingstodoinmiami,293,Travel & Tourism,62
airbnbhost,293,Travel & Tourism,62
miamivibes,293,Travel & Tourism,49
cruises,293,Travel & Tourism,46
miamidade,293,Travel & Tourism,41
miamiliving,293,Travel & Tourism,35
southbeach,293,Travel & Tourism,34
quevedo,293,Travel & Tourism,20
kaseyacenter,293,Travel & Tourism,20
jessislifeinmiami,293,Travel & Tourism,16
miamicontentcreator,293,Travel & Tourism,15
airbnbguests,293,Travel & Tourism,11
miamiairbnb,293,Travel & Tourism,10
airbnbexperienceshost,293,Travel & Tourism,10
broadway,294,Country Music Events,653
nashvilletn,294,Country Music Events,166
noahkahan,294,Country Music Events,154
althairstylist,294,Country Music Events,113
area54,294,Country Music Events,63
nashvilletennessee,294,Country Music Events,45
cmafest,294,Country Music Events,28
tobykeith,294,Country Music Events,27
musiccity,294,Country Music Events,26
nissanstadium,294,Country Music Events,24
thingstodoinnashville,294,Country Music Events,23
murfreesborotn,294,Country Music Events,19
broadwaynashville,294,Country Music Events,18
nash,294,Country Music Events,14
rileylemon,294,Country Music Events,11
nashvillecreatorcollective,294,Country Music Events,11
rileydoingthings,294,Country Music Events,10
level13hairstudio,294,Country Music Events,9
nashvillecontentcreator,294,Country Music Events,8
philadelphia,295,Sports & Entertainment,325
phillytiktok,295,Sports & Entertainment,213
producertok,295,Sports & Entertainment,186
jerseyclub,295,Sports & Entertainment,143
tripout,295,Sports & Entertainment,103
phillytok,295,Sports & Entertainment,85
fazobeats,295,Sports & Entertainment,69
phillyfood,295,Sports & Entertainment,24
gen,295,Sports & Entertainment,23
jerseyclubremixs,295,Sports & Entertainment,20
phillyfoodies,295,Sports & Entertainment,20
deantok,295,Sports & Entertainment,13
floridalife,296,Florida Weather Alerts,231
milton,296,Florida Weather Alerts,223
tampabay,296,Florida Weather Alerts,205
floridacheck,296,Florida Weather Alerts,186
flood,296,Florida Weather Alerts,183
fl,296,Florida Weather Alerts,179
hurricaneseason,296,Florida Weather Alerts,169
palmbeach,296,Florida Weather Alerts,123
floridakeys,296,Florida Weather Alerts,102
visitflorida,296,Florida Weather Alerts,86
alligator,296,Florida Weather Alerts,86
floridasprings,296,Florida Weather Alerts,75
manatee,296,Florida Weather Alerts,66
floridabeaches,296,Florida Weather Alerts,60
destin,296,Florida Weather Alerts,59
ethiopian_tik_tok,297,Beauty & Home,211
bedroom,297,Beauty & Home,198
roomdecor,297,Beauty & Home,164
poptheballoon,297,Beauty & Home,140
miamihairstylist,297,Beauty & Home,130
bedroommakeover,297,Beauty & Home,117
bedroomdesign,297,Beauty & Home,114
roommakeover,297,Beauty & Home,104
housedesign,297,Beauty & Home,92
nepal,297,Beauty & Home,64
poptheballoonorfindlove,297,Beauty & Home,57
tiktoktips,297,Beauty & Home,49
airfryerrecipes,297,Beauty & Home,38
gorkhali_muser,297,Beauty & Home,28
fitmin,297,Beauty & Home,26
gabrielsamrasalon,297,Beauty & Home,26
miamihairsalon,297,Beauty & Home,26
gabrielsamra,297,Beauty & Home,23
pse,297,Beauty & Home,21
hardofhearing,297,Beauty & Home,20
chinatravel,297,Beauty & Home,17
longlivethequeen,297,Beauty & Home,12
kathmandumuser,297,Beauty & Home,9
mycancerjourney,297,Beauty & Home,8
help,298,Viral Funny Videos,753
letsgo,298,Viral Funny Videos,198
helpme,298,Viral Funny Videos,173
missing,298,Viral Funny Videos,155
sos,298,Viral Funny Videos,93
steam,298,Viral Funny Videos,75
talk,298,Viral Funny Videos,63
donate,298,Viral Funny Videos,60
gamingtok,298,Viral Funny Videos,25
babytiktok,299,Parenting & Motherhood,297
babylove,299,Parenting & Motherhood,278
newbornbaby,299,Parenting & Motherhood,197
newparents,299,Parenting & Motherhood,85
infant,299,Parenting & Motherhood,31
tipsbaby,299,Parenting & Motherhood,19
layers,300,Automotive Lifestyle,124
sewin,300,Automotive Lifestyle,93
lions,300,Automotive Lifestyle,88
middlepart,300,Automotive Lifestyle,78
grandrapids,300,Automotive Lifestyle,34
frontal,300,Automotive Lifestyle,34
sidepart,300,Automotive Lifestyle,33
mrroadready,300,Automotive Lifestyle,32
studentdriver,300,Automotive Lifestyle,29
fordfield,300,Automotive Lifestyle,28
drivinginstructor,300,Automotive Lifestyle,27
detroitmichigan,300,Automotive Lifestyle,13
313,300,Automotive Lifestyle,10
downtowndetroit,300,Automotive Lifestyle,8
artistsoftiktok,301,Art & Creative,610
painting,301,Art & Creative,410
paint,301,Art & Creative,159
illustration,301,Art & Creative,108
oilpainting,301,Art & Creative,107
sketchbook,301,Art & Creative,99
artprocess,301,Art & Creative,82
painter,301,Art & Creative,76
watercolor,301,Art & Creative,73
creativity,301,Art & Creative,70
sketching,301,Art & Creative,55
arttimelapse,301,Art & Creative,38
surrealism,301,Art & Creative,37
paintingprocess,301,Art & Creative,36
shading,301,Art & Creative,33
expressionism,301,Art & Creative,29
trevorbrightonart,301,Art & Creative,28
gatos,302,Animal Cuteness Videos,167
kittycat,302,Animal Cuteness Videos,159
catlife,302,Animal Cuteness Videos,149
catrescue,302,Animal Cuteness Videos,147
fosteringsaveslives,302,Animal Cuteness Videos,122
catslovers,302,Animal Cuteness Videos,82
arizona,303,Travel & Mormon Culture,1074
saltlakecity,303,Travel & Mormon Culture,151
utahcheck,303,Travel & Mormon Culture,84
slc,303,Travel & Mormon Culture,83
candysalad,303,Travel & Mormon Culture,81
utahmom,303,Travel & Mormon Culture,75
zionnationalpark,303,Travel & Mormon Culture,57
mormon,303,Travel & Mormon Culture,50
lds,303,Travel & Mormon Culture,46
byu,303,Travel & Mormon Culture,41
monumentvalley,303,Travel & Mormon Culture,31
provo,303,Travel & Mormon Culture,25
lascrucespeten,303,Travel & Mormon Culture,20
chirroqueroschapines,303,Travel & Mormon Culture,17
makeuptutorial,304,Beauty & Makeup,713
makeupartist,304,Beauty & Makeup,388
alt,304,Beauty & Makeup,371
rarebeauty,304,Beauty & Makeup,106
eyebrows,304,Beauty & Makeup,102
makeupchallenge,304,Beauty & Makeup,69
eyeliner,304,Beauty & Makeup,67
макияж,304,Beauty & Makeup,42
макияжтуториал,304,Beauty & Makeup,32
макияжнакаждыйдень,304,Beauty & Makeup,26
hotel,305,Comedy & Entertainment,199
ledlights,305,Comedy & Entertainment,153
ledsign,305,Comedy & Entertainment,107
supermarket,305,Comedy & Entertainment,40
wwe,306,Sports & Wrestling,552
wrestlemania,306,Sports & Wrestling,135
wrestlingtiktok,306,Sports & Wrestling,116
wweraw,306,Sports & Wrestling,115
wwetiktok,306,Sports & Wrestling,109
wwefan,306,Sports & Wrestling,107
therock,306,Sports & Wrestling,104
johncena,306,Sports & Wrestling,96
wrestletok,306,Sports & Wrestling,87
romanreigns,306,Sports & Wrestling,83
raw,306,Sports & Wrestling,69
prowrestling,306,Sports & Wrestling,60
wwesmackdown,306,Sports & Wrestling,54
rhearipley,306,Sports & Wrestling,52
wweuniverse,306,Sports & Wrestling,50
smackdown,306,Sports & Wrestling,45
codyrhodes,306,Sports & Wrestling,39
jeyuso,306,Sports & Wrestling,37
aew,306,Sports & Wrestling,34
mondaynightraw,306,Sports & Wrestling,30
cmpunk,306,Sports & Wrestling,29
slap,306,Sports & Wrestling,28
rhearipleywwe,306,Sports & Wrestling,26
randyorton,306,Sports & Wrestling,24
wrestlemania41,306,Sports & Wrestling,24
wweedit,306,Sports & Wrestling,22
kayandtayofficial,307,Relationship and Parenting,477
screammovie,307,Relationship and Parenting,301
ad,307,Relationship and Parenting,277
vozdoscriadores,307,Relationship and Parenting,99
relateble,307,Relationship and Parenting,46
ellie,307,Relationship and Parenting,28
control,307,Relationship and Parenting,23
coupleprank,307,Relationship and Parenting,22
kayandtay,307,Relationship and Parenting,8
kay,307,Relationship and Parenting,8
tay,307,Relationship and Parenting,5
haviandwilly,307,Relationship and Parenting,4
relationshipsleep,307,Relationship and Parenting,2
postartum,307,Relationship and Parenting,2
duolingopartner,307,Relationship and Parenting,2
saltbath,307,Relationship and Parenting,1
agworldofpink,307,Relationship and Parenting,1
pairedpartner,307,Relationship and Parenting,1
stitchfixpartner,307,Relationship and Parenting,1
styleyoucanfeel,307,Relationship and Parenting,1
stitchfixstyle,307,Relationship and Parenting,1
postparttum,307,Relationship and Parenting,1
newtrend,308,Original Music Content,225
singersongwriter,308,Original Music Content,192
electronicmusic,308,Original Music Content,134
witchy,308,Original Music Content,107
originalmusic,308,Original Music Content,95
newsong,308,Original Music Content,93
indiemusic,308,Original Music Content,80
newartist,308,Original Music Content,67
originalsong,308,Original Music Content,60
independentartist,308,Original Music Content,46
songofthesummer,308,Original Music Content,31
femininerage,308,Original Music Content,19
anaheim,309,Outdoor California Adventures,190
fresno,309,Outdoor California Adventures,169
sanjose,309,Outdoor California Adventures,145
559,309,Outdoor California Adventures,129
visitcalifornia,309,Outdoor California Adventures,99
yosemite,309,Outdoor California Adventures,99
bakersfield,309,Outdoor California Adventures,93
yosemitenationalpark,309,Outdoor California Adventures,82
monterey,309,Outdoor California Adventures,66
carmelbythesea,309,Outdoor California Adventures,53
californiatravel,309,Outdoor California Adventures,51
chayanneoficial,309,Outdoor California Adventures,13
mopar,310,Automotive Performance,306
cartiktok,310,Automotive Performance,197
luxurycars,310,Automotive Performance,180
scatpack,310,Automotive Performance,119
dodgecharger,310,Automotive Performance,115
jdmcars,310,Automotive Performance,96
dodgechallenger,310,Automotive Performance,76
m4competition,310,Automotive Performance,66
germancars,310,Automotive Performance,62
redeye,310,Automotive Performance,57
airsuspension,310,Automotive Performance,51
g82m4,310,Automotive Performance,50
baggedcars,310,Automotive Performance,44
shxwnco,310,Automotive Performance,36
stancecars,310,Automotive Performance,34
travelvlog,311,Travel Vlog Content,103
pilotlife,311,Travel Vlog Content,100
luxurytravel,311,Travel Vlog Content,79
airportlife,311,Travel Vlog Content,67
travelhacks,311,Travel Vlog Content,66
dreamtravel,311,Travel Vlog Content,42
amazingvideo,311,Travel Vlog Content,42
loveyoutiktok,311,Travel Vlog Content,39
goforyou,311,Travel Vlog Content,34
viralthisvideoo,311,Travel Vlog Content,33
travelilinglife,311,Travel Vlog Content,32
irfanchudhary,311,Travel Vlog Content,31
realbeauty,311,Travel Vlog Content,26
nostalgic,312,Throwback Dance Memories,275
childhoodmemories,312,Throwback Dance Memories,232
retro,312,Throwback Dance Memories,178
nostalgiacore,312,Throwback Dance Memories,164
early2000s,312,Throwback Dance Memories,118
2010s,312,Throwback Dance Memories,112
oldtiktok,312,Throwback Dance Memories,42
ogtiktok,312,Throwback Dance Memories,25
gossipgirl,313,Celebrity Gossip & News,200
universe,313,Celebrity Gossip & News,187
celebritynews,313,Celebrity Gossip & News,174
unitedstatesofamerica,313,Celebrity Gossip & News,127
gossipgirlhere,313,Celebrity Gossip & News,104
planet,313,Celebrity Gossip & News,97
celebritygossip,313,Celebrity Gossip & News,66
blinditems,313,Celebrity Gossip & News,48
blinditem,313,Celebrity Gossip & News,44
blinditemreveal,313,Celebrity Gossip & News,44
blinditemsrevealed,313,Celebrity Gossip & News,44
celebrityblinditems,313,Celebrity Gossip & News,44
celebritytea,313,Celebrity Gossip & News,43
celebritysecrets,313,Celebrity Gossip & News,39
celebrityblinds,313,Celebrity Gossip & News,38
dinnerideas,314,Food & Recipes,554
mealideas,314,Food & Recipes,88
easydinnerideas,314,Food & Recipes,86
dinnerwithme,314,Food & Recipes,81
familydinner,314,Food & Recipes,81
dinnertime,314,Food & Recipes,79
weeknightdinner,314,Food & Recipes,78
dinnerrecipe,314,Food & Recipes,75
dinnerinspo,314,Food & Recipes,44
dinnerrecipes,314,Food & Recipes,42
midwest,315,Amusement Park Reviews,221
cincinnati,315,Amusement Park Reviews,175
rollercoastertiktok,315,Amusement Park Reviews,171
coaster,315,Amusement Park Reviews,155
columbusohio,315,Amusement Park Reviews,113
columbus,315,Amusement Park Reviews,101
ohiostate,315,Amusement Park Reviews,91
cedarpoint,315,Amusement Park Reviews,83
ohiocheck,315,Amusement Park Reviews,37
dayton,315,Amusement Park Reviews,18
onlyinohio,315,Amusement Park Reviews,17
sanduskyohio,315,Amusement Park Reviews,15
614,315,Amusement Park Reviews,15
eastpalestineohio,315,Amusement Park Reviews,11
sandusky,315,Amusement Park Reviews,10
216,315,Amusement Park Reviews,10
phillies,316,Sports Baseball Highlights,52
astros,316,Sports Baseball Highlights,49
ladybug,316,Sports Baseball Highlights,46
postseason,316,Sports Baseball Highlights,40
catnoir,316,Sports Baseball Highlights,30
ohtani,316,Sports Baseball Highlights,29
chatnoir,316,Sports Baseball Highlights,28
baseballedits,316,Sports Baseball Highlights,22
marinette,316,Sports Baseball Highlights,21
lasmayores,316,Sports Baseball Highlights,20
ladynoir,316,Sports Baseball Highlights,18
miraculousladybugtiktok,316,Sports Baseball Highlights,18
astrosbaseball,316,Sports Baseball Highlights,17
fall,317,Horror & Halloween,801
spookyseason,317,Horror & Halloween,606
fallaesthetic,317,Horror & Halloween,236
fallvibes,317,Horror & Halloween,213
pumpkin,317,Horror & Halloween,160
spookyszn,317,Horror & Halloween,144
autumnvibes,317,Horror & Halloween,138
salem,317,Horror & Halloween,101
halloweenishere,317,Horror & Halloween,91
summerween,317,Horror & Halloween,66
salemmassachusetts,317,Horror & Halloween,65
halloweentiktok,317,Horror & Halloween,54
halloweenvibes,317,Horror & Halloween,52
codeorange,317,Horror & Halloween,50
loveyou,318,Travel & Friendship,654
lovestory,318,Travel & Friendship,464
truelove,318,Travel & Friendship,151
chapinesenusa,318,Travel & Friendship,34
guatemalaviral,318,Travel & Friendship,26
timtok,318,Travel & Friendship,7
schoollife,319,Student Life Comedy,219
googleearth,319,Student Life Comedy,142
top10,319,Student Life Comedy,141
class,319,Student Life Comedy,129
ranked,319,Student Life Comedy,123
northamerica,319,Student Life Comedy,99
ghetto,319,Student Life Comedy,88
top15,319,Student Life Comedy,74
muscle,320,Gym and Fitness,111
lifting,320,Gym and Fitness,72
crossfit,320,Gym and Fitness,56
fitfam,320,Gym and Fitness,51
fire,321,Wildfire News Coverage,499
firefighter,321,Wildfire News Coverage,209
palisadesfire,321,Wildfire News Coverage,89
wildfires,321,Wildfire News Coverage,83
ems,321,Wildfire News Coverage,81
pacificpalisades,321,Wildfire News Coverage,63
firefighters,321,Wildfire News Coverage,63
firefightertiktok,321,Wildfire News Coverage,59
palisades,321,Wildfire News Coverage,54
eatonfire,321,Wildfire News Coverage,49
lafire,321,Wildfire News Coverage,45
losangelesfire,321,Wildfire News Coverage,40
altadena,321,Wildfire News Coverage,37
firedepartment,321,Wildfire News Coverage,36
fireman,321,Wildfire News Coverage,36
vivamexico,322,Latin American Culture,147
mexicotiktok,322,Latin American Culture,115
todoporellaa,322,Latin American Culture,26
traicionada,322,Latin American Culture,25
reddit,323,True Crime Stories,1071
reallife,323,True Crime Stories,157
viralstories,323,True Crime Stories,128
narrative,323,True Crime Stories,71
humanexperience,323,True Crime Stories,67
shareyourstory,323,True Crime Stories,66
redditgold,323,True Crime Stories,65
redditdeepdive,323,True Crime Stories,65
epicreddit,323,True Crime Stories,64
sliceoflife,323,True Crime Stories,64
lifestories,323,True Crime Stories,61
tiktokreddit,323,True Crime Stories,60
reddittales,323,True Crime Stories,60
tiktoktales,323,True Crime Stories,60
anecdotes,323,True Crime Stories,60
redditthreads,323,True Crime Stories,59
communitystories,323,True Crime Stories,58
fromreddit,323,True Crime Stories,58
experienceshare,323,True Crime Stories,58
cod,324,Gaming Content,330
gamingontiktok,324,Gaming Content,304
callofduty,324,Gaming Content,293
gta,324,Gaming Content,275
streamer,324,Gaming Content,259
xbox,324,Gaming Content,249
rdr2,324,Gaming Content,241
gta5,324,Gaming Content,239
playstation,324,Gaming Content,206
reddeadredemption2,324,Gaming Content,155
pubgmobile,324,Gaming Content,152
arthurmorgan,324,Gaming Content,144
valorant,324,Gaming Content,137
pcgaming,324,Gaming Content,105
gta5online,324,Gaming Content,103
gameplay,324,Gaming Content,98
beamngdrive,324,Gaming Content,97
gta6,324,Gaming Content,95
gtaonline,324,Gaming Content,86
beamng,324,Gaming Content,85
rockstargames,324,Gaming Content,75
bo6,324,Gaming Content,62
apexlegends,324,Gaming Content,62
beamngcrash,324,Gaming Content,43
mobilegame,324,Gaming Content,41
shahglive,324,Gaming Content,28
pubgloverzzzzzz,324,Gaming Content,19
billie,325,Music & Concerts,169
guess,325,Music & Concerts,133
billieeilishedits,325,Music & Concerts,122
kiaforum,325,Music & Concerts,117
hmhastour,325,Music & Concerts,110
billieeilishfan,325,Music & Concerts,102
billieeilishconcert,325,Music & Concerts,77
wildflower,325,Music & Concerts,63
birdsofafeather,325,Music & Concerts,62
hitmehardandsoft,325,Music & Concerts,61
eilish,325,Music & Concerts,55
finneas,325,Music & Concerts,48
happierthanever,325,Music & Concerts,45
billieeilishedit,325,Music & Concerts,43
billiestan,325,Music & Concerts,33
billieeilishfanpage,325,Music & Concerts,32
badguy,325,Music & Concerts,29
billieeilishtour,325,Music & Concerts,18
newconstruction,326,Home Decor Inspiration,190
roomtour,326,Home Decor Inspiration,187
remodel,326,Home Decor Inspiration,141
homedecorideas,326,Home Decor Inspiration,116
bathroomdecor,326,Home Decor Inspiration,98
customhomes,326,Home Decor Inspiration,66
customhouse,326,Home Decor Inspiration,36
paradeofhomes,326,Home Decor Inspiration,33
city,327,Travel & NYC,214
westvillage,327,Travel & NYC,81
newyorkers,327,Travel & NYC,66
cinemasb,327,Travel & NYC,25
plushies,328,Animal Companions,133
squishmallows,328,Animal Companions,87
squishy,328,Animal Companions,77
plush,328,Animal Companions,75
pickle,328,Animal Companions,68
squish,328,Animal Companions,32
cathouse,328,Animal Companions,31
pusheen,328,Animal Companions,31
mrfresh,328,Animal Companions,19
mrfreshasian,328,Animal Companions,17
picklebarncat,328,Animal Companions,14
massage,329,ASMR Relaxation Content,172
fvp,329,ASMR Relaxation Content,159
asmrrelax,329,ASMR Relaxation Content,159
pourtoii,329,ASMR Relaxation Content,119
britneyspears,329,ASMR Relaxation Content,109
houseofthedragon,329,ASMR Relaxation Content,97
pourtoipage,329,ASMR Relaxation Content,63
asmrmassage,329,ASMR Relaxation Content,52
tiktokfrance,329,ASMR Relaxation Content,47
britney,329,ASMR Relaxation Content,41
indianmassage,329,ASMR Relaxation Content,35
asmrclinic,329,ASMR Relaxation Content,22
masterasim,329,ASMR Relaxation Content,13
cleantok,330,Cleaning & Organization,880
cleaning,330,Cleaning & Organization,621
cleaninghacks,330,Cleaning & Organization,215
sundayreset,330,Cleaning & Organization,130
reset,330,Cleaning & Organization,114
cleaningtips,330,Cleaning & Organization,110
deepclean,330,Cleaning & Organization,108
deepcleaning,330,Cleaning & Organization,93
cleaningasmr,330,Cleaning & Organization,84
goodnovel,331,Literature & Novels,143
bikergirl,331,Literature & Novels,141
bikers,331,Literature & Novels,122
novelshortclips,331,Literature & Novels,97
bikerboy,331,Literature & Novels,97
read,331,Literature & Novels,93
r7,331,Literature & Novels,66
realnovel,331,Literature & Novels,41
snackshort,331,Literature & Novels,34
filter,332,Gaming & Comedy,407
gamer,332,Gaming & Comedy,362
games,332,Gaming & Comedy,346
filterchallenge,332,Gaming & Comedy,235
videogame,332,Gaming & Comedy,137
filters,332,Gaming & Comedy,75
simulation,332,Gaming & Comedy,55
hideandseek,332,Gaming & Comedy,37
cutebaby,333,Tarot & Cuteness,640
adorable,333,Tarot & Cuteness,214
tarotcards,333,Tarot & Cuteness,163
tarotreader,333,Tarot & Cuteness,109
fypviraltiktokシviral,333,Tarot & Cuteness,61
tarotok,333,Tarot & Cuteness,49
tarotamor,333,Tarot & Cuteness,44
tarottok,333,Tarot & Cuteness,38
tarotresponde,333,Tarot & Cuteness,31
tarotinteractivo,333,Tarot & Cuteness,28
tacoslosvales,333,Tarot & Cuteness,25
tarotcardreader,333,Tarot & Cuteness,22
weddinginspiration,334,Wedding Planning & Inspiration,108
weddings,334,Wedding Planning & Inspiration,81
brideandgroom,334,Wedding Planning & Inspiration,58
hopecore,335,Personal Development & Wellness,551
positivity,335,Personal Development & Wellness,256
desarrollopersonal,335,Personal Development & Wellness,146
deepthoughts,335,Personal Development & Wellness,130
corecore,335,Personal Development & Wellness,116
saludmental,335,Personal Development & Wellness,112
psicologia,335,Personal Development & Wellness,87
mentalidad,335,Personal Development & Wellness,82
hopelesscore,335,Personal Development & Wellness,50
ramenonthestreetinterview,335,Personal Development & Wellness,30
brainnourishment,335,Personal Development & Wellness,28
poeticbonds,335,Personal Development & Wellness,21
celebrities,336,Music & Entertainment,249
exchangestudent,336,Music & Entertainment,197
dumpsterdiving,336,Music & Entertainment,164
stream,336,Music & Entertainment,90
remedioscaseros,336,Music & Entertainment,80
flstudio,336,Music & Entertainment,79
dumpsterdiver,336,Music & Entertainment,69
guessthesong,336,Music & Entertainment,63
francaisauxusa,336,Music & Entertainment,59
meldidumpsterdive,336,Music & Entertainment,49
pleaseunfreezmyaccunt,336,Music & Entertainment,43
mehndidesign,336,Music & Entertainment,39
tibopov,336,Music & Entertainment,38
francevsusa,336,Music & Entertainment,33
mrjasper39,336,Music & Entertainment,30
medicinanatural,336,Music & Entertainment,29
musicapopular,336,Music & Entertainment,27
hennamehndivip,336,Music & Entertainment,24
abdopablo97,336,Music & Entertainment,22
ixplore,336,Music & Entertainment,22
mehndiart,336,Music & Entertainment,22
maxpopularusa,336,Music & Entertainment,19
maxpopular,336,Music & Entertainment,13
redcarpet,337,Celebrity News & Gossip,275
popculture,337,Celebrity News & Gossip,215
kardashians,337,Celebrity News & Gossip,178
squidgame2,337,Celebrity News & Gossip,101
royal,337,Celebrity News & Gossip,52
nycblogger,337,Celebrity News & Gossip,52
camilla,337,Celebrity News & Gossip,51
popculturenews,337,Celebrity News & Gossip,41
leejungjae,337,Celebrity News & Gossip,35
celebstyle,337,Celebrity News & Gossip,33
birthday,338,DIY Party Decor,713
happybirthday,338,DIY Party Decor,304
birthdaygirl,338,DIY Party Decor,209
birthdaycake,338,DIY Party Decor,179
beard,338,DIY Party Decor,163
birthdayparty,338,DIY Party Decor,123
cumpleaños,338,DIY Party Decor,99
birthdaysurprise,338,DIY Party Decor,73
birthdaygift,338,DIY Party Decor,72
birthdayboy,338,DIY Party Decor,69
bday,338,DIY Party Decor,54
birthdayideas,338,DIY Party Decor,42
birthdaysong,338,DIY Party Decor,28
handpan,338,DIY Party Decor,23
happybirthdaysong,338,DIY Party Decor,21
coeurdalene,338,DIY Party Decor,18
sound,339,Relationship & Comedy,249
xyz,339,Relationship & Comedy,220
capcut_edit,339,Relationship & Comedy,179
سوريا,339,Relationship & Comedy,108
cooked,339,Relationship & Comedy,65
jellhood,339,Relationship & Comedy,28
babyhefner,339,Relationship & Comedy,20
imwithallat,339,Relationship & Comedy,19
dellygobrazy,339,Relationship & Comedy,14
mann1k,339,Relationship & Comedy,14
neweditor,339,Relationship & Comedy,8
bgcclips,339,Relationship & Comedy,7
bgcdrama,339,Relationship & Comedy,7
jayynumber4,339,Relationship & Comedy,6
memeclips,339,Relationship & Comedy,6
kaizen_editz,339,Relationship & Comedy,5
nigerianeditor,339,Relationship & Comedy,5
yourcorporatecousin,339,Relationship & Comedy,5
asl,340,Parenting & Family,122
signlanguage,340,Parenting & Family,121
deaf,340,Parenting & Family,111
gentleparenting,340,Parenting & Family,65
hearing,340,Parenting & Family,27
100kviews,341,Gaming Content,236
500k,341,Gaming Content,118
whatsappstatus,341,Gaming Content,115
gg,341,Gaming Content,82
pubglover,341,Gaming Content,79
pubgchallenge,341,Gaming Content,71
pubgm,341,Gaming Content,68
letsplay,341,Gaming Content,60
pubggamer,341,Gaming Content,54
makkah,341,Gaming Content,54
pubgmjinx,341,Gaming Content,53
pubgfunny,341,Gaming Content,52
pubgpc,341,Gaming Content,51
pubgindia,341,Gaming Content,51
blue,343,Beauty & Nail Care,462
tiktokmademebuyit,343,Beauty & Nail Care,409
selfdefenseplug,343,Beauty & Nail Care,351
purple,343,Beauty & Nail Care,327
linkinbio,343,Beauty & Nail Care,318
selfdefense,343,Beauty & Nail Care,286
safetyfirst,343,Beauty & Nail Care,260
packagingorders,343,Beauty & Nail Care,221
mysteryscoop,343,Beauty & Nail Care,202
nailsasmr,343,Beauty & Nail Care,201
selfdefensekeychain,343,Beauty & Nail Care,198
scoopasmr,343,Beauty & Nail Care,193
cutepackagingidea,343,Beauty & Nail Care,185
keyringscoop,343,Beauty & Nail Care,181
safetyessentials,343,Beauty & Nail Care,181
luckyscoop,343,Beauty & Nail Care,178
safetyscoop,343,Beauty & Nail Care,175
safetydefensekeychains,343,Beauty & Nail Care,174
keychainscoop,343,Beauty & Nail Care,174
packageanorderwithme,343,Beauty & Nail Care,169
asmrpackaging,343,Beauty & Nail Care,168
ukkeychains,343,Beauty & Nail Care,150
combknife,343,Beauty & Nail Care,150
glutesworkout,344,Fitness & Workouts,85
girlswholift,344,Fitness & Workouts,80
planetfitness,344,Fitness & Workouts,76
gymshark,344,Fitness & Workouts,65
gains,344,Fitness & Workouts,52
waist,344,Fitness & Workouts,26
glutegrowthtips,344,Fitness & Workouts,17
hockey,345,Beauty & Fragrance,347
guitartok,345,Beauty & Fragrance,345
plants,345,Beauty & Fragrance,316
crochet,345,Beauty & Fragrance,284
dentist,345,Beauty & Fragrance,281
perfumetiktok,345,Beauty & Fragrance,262
perfume,345,Beauty & Fragrance,261
chiropractor,345,Beauty & Fragrance,232
жизньвамерике,345,Beauty & Fragrance,224
tvd,345,Beauty & Fragrance,224
loveislandusa,345,Beauty & Fragrance,215
loveisland,345,Beauty & Fragrance,212
fragrancetiktok,345,Beauty & Fragrance,210
iam503,345,Beauty & Fragrance,203
fyyyypppp,345,Beauty & Fragrance,202
blakespopnook,345,Beauty & Fragrance,201
carlosalberto,345,Beauty & Fragrance,196
жизньвсша,345,Beauty & Fragrance,187
thevampirediaries,345,Beauty & Fragrance,185
hairby_chrissy,345,Beauty & Fragrance,181
veteran,346,Military Lifestyle,149
usnavy,346,Military Lifestyle,111
honor,346,Military Lifestyle,98
spaceforce,346,Military Lifestyle,69
womenpilot,346,Military Lifestyle,46
zyxcba,347,Anime/Manga Parody,625
gachatrend,347,Anime/Manga Parody,73
gachaedit,347,Anime/Manga Parody,69
madokamagica,347,Anime/Manga Parody,52
madoka,347,Anime/Manga Parody,33
madokqmi,347,Anime/Manga Parody,25
puellamagicamadokaedit,347,Anime/Manga Parody,22
madokakaname,347,Anime/Manga Parody,21
homura,347,Anime/Manga Parody,18
homuraakemi,347,Anime/Manga Parody,18
puellamagicamadoka,347,Anime/Manga Parody,17
madohomu,347,Anime/Manga Parody,9
medstudent,348,Healthcare & Nursing,144
medicaltiktok,348,Healthcare & Nursing,103
medicalhumor,348,Healthcare & Nursing,86
icu,348,Healthcare & Nursing,81
anesthesia,348,Healthcare & Nursing,73
bsn,348,Healthcare & Nursing,60
murse,348,Healthcare & Nursing,23
marriagehumor,349,Relationship & Humor,368
married,349,Relationship & Humor,334
divorce,349,Relationship & Humor,279
forthegirls,349,Relationship & Humor,197
marriagegoals,349,Relationship & Humor,134
datinginyour30s,349,Relationship & Humor,84
datinginyour20s,349,Relationship & Humor,82
exboyfriend,349,Relationship & Humor,57
bridalmakeup,350,Beauty & Makeup,116
blackgirlmakeup,350,Beauty & Makeup,72
bridalhair,350,Beauty & Makeup,72
softglam,350,Beauty & Makeup,67
makeuptransition,350,Beauty & Makeup,51
makeupinspo,350,Beauty & Makeup,47
weddingmakeup,350,Beauty & Makeup,43
makeuplook,350,Beauty & Makeup,42
bridalmakeupartist,350,Beauty & Makeup,41
indianbride,350,Beauty & Makeup,38
desibride,350,Beauty & Makeup,37
makeuptiktok,350,Beauty & Makeup,37
neetujosh_artco,350,Beauty & Makeup,20
neetujoshbeauty,350,Beauty & Makeup,16
indianbridalmakeup,350,Beauty & Makeup,10
evolution,351,Entertainment & Celebrity,138
throughtheyears,351,Entertainment & Celebrity,111
breakups,351,Entertainment & Celebrity,88
walkoffame,351,Entertainment & Celebrity,43
scientology,351,Entertainment & Celebrity,29
celebritycouples,351,Entertainment & Celebrity,22
aventura,352,Urban Exploration & Culture,204
romeosantos,352,Urban Exploration & Culture,203
urbex,352,Urban Exploration & Culture,184
abandonedplaces,352,Urban Exploration & Culture,160
natalienunn,352,Urban Exploration & Culture,106
latinaygringo,352,Urban Exploration & Culture,96
urbanexploring,352,Urban Exploration & Culture,88
letrasdecanciones,352,Urban Exploration & Culture,77
oglemmehollaatchu,352,Urban Exploration & Culture,67
abuelaenusa,352,Urban Exploration & Culture,66
roddyrodd89,352,Urban Exploration & Culture,66
abuelahermosa,352,Urban Exploration & Culture,63
202,352,Urban Exploration & Culture,56
703,352,Urban Exploration & Culture,55
gringolatina,352,Urban Exploration & Culture,49
abuelacolombiana,352,Urban Exploration & Culture,48
gringomarriedalatina,352,Urban Exploration & Culture,43
gringocolombiano,352,Urban Exploration & Culture,36
royaltyvibes,352,Urban Exploration & Culture,27
cosasdeniños,352,Urban Exploration & Culture,20
carlitos,352,Urban Exploration & Culture,20
luismendez,352,Urban Exploration & Culture,20
miraculous2024,352,Urban Exploration & Culture,14
ဒတစပဒလတfypပရကခငမ,352,Urban Exploration & Culture,12
consejos,353,Personal Development,369
livehighlights,353,Personal Development,240
hombres,353,Personal Development,206
fanpage,353,Personal Development,164
soloparati,353,Personal Development,121
tiktokvideos,353,Personal Development,86
educacion,353,Personal Development,83
padrehijo,353,Personal Development,58
morning,354,Healthy Food Recipes,200
healthyfood,354,Healthy Food Recipes,158
vegan,354,Healthy Food Recipes,154
healthyliving,354,Healthy Food Recipes,139
body,354,Healthy Food Recipes,103
curtainbangs,354,Healthy Food Recipes,67
healthtips,354,Healthy Food Recipes,60
grwmforschool,354,Healthy Food Recipes,41
valentina,354,Healthy Food Recipes,37
khaleesi,354,Healthy Food Recipes,17
camelia,354,Healthy Food Recipes,17
schooloutfit,354,Healthy Food Recipes,14
grumpy,354,Healthy Food Recipes,13
readyforschool,354,Healthy Food Recipes,7
snowboarding,355,Comedy & Lifestyle,240
oops,355,Comedy & Lifestyle,154
river,355,Comedy & Lifestyle,150
ohno,355,Comedy & Lifestyle,121
reveal,355,Comedy & Lifestyle,70
ouch,355,Comedy & Lifestyle,56
gender,355,Comedy & Lifestyle,40
pajamas,355,Comedy & Lifestyle,30
bathbomb,355,Comedy & Lifestyle,24
wipeout,355,Comedy & Lifestyle,15
genderrevealfail,355,Comedy & Lifestyle,13
failure,355,Comedy & Lifestyle,11
whatwasithinking,355,Comedy & Lifestyle,8
pajamagate,355,Comedy & Lifestyle,3
failvideos,355,Comedy & Lifestyle,3
madeleinewhite,355,Comedy & Lifestyle,2
seeyoutomorrow,355,Comedy & Lifestyle,2
pajamareview,355,Comedy & Lifestyle,2
plzdontbuythat,355,Comedy & Lifestyle,2
majorfail,355,Comedy & Lifestyle,1
mistery,356,Christian Devotional Content,104
biblestories,356,Christian Devotional Content,27
weather,357,Severe Weather Alerts,510
tornado,357,Severe Weather Alerts,369
arkansas,357,Severe Weather Alerts,252
nebraska,357,Severe Weather Alerts,203
flooding,357,Severe Weather Alerts,153
disaster,357,Severe Weather Alerts,118
severeweather,357,Severe Weather Alerts,112
weathertok,357,Severe Weather Alerts,83
wind,357,Severe Weather Alerts,62
storms,357,Severe Weather Alerts,55
damage,357,Severe Weather Alerts,55
twister,357,Severe Weather Alerts,39
stormchaser,357,Severe Weather Alerts,38
tornadowarning,357,Severe Weather Alerts,37
tornadoes,357,Severe Weather Alerts,35
stormchasing,357,Severe Weather Alerts,24
marvel,358,Superhero Fan Art,803
spiderman,358,Superhero Fan Art,568
batman,358,Superhero Fan Art,257
marvelstudios,358,Superhero Fan Art,163
mcu,358,Superhero Fan Art,157
ironman,358,Superhero Fan Art,116
peterparker,358,Superhero Fan Art,112
milesmorales,358,Superhero Fan Art,90
marvelcomics,358,Superhero Fan Art,90
venom,358,Superhero Fan Art,82
spiderverse,358,Superhero Fan Art,78
andrewgarfield,358,Superhero Fan Art,66
acrossthespiderverse,358,Superhero Fan Art,63
tomholland,358,Superhero Fan Art,56
spidermanmask,358,Superhero Fan Art,52
spidermanedit,358,Superhero Fan Art,50
spidermanacrossthespiderverse,358,Superhero Fan Art,49
spiderman2,358,Superhero Fan Art,47
spidermannowayhome,358,Superhero Fan Art,39
miguelohara,358,Superhero Fan Art,33
tobeymaguire,358,Superhero Fan Art,28
theamazingspiderman,358,Superhero Fan Art,28
tasm,358,Superhero Fan Art,19
goldenretriever,359,Puppy Love & Care,748
goldenretrieverlife,359,Puppy Love & Care,252
goldenretrieverpuppy,359,Puppy Love & Care,177
dogmomlife,359,Puppy Love & Care,148
puppytok,359,Puppy Love & Care,144
puppydog,359,Puppy Love & Care,135
shihtzu,359,Puppy Love & Care,102
puppytraining,359,Puppy Love & Care,98
puppiesofinstagram,359,Puppy Love & Care,95
goldenretrieversoftiktok,359,Puppy Love & Care,91
puppycheck,359,Puppy Love & Care,75
goldenretrievers,359,Puppy Love & Care,73
puppydogeyes,359,Puppy Love & Care,39
goldenretrieverpuppies,359,Puppy Love & Care,31
puppiesonly,359,Puppy Love & Care,30
straykids,360,K-Pop Fan Culture,513
skz,360,K-Pop Fan Culture,323
bangchan,360,K-Pop Fan Culture,150
stay,360,K-Pop Fan Culture,134
felix,360,K-Pop Fan Culture,125
hyunjin,360,K-Pop Fan Culture,115
leeknow,360,K-Pop Fan Culture,100
changbin,360,K-Pop Fan Culture,83
han,360,K-Pop Fan Culture,75
straykidsstay,360,K-Pop Fan Culture,74
skzstay,360,K-Pop Fan Culture,72
seungmin,360,K-Pop Fan Culture,67
hanjisung,360,K-Pop Fan Culture,49
jeongin,360,K-Pop Fan Culture,47
dominate,360,K-Pop Fan Culture,43
jyp,360,K-Pop Fan Culture,40
스트레이키즈,360,K-Pop Fan Culture,36
straykidsedit,360,K-Pop Fan Culture,33
dominatetour,360,K-Pop Fan Culture,32
straykidsconcert,360,K-Pop Fan Culture,27
straykidsworlddomination,360,K-Pop Fan Culture,27
leefelix,360,K-Pop Fan Culture,22
lovestay,360,K-Pop Fan Culture,18
skzconcert,360,K-Pop Fan Culture,14
maniactour,360,K-Pop Fan Culture,14
cosplayer,361,Anime and Cosplay,299
scream,361,Anime and Cosplay,228
renfaire,361,Anime and Cosplay,163
ghostface,361,Anime and Cosplay,136
3dprinting,361,Anime and Cosplay,130
maskedmen,361,Anime and Cosplay,124
comiccon,361,Anime and Cosplay,97
mask,361,Anime and Cosplay,93
masktok,361,Anime and Cosplay,75
cosplayers,361,Anime and Cosplay,67
animeconvention,361,Anime and Cosplay,60
nycc,361,Anime and Cosplay,50
cosplaygirl,361,Anime and Cosplay,43
katsucon,361,Anime and Cosplay,40
comment,362,Entertainment & Creativity,311
tools,362,Entertainment & Creativity,252
learning,362,Entertainment & Creativity,218
4k,362,Entertainment & Creativity,126
how,362,Entertainment & Creativity,121
positive,362,Entertainment & Creativity,110
install,362,Entertainment & Creativity,63
richmondtx,362,Entertainment & Creativity,40
sahmtok,363,Parenting Lifestyle,114
momof2,363,Parenting Lifestyle,114
wichitakansas,364,Texas Lifestyle Vlogs,131
kansasbarber,364,Texas Lifestyle Vlogs,113
fortworthtexas,364,Texas Lifestyle Vlogs,59
barberconsultation,364,Texas Lifestyle Vlogs,34
dallasnails,364,Texas Lifestyle Vlogs,25
dallasapartments,364,Texas Lifestyle Vlogs,15
dfwnailtech,364,Texas Lifestyle Vlogs,14
dallasdiscovered,364,Texas Lifestyle Vlogs,11
mesquitenails,364,Texas Lifestyle Vlogs,10
2000sthrowback,365,Throwback Nostalgia,296
seniors,365,Throwback Nostalgia,126
2000snostalgia,365,Throwback Nostalgia,121
00s,365,Throwback Nostalgia,88
2000smusic,365,Throwback Nostalgia,80
2010sthrowback,365,Throwback Nostalgia,80
nycbucketlist,365,Throwback Nostalgia,69
2000skids,365,Throwback Nostalgia,69
newyorkphotographer,365,Throwback Nostalgia,62
2000sthrowbacks,365,Throwback Nostalgia,59
milfordct,365,Throwback Nostalgia,25
originalcharacter,366,Anime and Fan Art,134
doodle,366,Anime and Fan Art,104
drawingtutorial,366,Anime and Fan Art,66
girl,367,Christian Worship Music,500
paratiiiiiiiiiiiiiiiiiiiiiiiiiiiiiiiiii,367,Christian Worship Music,107
lilies,367,Christian Worship Music,80
isabelsflores,367,Christian Worship Music,79
holyforever,367,Christian Worship Music,13
christomlin,367,Christian Worship Music,11
manager,368,Customer Service Skits,235
karen,368,Customer Service Skits,224
customer,368,Customer Service Skits,188
customersbelike,368,Customer Service Skits,149
retaillife,368,Customer Service Skits,141
karens,368,Customer Service Skits,137
managersbelike,368,Customer Service Skits,127
customers,368,Customer Service Skits,121
customerserviceproblems,368,Customer Service Skits,95
serviceindustry,368,Customer Service Skits,85
cashier,368,Customer Service Skits,77
chillzdelights,368,Customer Service Skits,37
janzinsvlogs,368,Customer Service Skits,36
popular,369,Entertainment & Memes,533
pop,369,Entertainment & Memes,278
darkhumor,369,Entertainment & Memes,116
darkhumour,369,Entertainment & Memes,76
itsalwayssunnyinphiladelphia,369,Entertainment & Memes,49
iasip,369,Entertainment & Memes,40
dannydevito,369,Entertainment & Memes,40
alwayssunny,369,Entertainment & Memes,39
itsalwayssunny,369,Entertainment & Memes,34
alwayssunnyinphiladelphia,369,Entertainment & Memes,34
dennisreynolds,369,Entertainment & Memes,32
frankreynolds,369,Entertainment & Memes,31
dj,370,Electronic Dance Music,467
brasil,370,Electronic Dance Music,254
mashup,370,Electronic Dance Music,197
housemusic,370,Electronic Dance Music,165
techno,370,Electronic Dance Music,135
musicvibes,370,Electronic Dance Music,48
hardstyle,370,Electronic Dance Music,43
8dmusic,370,Electronic Dance Music,35
fengtautechno,370,Electronic Dance Music,31
fengtau,370,Electronic Dance Music,31
basllbass,370,Electronic Dance Music,31
2000songs,370,Electronic Dance Music,31
njs,370,Electronic Dance Music,29
jbl,371,Travel and Work,101
القران_الكريم,371,Travel and Work,52
riyadh,371,Travel and Work,39
airportvideo,371,Travel and Work,30
zeealquran,371,Travel and Work,20
musafari,371,Travel and Work,14
father,372,Prank & Comedy,219
boom,372,Prank & Comedy,85
failarmy,372,Prank & Comedy,73
bigjustice,372,Prank & Comedy,48
videogames,373,Gaming Entertainment Content,381
nintendo,373,Gaming Entertainment Content,221
gamergirl,373,Gaming Entertainment Content,142
warzone,373,Gaming Entertainment Content,122
gamers,373,Gaming Entertainment Content,93
retrogaming,373,Gaming Entertainment Content,67
ranking,374,Gaming & Challenges,303
challenges,374,Gaming & Challenges,75
puzzle,374,Gaming & Challenges,74
gametok,374,Gaming & Challenges,73
tiktokfilter,374,Gaming & Challenges,59
iq,374,Gaming & Challenges,50
impossible,374,Gaming & Challenges,44
steveharveyshow,374,Gaming & Challenges,43
familygamenight,374,Gaming & Challenges,37
familyfued,374,Gaming & Challenges,32
funniest,374,Gaming & Challenges,25
numbers,374,Gaming & Challenges,22
rankingfilter,374,Gaming & Challenges,18
familyfueds,374,Gaming & Challenges,13
top6,374,Gaming & Challenges,11
changethe1personatatime,374,Gaming & Challenges,8
healingjourney,375,Mental Health Support,433
grief,375,Mental Health Support,312
heartbreak,375,Mental Health Support,180
childhoodtrauma,375,Mental Health Support,91
healingtiktok,375,Mental Health Support,88
selfgrowth,375,Mental Health Support,70
cptsd,375,Mental Health Support,60
movingon,375,Mental Health Support,44
selfawareness,375,Mental Health Support,41
healingprocess,375,Mental Health Support,33
quotesthathitdifferent,375,Mental Health Support,31
deepthoughtsquote,375,Mental Health Support,14
goodthing,376,Meme & Comedy,111
editss,376,Meme & Comedy,42
pls,376,Meme & Comedy,39
twitchstreamer,377,Digital Art Creations,102
animatic,377,Digital Art Creations,83
arttutorial,377,Digital Art Creations,56
multiplayer,377,Digital Art Creations,40
3dart,377,Digital Art Creations,31
flowerart,377,Digital Art Creations,17
jamestralie,377,Digital Art Creations,16
drawingfrommemory,377,Digital Art Creations,13
starwars,378,Star Wars Fandom,630
anakinskywalker,378,Star Wars Fandom,102
starwarsfan,378,Star Wars Fandom,91
galaxysedge,378,Star Wars Fandom,90
starwarstiktok,378,Star Wars Fandom,81
darthvader,378,Star Wars Fandom,70
lightsaber,378,Star Wars Fandom,68
maythe4thbewithyou,378,Star Wars Fandom,56
jedi,378,Star Wars Fandom,42
revengeofthesith,378,Star Wars Fandom,38
maythe4th,378,Star Wars Fandom,37
stormtrooper,378,Star Wars Fandom,36
starwarsedit,378,Star Wars Fandom,36
starwarsnite,378,Star Wars Fandom,35
clonewars,378,Star Wars Fandom,32
haydenchristensen,378,Star Wars Fandom,31
obiwan,378,Star Wars Fandom,30
starwarscosplay,378,Star Wars Fandom,30
anakin,378,Star Wars Fandom,28
maytheforcebewithyou,378,Star Wars Fandom,27
obiwankenobi,378,Star Wars Fandom,24
padmeamidala,378,Star Wars Fandom,20
sith,378,Star Wars Fandom,19
risa,379,Entertainment & Comedy,211
humortiktok,379,Entertainment & Comedy,198
risas,379,Entertainment & Comedy,166
broma,379,Entertainment & Comedy,105
relacionestoxicas,379,Entertainment & Comedy,53
elcompacamaron,379,Entertainment & Comedy,35
elsebas,379,Entertainment & Comedy,33
lapreciosa,379,Entertainment & Comedy,31
quebelleza,379,Entertainment & Comedy,29
notmyfaboritee,379,Entertainment & Comedy,15
movienight,380,Movie & TV Clips,118
viarl,380,Movie & TV Clips,49
flim,380,Movie & TV Clips,37
newengland,381,Fall Fashion & Decor,291
gilmoregirls,381,Fall Fashion & Decor,249
pumpkinseason,381,Fall Fashion & Decor,201
fallfashion,381,Fall Fashion & Decor,169
cozyvibes,381,Fall Fashion & Decor,165
autumnaesthetic,381,Fall Fashion & Decor,95
falldecor,381,Fall Fashion & Decor,89
pumpkinspice,381,Fall Fashion & Decor,84
pumpkinpatch,381,Fall Fashion & Decor,71
falltok,381,Fall Fashion & Decor,37
octobermood,381,Fall Fashion & Decor,36
diosesamor,382,Christian Inspiration,155
cristiano,382,Christian Inspiration,131
predicascristianas,382,Christian Inspiration,99
salmos,382,Christian Inspiration,96
iglesia,382,Christian Inspiration,95
versiculosbiblicos,382,Christian Inspiration,89
todolopuedoencristoquemefortalece,382,Christian Inspiration,67
proverbios,382,Christian Inspiration,60
eclesiastes,382,Christian Inspiration,56
leamoslabiblia,382,Christian Inspiration,55
cristovieneenbreve,382,Christian Inspiration,53
ai,383,AI & Animal Fun,878
aiart,383,AI & Animal Fun,202
chatgpt,383,AI & Animal Fun,141
artificialintelligence,383,AI & Animal Fun,86
darkfantasy,383,AI & Animal Fun,70
aicat,383,AI & Animal Fun,56
aivideo,383,AI & Animal Fun,49
ia,383,AI & Animal Fun,43
midjourney,383,AI & Animal Fun,39
veo3,383,AI & Animal Fun,33
openai,383,AI & Animal Fun,29
level,383,AI & Animal Fun,27
midjourneyai,383,AI & Animal Fun,22
legoai,383,AI & Animal Fun,21
darkfantasyaesthetic,383,AI & Animal Fun,21
babyai,383,AI & Animal Fun,16
fusion,384,Animal Rescue Videos,98
animales,384,Animal Rescue Videos,94
hybrid,384,Animal Rescue Videos,86
animalfusion,384,Animal Rescue Videos,48
hybrids,384,Animal Rescue Videos,32
pest,384,Animal Rescue Videos,30
monkeybibi,384,Animal Rescue Videos,21
bibifamily,384,Animal Rescue Videos,20
animalcutes,384,Animal Rescue Videos,20
monkeybabi,384,Animal Rescue Videos,20
bibiandlala,384,Animal Rescue Videos,20
bibiandmom,384,Animal Rescue Videos,17
bibimonkey,384,Animal Rescue Videos,15
her,385,Gaming & Entertainment,175
funnyy,385,Gaming & Entertainment,155
dogdad,385,Gaming & Entertainment,152
theboys,385,Gaming & Entertainment,126
npc,385,Gaming & Entertainment,72
listen,385,Gaming & Entertainment,65
giftok,385,Gaming & Entertainment,42
spreadpositivity,385,Gaming & Entertainment,22
scottdelltiktoks,385,Gaming & Entertainment,22
scottdell,385,Gaming & Entertainment,22
blaunt2,385,Gaming & Entertainment,19
axycba,385,Gaming & Entertainment,17
trentonfs,385,Gaming & Entertainment,15
intrentonfswetrust,385,Gaming & Entertainment,15
ianjumpp,385,Gaming & Entertainment,13
edenfromli,385,Gaming & Entertainment,13
eden516,385,Gaming & Entertainment,12
westafricantiktok,385,Gaming & Entertainment,10
westafricancommunity,385,Gaming & Entertainment,8
shareal,385,Gaming & Entertainment,7
weluvujosh,385,Gaming & Entertainment,5
azycba,385,Gaming & Entertainment,5
shark,386,Travel and Adventure,268
oceanlife,386,Travel and Adventure,156
ship,386,Travel and Adventure,152
waves,386,Travel and Adventure,146
dangerous,386,Travel and Adventure,138
sea,386,Travel and Adventure,131
sharks,386,Travel and Adventure,119
sealife,386,Travel and Adventure,109
northsea,386,Travel and Adventure,51
bioluminescence,386,Travel and Adventure,51
bigship,386,Travel and Adventure,19
cakedecorating,387,Baking & Decorating,482
caketok,387,Baking & Decorating,207
heartcake,387,Baking & Decorating,163
baker,387,Baking & Decorating,149
cakes,387,Baking & Decorating,134
buttercream,387,Baking & Decorating,122
vintagecake,387,Baking & Decorating,112
cakevideo,387,Baking & Decorating,109
baketok,387,Baking & Decorating,94
cakedecorator,387,Baking & Decorating,77
cakesbyalejandra,387,Baking & Decorating,71
cakesoftiktok,387,Baking & Decorating,70
cakeart,387,Baking & Decorating,55
bakeryowner,387,Baking & Decorating,55
buttercreamcake,387,Baking & Decorating,44
cakedesign,387,Baking & Decorating,43
caketutorial,387,Baking & Decorating,42
pinkcake,387,Baking & Decorating,31
cakesofinstagram,387,Baking & Decorating,27
wiltontips,387,Baking & Decorating,20
y2kcake,387,Baking & Decorating,20
bsf,388,Tattoo & Mental Health,170
airbus,388,Tattoo & Mental Health,90
tsa,388,Tattoo & Mental Health,52
tattoostyle,388,Tattoo & Mental Health,38
tattoocommunity,388,Tattoo & Mental Health,20
tattooadvice,388,Tattoo & Mental Health,17
layseverywhere,388,Tattoo & Mental Health,17
deer,389,Michigan Wildlife Farming,173
bar,389,Michigan Wildlife Farming,138
puremichigan,389,Michigan Wildlife Farming,80
bars,389,Michigan Wildlife Farming,76
umich,389,Michigan Wildlife Farming,66
whitetail,389,Michigan Wildlife Farming,52
lakemichigan,389,Michigan Wildlife Farming,49
goblue,389,Michigan Wildlife Farming,43
michigancheck,389,Michigan Wildlife Farming,38
uofm,389,Michigan Wildlife Farming,31
fawn,389,Michigan Wildlife Farming,30
michiganders,389,Michigan Wildlife Farming,27
universityofmichigan,389,Michigan Wildlife Farming,19
grandrapidsmichigan,389,Michigan Wildlife Farming,19
deerfarm,389,Michigan Wildlife Farming,16
westmichigan,389,Michigan Wildlife Farming,16
michigandeerfarmer,389,Michigan Wildlife Farming,12
deeroftiktok,389,Michigan Wildlife Farming,12
lansingmichigan,389,Michigan Wildlife Farming,12
nails,390,Beauty Nail Art,1408
nailart,390,Beauty Nail Art,588
nailinspo,390,Beauty Nail Art,501
nailtok,390,Beauty Nail Art,334
acrylicnails,390,Beauty Nail Art,326
nailtutorial,390,Beauty Nail Art,291
gelxnails,390,Beauty Nail Art,208
gelnails,390,Beauty Nail Art,206
nailsartvideos,390,Beauty Nail Art,177
nailartist,390,Beauty Nail Art,138
arte,390,Beauty Nail Art,138
nail,390,Beauty Nail Art,134
naildesigns,390,Beauty Nail Art,100
drawings,390,Beauty Nail Art,81
privatenailtech,390,Beauty Nail Art,58
whatarewedoingtoday,390,Beauty Nail Art,47
pencildrawing,390,Beauty Nail Art,44
arts,390,Beauty Nail Art,44
digitaldrawing,390,Beauty Nail Art,38
hardgel,390,Beauty Nail Art,37
artsy,390,Beauty Nail Art,35
artjournal,390,Beauty Nail Art,34
instaart,390,Beauty Nail Art,34
artlife,390,Beauty Nail Art,34
artlover,390,Beauty Nail Art,32
husbandandwife,391,Marriage Humor Content,289
couplescomedy,391,Marriage Humor Content,243
husbandsoftiktok,391,Marriage Humor Content,146
husbandwifecomedy,391,Marriage Humor Content,144
couplesgoals,391,Marriage Humor Content,95
retailworker,391,Marriage Humor Content,93
coupleshumor,391,Marriage Humor Content,90
couplehumor,391,Marriage Humor Content,61
coupleschallenge,391,Marriage Humor Content,54
husbandandwifecomedy,391,Marriage Humor Content,34
wivesbelike,391,Marriage Humor Content,15
marriagememes,391,Marriage Humor Content,8
caballos,392,Christian Lifestyle & Horses,133
christianfyp,392,Christian Lifestyle & Horses,120
christianlife,392,Christian Lifestyle & Horses,87
christianlifestye,392,Christian Lifestyle & Horses,78
churchmusic,392,Christian Lifestyle & Horses,78
godofwar,392,Christian Lifestyle & Horses,56
horselover,392,Christian Lifestyle & Horses,53
kratos,392,Christian Lifestyle & Horses,40
chuchtok,392,Christian Lifestyle & Horses,34
godofwarragnarok,392,Christian Lifestyle & Horses,34
carrerasdecaballos,392,Christian Lifestyle & Horses,32
carreras,392,Christian Lifestyle & Horses,31
wereamericans,392,Christian Lifestyle & Horses,25
churchhymn,392,Christian Lifestyle & Horses,24
kratosgodofwar,392,Christian Lifestyle & Horses,23
mistree_ismailshah,392,Christian Lifestyle & Horses,18
pokemon,393,Pokémon Trading Cards,605
pokemoncommunity,393,Pokémon Trading Cards,280
pokemontcg,393,Pokémon Trading Cards,229
pokemontiktok,393,Pokémon Trading Cards,157
pokemoncards,393,Pokémon Trading Cards,125
pokemongo,393,Pokémon Trading Cards,71
pikachu,393,Pokémon Trading Cards,51
ashketchum,393,Pokémon Trading Cards,47
tcg,393,Pokémon Trading Cards,37
pokémon,393,Pokémon Trading Cards,25
examenpokemon,393,Pokémon Trading Cards,22
teamup,393,Pokémon Trading Cards,18
pokemonscarletviolet,393,Pokémon Trading Cards,18
swordandshield,393,Pokémon Trading Cards,17
pokemonfan,393,Pokémon Trading Cards,16
eevee,393,Pokémon Trading Cards,16
prismaticevolutions,393,Pokémon Trading Cards,16
charizard,393,Pokémon Trading Cards,14
pokemonxyz,393,Pokémon Trading Cards,12
pokemonxy,393,Pokémon Trading Cards,12
teamrocket,393,Pokémon Trading Cards,11
pokemoncardsopening,393,Pokémon Trading Cards,11
pokemoncollector,393,Pokémon Trading Cards,11
serenapokemon,393,Pokémon Trading Cards,9
swifties,394,Taylor Swift Fans,432
swiftiesoftiktok,394,Taylor Swift Fans,72
nyceats,395,Food & New York,219
nycfoodie,395,Food & New York,187
nycrestaurants,395,Food & New York,181
newyorkfood,395,Food & New York,78
newyorkcityfood,395,Food & New York,44
nycfoodblogger,395,Food & New York,24
animationmeme,396,Digital Art & Animation,228
tweening,396,Digital Art & Animation,136
osc,396,Digital Art & Animation,73
sadieyayy,396,Digital Art & Animation,42
sadi1vv,396,Digital Art & Animation,41
disneymagic,397,Disney Fan Culture,162
disneylife,397,Disney Fan Culture,118
disneyrides,397,Disney Fan Culture,97
disneycontent,397,Disney Fan Culture,86
disneycontentcreator,397,Disney Fan Culture,65
tianasbayouadventure,397,Disney Fan Culture,61
mysterypins,397,Disney Fan Culture,51
seewdw,397,Disney Fan Culture,26
2024,398,College Graduation Stories,1183
graduation,398,College Graduation Stories,938
classof2025,398,College Graduation Stories,253
senioryear,398,College Graduation Stories,229
graduate,398,College Graduation Stories,177
classof2024,398,College Graduation Stories,175
grad,398,College Graduation Stories,114
firstgen,398,College Graduation Stories,112
classof2023,398,College Graduation Stories,86
firstgeneration,398,College Graduation Stories,69
collegegrad,398,College Graduation Stories,58
graduated,398,College Graduation Stories,51
mastersdegree,398,College Graduation Stories,48
graduation2025,398,College Graduation Stories,40
commencement,398,College Graduation Stories,36
collegegraduation,398,College Graduation Stories,33
graduation2023,398,College Graduation Stories,30
collegegraduate,398,College Graduation Stories,29
askreddit,399,Short Story Sharing,569
redditreadings,399,Short Story Sharing,547
redditstorytime,399,Short Story Sharing,223
redditstorytimes,399,Short Story Sharing,135
shortstory,399,Short Story Sharing,95
aita,399,Short Story Sharing,91
fiction,399,Short Story Sharing,66
nosleep,399,Short Story Sharing,61
writingprompts,399,Short Story Sharing,54
twohottakes,399,Short Story Sharing,43
redditstory,399,Short Story Sharing,36
redditparanormal,399,Short Story Sharing,35
shortsory,399,Short Story Sharing,28
reddittstorytime,399,Short Story Sharing,25
redditmeme,399,Short Story Sharing,24
toxic,400,Relationship & Romance,267
lovequotes,400,Relationship & Romance,160
colorado,401,Mountain Adventure Travel,877
snowday,401,Mountain Adventure Travel,183
denvercolorado,401,Mountain Adventure Travel,172
snowboard,401,Mountain Adventure Travel,160
coloradocheck,401,Mountain Adventure Travel,75
redrocks,401,Mountain Adventure Travel,71
coloradosprings,401,Mountain Adventure Travel,63
ceramiccoating,401,Mountain Adventure Travel,54
ppf,401,Mountain Adventure Travel,40
coloradoadventures,401,Mountain Adventure Travel,33
showcar,401,Mountain Adventure Travel,32
coloradolife,401,Mountain Adventure Travel,29
thingstodoincolorado,401,Mountain Adventure Travel,28
teamhuckhouse,401,Mountain Adventure Travel,23
snowboardtok,401,Mountain Adventure Travel,23
showcarautospa,401,Mountain Adventure Travel,16
voiceeffects,402,Entertainment & Comedy,214
nye,402,Entertainment & Comedy,105
newyearseve,402,Entertainment & Comedy,98
laufey,402,Entertainment & Comedy,97
jazztok,402,Entertainment & Comedy,61
jazzsinger,402,Entertainment & Comedy,21
juilliard,402,Entertainment & Comedy,19
samarajoy,402,Entertainment & Comedy,15
katekortum,402,Entertainment & Comedy,14
dukeellington,402,Entertainment & Comedy,14
natkingcole,402,Entertainment & Comedy,14
funnybaby,403,Parenting & Babies,362
babyfever,403,Parenting & Babies,273
babies,403,Parenting & Babies,270
funnykids,403,Parenting & Babies,156
bebestiktoks,403,Parenting & Babies,116
cutebabies,403,Parenting & Babies,91
funnybabies,403,Parenting & Babies,71
babyhumor,403,Parenting & Babies,66
parejas,404,Theater & Comedy,442
musicaltheatre,404,Theater & Comedy,430
musical,404,Theater & Comedy,381
theatre,404,Theater & Comedy,376
theatrekid,404,Theater & Comedy,310
hamilton,404,Theater & Comedy,275
reflexionesdelavida,404,Theater & Comedy,238
joserprime,404,Theater & Comedy,23
greysanatomy,405,Medical Student Life,190
heart,405,Medical Student Life,183
womenshealth,405,Medical Student Life,173
medschool,405,Medical Student Life,122
surgeon,405,Medical Student Life,87
dr,405,Medical Student Life,87
residency,405,Medical Student Life,84
medicalschool,405,Medical Student Life,76
medtok,405,Medical Student Life,66
womeninmedicine,405,Medical Student Life,38
orthopedicsurgeon,405,Medical Student Life,31
doctorlife,405,Medical Student Life,19
misterio,406,Christian Faith & Spirituality,182
podcasts,406,Christian Faith & Spirituality,115
virgendeguadalupe,406,Christian Faith & Spirituality,94
evangelio,406,Christian Faith & Spirituality,50
cristianismo,406,Christian Faith & Spirituality,44
demonio,406,Christian Faith & Spirituality,43
historiabíblica,406,Christian Faith & Spirituality,35
esoterismo,406,Christian Faith & Spirituality,29
catolicostiktok,406,Christian Faith & Spirituality,20
leviathan,406,Christian Faith & Spirituality,17
mrtartaria,406,Christian Faith & Spirituality,16
tartaria,406,Christian Faith & Spirituality,14
demonios,406,Christian Faith & Spirituality,11
karlestorah,406,Christian Faith & Spirituality,11
noe,406,Christian Faith & Spirituality,10
leviatan,406,Christian Faith & Spirituality,8
reales,406,Christian Faith & Spirituality,7
profeta,406,Christian Faith & Spirituality,7
vendicion,406,Christian Faith & Spirituality,5
increíble,406,Christian Faith & Spirituality,5
milagrosos,406,Christian Faith & Spirituality,4
reale,406,Christian Faith & Spirituality,4
soulmate,407,Boho Lifestyle Fashion,213
boho,407,Boho Lifestyle Fashion,168
hibiscus,407,Boho Lifestyle Fashion,165
bohovibe,407,Boho Lifestyle Fashion,100
multiplesclerosis,407,Boho Lifestyle Fashion,99
styleme,407,Boho Lifestyle Fashion,99
spelldesigns,407,Boho Lifestyle Fashion,98
spellmo,407,Boho Lifestyle Fashion,98
msfighter,407,Boho Lifestyle Fashion,97
mswarrior,407,Boho Lifestyle Fashion,97
spellsisters,407,Boho Lifestyle Fashion,97
spellthelabel,407,Boho Lifestyle Fashion,97
kimono,407,Boho Lifestyle Fashion,97
hibiscusmini,407,Boho Lifestyle Fashion,96
hibiscuskimono,407,Boho Lifestyle Fashion,96
spellandthegypsy,407,Boho Lifestyle Fashion,92
spellandthegypsycollective,407,Boho Lifestyle Fashion,91
lovespellsmaster,407,Boho Lifestyle Fashion,89
nstafashion,407,Boho Lifestyle Fashion,87
lovespelljar,407,Boho Lifestyle Fashion,86
obsessionlovespell,407,Boho Lifestyle Fashion,86
lovespellbridal,407,Boho Lifestyle Fashion,86
lovebindingspell,407,Boho Lifestyle Fashion,86
led,408,Entertainment & Comedy,163
tiktoktrending,408,Entertainment & Comedy,108
reelsviral,408,Entertainment & Comedy,91
tiktokbangladesh,408,Entertainment & Comedy,59
hitoxic,408,Entertainment & Comedy,34
amarbangladesh,408,Entertainment & Comedy,33
tiktoksteudio,408,Entertainment & Comedy,30
dachshundpuppylove,408,Entertainment & Comedy,20
mercedes,409,Automotive Enthusiasts,295
mercedesbenz,409,Automotive Enthusiasts,198
amg,409,Automotive Enthusiasts,184
supercar,409,Automotive Enthusiasts,183
carscene,409,Automotive Enthusiasts,97
carspotting,409,Automotive Enthusiasts,81
crawfish,410,Animal Welfare Advocacy,172
mardigras,410,Animal Welfare Advocacy,92
rescuedogs,410,Animal Welfare Advocacy,77
fosterdog,410,Animal Welfare Advocacy,70
shelterdogs,410,Animal Welfare Advocacy,62
frenchquarter,410,Animal Welfare Advocacy,34
crawfishseason,410,Animal Welfare Advocacy,33
bourbonstreet,410,Animal Welfare Advocacy,29
seniordogsoftiktok,410,Animal Welfare Advocacy,27
crawfishmukbang,410,Animal Welfare Advocacy,20
songlyrics,411,Music & Lyrics,157
flashback,411,Music & Lyrics,147
desamor,411,Music & Lyrics,143
paratodos,411,Music & Lyrics,140
romantic,411,Music & Lyrics,138
lyricsedit,411,Music & Lyrics,96
enamorados,411,Music & Lyrics,91
audios,411,Music & Lyrics,74
musiclyrics,411,Music & Lyrics,56
lyricsmusic,411,Music & Lyrics,43
speedup,411,Music & Lyrics,41
howtotiktok,412,DIY Craft Tutorials,94
origami,412,DIY Craft Tutorials,84
dollar,412,DIY Craft Tutorials,75
sewingtutorial,412,DIY Craft Tutorials,61
pesca,412,DIY Craft Tutorials,37
easytutorial,412,DIY Craft Tutorials,34
nepalifood,412,DIY Craft Tutorials,33
sewinghacks,412,DIY Craft Tutorials,32
angler,412,DIY Craft Tutorials,32
sewingforbeginners,412,DIY Craft Tutorials,24
nepalirecipe,412,DIY Craft Tutorials,24
newdesign,412,DIY Craft Tutorials,23
sewingtricks,412,DIY Craft Tutorials,18
phonecasediy,412,DIY Craft Tutorials,18
sleevsdesign,412,DIY Craft Tutorials,17
silaivideos,412,DIY Craft Tutorials,15
cruelsummer,413,Music & Concerts,51
gillettestadium,413,Music & Concerts,44
erastourtampa,413,Music & Concerts,29
rainshow,413,Music & Concerts,27
tampaerastour,413,Music & Concerts,20
metlifetstheerastour,413,Music & Concerts,17
marvelrivals,414,Comic Book Cosplay,234
deadpool,414,Comic Book Cosplay,159
avengers,414,Comic Book Cosplay,140
comics,414,Comic Book Cosplay,106
wolverine,414,Comic Book Cosplay,99
captainamerica,414,Comic Book Cosplay,77
deadpoolandwolverine,414,Comic Book Cosplay,70
marveltok,414,Comic Book Cosplay,65
hulk,414,Comic Book Cosplay,65
xmen,414,Comic Book Cosplay,63
wandamaximoff,414,Comic Book Cosplay,48
rivals,414,Comic Book Cosplay,47
scarletwitch,414,Comic Book Cosplay,45
thunderbolts,414,Comic Book Cosplay,44
tonystark,414,Comic Book Cosplay,40
marvelrivalsclips,414,Comic Book Cosplay,39
agathaallalong,414,Comic Book Cosplay,38
marveledit,414,Comic Book Cosplay,31
fantasticfour,414,Comic Book Cosplay,23
genshinimpact,415,Genshin Impact Gaming,402
genshin,415,Genshin Impact Gaming,258
hsr,415,Genshin Impact Gaming,76
hoyocreators,415,Genshin Impact Gaming,68
hoyoverse,415,Genshin Impact Gaming,57
mmd,415,Genshin Impact Gaming,49
genshinmmd,415,Genshin Impact Gaming,43
xiao,415,Genshin Impact Gaming,40
genshintips,415,Genshin Impact Gaming,39
teyvat,415,Genshin Impact Gaming,38
natlan,415,Genshin Impact Gaming,36
genshintok,415,Genshin Impact Gaming,35
scaramouche,415,Genshin Impact Gaming,35
fontaine,415,Genshin Impact Gaming,34
genshinimpactedit,415,Genshin Impact Gaming,31
childe,415,Genshin Impact Gaming,30
paimon,415,Genshin Impact Gaming,25
neuvillette,415,Genshin Impact Gaming,25
zhongli,415,Genshin Impact Gaming,24
genshinfunny,415,Genshin Impact Gaming,23
genshinimpactedits,415,Genshin Impact Gaming,22
genshinimpactfontaine,415,Genshin Impact Gaming,21
alhaitham,415,Genshin Impact Gaming,21
genshinimpactcosplay,415,Genshin Impact Gaming,20
kinich,415,Genshin Impact Gaming,19
genshinimpact48,415,Genshin Impact Gaming,17
wriothesley,415,Genshin Impact Gaming,17
barber,416,Barbering & Grooming,1174
taperfade,416,Barbering & Grooming,403
barberlife,416,Barbering & Grooming,269
taper,416,Barbering & Grooming,205
burstfade,416,Barbering & Grooming,134
menshaircut,416,Barbering & Grooming,134
lowfade,416,Barbering & Grooming,117
losangelesbarber,416,Barbering & Grooming,114
midfade,416,Barbering & Grooming,107
messyhair,416,Barbering & Grooming,91
dropfade,416,Barbering & Grooming,90
mainecoon,416,Barbering & Grooming,81
kittentok,416,Barbering & Grooming,53
kingcounty,416,Barbering & Grooming,50
quiz,417,General Knowledge Fun,443
question,417,General Knowledge Fun,219
quiztime,417,General Knowledge Fun,166
knowledge,417,General Knowledge Fun,157
quizchallenge,417,General Knowledge Fun,86
quizz,417,General Knowledge Fun,76
answer,417,General Knowledge Fun,76
wouldyourather,417,General Knowledge Fun,62
genius,417,General Knowledge Fun,59
generalknowledge,417,General Knowledge Fun,53
preguntasyrespuestas,417,General Knowledge Fun,47
makeitviral,417,General Knowledge Fun,46
gk,417,General Knowledge Fun,42
culturageneral,417,General Knowledge Fun,32
brainmingle,417,General Knowledge Fun,30
quizzes,417,General Knowledge Fun,29
quizgame,417,General Knowledge Fun,23
riddleoftheday,417,General Knowledge Fun,20
enigmas,417,General Knowledge Fun,19
wickedmovie,418,Theater & Musical,181
theater,418,Theater & Musical,157
hamiltonmusical,418,Theater & Musical,144
linmanuelmiranda,418,Theater & Musical,126
musicals,418,Theater & Musical,112
wickedthemusical,418,Theater & Musical,99
theatretok,418,Theater & Musical,87
theatretiktok,418,Theater & Musical,76
broadwaymusicals,418,Theater & Musical,75
theaterkid,418,Theater & Musical,68
musicaltheater,418,Theater & Musical,67
tonyawards,418,Theater & Musical,49
hadestown,418,Theater & Musical,42
broadwaytiktok,418,Theater & Musical,29
broadwaytok,418,Theater & Musical,27
mixtape,419,Sports - College Football,88
ncaafootball,419,Sports - College Football,75
alabamafootball,419,Sports - College Football,69
travishunter,419,Sports - College Football,62
coachprime,419,Sports - College Football,55
cfb25,419,Sports - College Football,49
ncaa25,419,Sports - College Football,48
coloradofootball,419,Sports - College Football,40
cfbplayoff,419,Sports - College Football,39
collegegameday,419,Sports - College Football,35
collegefootballtiktok,419,Sports - College Football,33
collegefootball25,419,Sports - College Football,28
heisman,419,Sports - College Football,26
cfp,419,Sports - College Football,26
collegefootballplayoff,419,Sports - College Football,22
tourism,420,Travel & NYC,106
visitnyc,420,Travel & NYC,85
unionsquare,420,Travel & NYC,41
lexagates,420,Travel & NYC,27
nycthings,420,Travel & NYC,26
dealership,421,Comedy Sketch Videos,256
parody,421,Comedy Sketch Videos,233
sketchcomedy,421,Comedy Sketch Videos,148
oneminute,421,Comedy Sketch Videos,78
treztiwaun,421,Comedy Sketch Videos,77
imbm,421,Comedy Sketch Videos,38
boston,422,Immigrant American Stories,827
massachusetts,422,Immigrant American Stories,429
bostontiktok,422,Immigrant American Stories,150
marathon,422,Immigrant American Stories,132
brasileirosnoseua,422,Immigrant American Stories,84
portugal,422,Immigrant American Stories,70
bostonmarathon,422,Immigrant American Stories,57
imigrante,422,Immigrant American Stories,57
bostonma,422,Immigrant American Stories,48
massachusettstiktok,422,Immigrant American Stories,33
bostonfoodies,422,Immigrant American Stories,32
massachusettscheck,422,Immigrant American Stories,31
sonhoamericano,422,Immigrant American Stories,28
tdgarden,422,Immigrant American Stories,23
bostontok,422,Immigrant American Stories,22
vidanamerica,422,Immigrant American Stories,19
bostoncheck,422,Immigrant American Stories,16
suitup,422,Immigrant American Stories,15
lisboa,422,Immigrant American Stories,14
sartorial,422,Immigrant American Stories,13
floristsoftiktok,423,Beauty & Fashion,169
karaoke,424,Beauty & Makeup,221
react,424,Beauty & Makeup,96
reacts,424,Beauty & Makeup,42
runwaywalk,424,Beauty & Makeup,35
modelwalk,424,Beauty & Makeup,27
hawaiitiktokers,424,Beauty & Makeup,21
chefreaction,424,Beauty & Makeup,20
ratemycooking,424,Beauty & Makeup,20
cbbapproved,424,Beauty & Makeup,17
chefkenlee,424,Beauty & Makeup,17
whatgoinonhea,424,Beauty & Makeup,16
modelreview,424,Beauty & Makeup,16
chefsreaction,424,Beauty & Makeup,16
nextdoormusician,424,Beauty & Makeup,15
judgingwithjanice,424,Beauty & Makeup,14
ultimahora,425,News & Entertainment,254
curiosidades,425,News & Entertainment,209
noticiastiktok,425,News & Entertainment,123
datoscuriosos,425,News & Entertainment,112
sabiasque,425,News & Entertainment,86
claudiasheimbaum,425,News & Entertainment,83
noticia,425,News & Entertainment,76
noticiasen1minuto,425,News & Entertainment,65
satysfying,425,News & Entertainment,54
informacion,425,News & Entertainment,40
noticiasdeultimahora,425,News & Entertainment,25
noticiasestadosunidos,425,News & Entertainment,19
nowthatwedonttalk,425,News & Entertainment,10
noticiasdeestadounidos,425,News & Entertainment,5
logrosyexitos,425,News & Entertainment,4
loscriticosmasvirales,425,News & Entertainment,3
chupilupi,425,News & Entertainment,2
louisiana,426,Louisiana Food Culture,609
cajun,426,Louisiana Food Culture,108
crawfishboil,426,Louisiana Food Culture,68
lafayette,426,Louisiana Food Culture,49
louisianatiktok,426,Louisiana Food Culture,31
creole,426,Louisiana Food Culture,31
lakecharles,426,Louisiana Food Culture,23
337,426,Louisiana Food Culture,17
louisianacheck,426,Louisiana Food Culture,16
mrweatherall,426,Louisiana Food Culture,13
caughtoncamera,427,Horror & Creepy Content,134
horrormovie,427,Horror & Creepy Content,108
monsters,427,Horror & Creepy Content,73
horrormovies,427,Horror & Creepy Content,72
creepyfacts,427,Horror & Creepy Content,49
analoghorror,427,Horror & Creepy Content,48
slasher,427,Horror & Creepy Content,26
horrorcommunity,427,Horror & Creepy Content,26
halloweeniscoming,427,Horror & Creepy Content,10
assustador,427,Horror & Creepy Content,7
brahmsheelshire,427,Horror & Creepy Content,6
mandimellen,427,Horror & Creepy Content,5
medo,427,Horror & Creepy Content,5
brahms,427,Horror & Creepy Content,4
都市伝説,427,Horror & Creepy Content,4
theboy2016,427,Horror & Creepy Content,3
brahmsheelshirecosplay,427,Horror & Creepy Content,3
brahmsheelshireedit,427,Horror & Creepy Content,3
vibe,428,Party & Pregnancy,276
drink,428,Party & Pregnancy,153
fiesta,428,Party & Pregnancy,144
genderrevealideas,428,Party & Pregnancy,78
alcohol,428,Party & Pregnancy,66
events,428,Party & Pregnancy,55
nclex,428,Party & Pregnancy,48
tequila,428,Party & Pregnancy,47
partytime,428,Party & Pregnancy,44
crna,428,Party & Pregnancy,29
houseparty,428,Party & Pregnancy,22
draping,428,Party & Pregnancy,15
partyrentals,428,Party & Pregnancy,11
wasted,428,Party & Pregnancy,11
eventrentals,428,Party & Pregnancy,5
getdrunk,428,Party & Pregnancy,3
percyjackson,429,Anime/Manga Art,182
omgpage,429,Anime/Manga Art,128
viraledit,429,Anime/Manga Art,118
youngsheldon,429,Anime/Manga Art,103
sopranos,429,Anime/Manga Art,57
homicipher,429,Anime/Manga Art,33
mrcrawling,429,Anime/Manga Art,32
homicipheroc,429,Anime/Manga Art,28
sopranosedit,429,Anime/Manga Art,26
christophermoltisanti,429,Anime/Manga Art,26
sopranosfamily,429,Anime/Manga Art,25
anthonysoprano,429,Anime/Manga Art,16
guitar,430,Music Performance Videos,638
coversong,430,Music Performance Videos,324
metal,430,Music Performance Videos,299
acoustic,430,Music Performance Videos,225
guitarist,430,Music Performance Videos,122
guitarlesson,430,Music Performance Videos,95
guitarsolo,430,Music Performance Videos,69
acousticcovers,430,Music Performance Videos,68
acousticguitar,430,Music Performance Videos,62
electricguitar,430,Music Performance Videos,60
guitarra,430,Music Performance Videos,60
guitarcover,430,Music Performance Videos,49
fender,430,Music Performance Videos,41
guitarplayer,430,Music Performance Videos,36
riff,430,Music Performance Videos,22
gibson,430,Music Performance Videos,19
fade,431,Beauty & Grooming,306
menshair,431,Beauty & Grooming,220
richmondva,431,Beauty & Grooming,170
haircuttutorial,431,Beauty & Grooming,142
vabarber,431,Beauty & Grooming,133
rvabarber,431,Beauty & Grooming,130
richmondvabarber,431,Beauty & Grooming,129
nguyensteadycutting,431,Beauty & Grooming,129
blowouttaper,431,Beauty & Grooming,118
lineup,431,Beauty & Grooming,114
fringe,431,Beauty & Grooming,110
seattlebarber,431,Beauty & Grooming,74
tacomabarber,431,Beauty & Grooming,68
charlestonsc,432,Music Festival Coverage,125
hottogo,432,Music Festival Coverage,102
lollapalooza,432,Music Festival Coverage,96
pinkponyclub,432,Music Festival Coverage,91
govball,432,Music Festival Coverage,72
gutsworldtour,432,Music Festival Coverage,69
casual,432,Music Festival Coverage,63
gutstour,432,Music Festival Coverage,62
goodluckbabe,432,Music Festival Coverage,55
midwestprincess,432,Music Festival Coverage,40
chappellroantour,432,Music Festival Coverage,36
chappellroanconcert,432,Music Festival Coverage,33
chappell,432,Music Festival Coverage,29
midwestprincesstour,432,Music Festival Coverage,19
austincitylimits,432,Music Festival Coverage,19
theriseandfallofamidwestprincess,432,Music Festival Coverage,15
redwinesupernova,432,Music Festival Coverage,11
hottogochappellroan,432,Music Festival Coverage,10
chappellroanlive,432,Music Festival Coverage,10
chappellroantiktok,432,Music Festival Coverage,9
chappellroanedit,432,Music Festival Coverage,9
femininomenon,432,Music Festival Coverage,8
pictureyou,432,Music Festival Coverage,7
gutsworldtourlosangeles,432,Music Festival Coverage,7
jcole,433,Florida Weather Reports,114
tampaflorida,433,Florida Weather Reports,83
buschgardens,433,Florida Weather Reports,58
stpete,433,Florida Weather Reports,57
clearwater,433,Florida Weather Reports,44
stpetersburg,433,Florida Weather Reports,38
tampafl,433,Florida Weather Reports,33
utampa,433,Florida Weather Reports,29
tampafoodie,433,Florida Weather Reports,23
aquarium,434,Aquarium & Marine Life,386
georgiaaquarium,434,Aquarium & Marine Life,111
turtle,434,Aquarium & Marine Life,98
montereybayaquarium,434,Aquarium & Marine Life,69
jellyfish,434,Aquarium & Marine Life,64
whaleshark,434,Aquarium & Marine Life,62
fishtank,434,Aquarium & Marine Life,58
montereybay,434,Aquarium & Marine Life,48
stingray,434,Aquarium & Marine Life,40
videodiary,434,Aquarium & Marine Life,35
aquascape,434,Aquarium & Marine Life,26
aquariumdate,434,Aquarium & Marine Life,24
aquariumfish,434,Aquarium & Marine Life,17
aquariumhobby,434,Aquarium & Marine Life,17
plantedtank,434,Aquarium & Marine Life,16
aquariumsoftiktok,434,Aquarium & Marine Life,11
audi,435,Automotive Enthusiasts,190
supercharged,435,Automotive Enthusiasts,190
americanmuscle,435,Automotive Enthusiasts,126
carporn,435,Automotive Enthusiasts,105
mechaniclife,436,Fantasy & Romance,187
corporatetiktok,436,Fantasy & Romance,164
miniso,436,Fantasy & Romance,86
ohana,436,Fantasy & Romance,35
stitchlover,436,Fantasy & Romance,24
disneystitch,436,Fantasy & Romance,13
ohanameansfamily,436,Fantasy & Romance,12
sandiego,437,Food and Travel,889
seaworld,437,Food and Travel,107
sandiegohiddengems,437,Food and Travel,66
lajolla,437,Food and Travel,44
carlsbad,437,Food and Travel,43
sandiegolife,437,Food and Travel,37
flowerfields,437,Food and Travel,33
sandiegofood,437,Food and Travel,33
newhaven,437,Food and Travel,30
apizza,437,Food and Travel,29
chulavista,437,Food and Travel,19
sandiegothingstodo,437,Food and Travel,18
blacklove,438,Relationship Comedy,267
healthyrelationship,438,Relationship Comedy,68
oromotiktok,438,Relationship Comedy,44
phoenixaz,439,Food & Local,119
scottsdale,439,Food & Local,115
arizonacheck,439,Food & Local,76
tucson,439,Food & Local,58
pizzeria,439,Food & Local,55
mesaaz,439,Food & Local,53
tempe,439,Food & Local,48
phoenixarizona,439,Food & Local,47
sedona,439,Food & Local,45
arizonafoodie,439,Food & Local,34
arizonafood,439,Food & Local,34
mesa,439,Food & Local,29
glendaleaz,439,Food & Local,26
cheer,440,Dance & Performance,298
dwts,440,Dance & Performance,192
dancingwiththestars,440,Dance & Performance,154
brown,440,Dance & Performance,148
linedancersoftiktok,440,Dance & Performance,131
danceteam,440,Dance & Performance,57
majorette,440,Dance & Performance,39
contemporarydance,440,Dance & Performance,35
collegedance,440,Dance & Performance,28
shuffle,440,Dance & Performance,23
shuffledance,440,Dance & Performance,20
brunch,441,Food Service Industry,260
burrito,441,Food Service Industry,259
server,441,Food Service Industry,183
tasty,441,Food Service Industry,159
pancakes,441,Food Service Industry,155
breakfastideas,441,Food Service Industry,142
restaurantreview,441,Food Service Industry,102
cheflife,441,Food Service Industry,99
lesbiancouple,442,LGBTQ+ Community Content,74
sapphic,442,LGBTQ+ Community Content,40
wlwtok,442,LGBTQ+ Community Content,26
femme,442,LGBTQ+ Community Content,24
comedia,444,Mom Life Comedy,1055
parentlife,444,Mom Life Comedy,125
mamalatina,444,Mom Life Comedy,116
vidademama,444,Mom Life Comedy,85
niñosdetiktok,444,Mom Life Comedy,77
latinosenutah,444,Mom Life Comedy,69
mamade4,444,Mom Life Comedy,59
vidaconhijos,444,Mom Life Comedy,57
usablogger,444,Mom Life Comedy,56
textingwho,444,Mom Life Comedy,56
utahblogger,444,Mom Life Comedy,55
textingwhofamily,444,Mom Life Comedy,55
bloggerlatina,444,Mom Life Comedy,54
textingwhobarbaris,444,Mom Life Comedy,50
walmart,445,Shopping & Fashion,603
shopwithme,445,Shopping & Fashion,282
groceryshopping,445,Shopping & Fashion,167
shoppingvlog,445,Shopping & Fashion,157
deals,445,Shopping & Fashion,102
shoppingaddict,445,Shopping & Fashion,97
groceries,445,Shopping & Fashion,83
walmarthaul,445,Shopping & Fashion,58
walmartfashion,445,Shopping & Fashion,24
walmartshopping,445,Shopping & Fashion,23
walmartclearance,445,Shopping & Fashion,13
amorpropio,446,Love & Relationships,236
pareja,446,Love & Relationships,171
teamo,446,Love & Relationships,149
horoscopo,446,Love & Relationships,139
vida,446,Love & Relationships,124
sorpresa,446,Love & Relationships,115
signosdelzodiaco,446,Love & Relationships,113
espiritualidad,446,Love & Relationships,67
mhonividente13,446,Love & Relationships,66
hechizo,446,Love & Relationships,65
mhonividente,446,Love & Relationships,59
futuro,446,Love & Relationships,53
cartas,446,Love & Relationships,44
videncia,446,Love & Relationships,43
signo,446,Love & Relationships,42
mhonividente_13_,446,Love & Relationships,32
bebe,447,Parenting & Family,196
of,447,Parenting & Family,106
tiktokcreator,447,Parenting & Family,83
vedio,447,Parenting & Family,46
babys,447,Parenting & Family,43
highrpm,447,Parenting & Family,38
freefollowers,447,Parenting & Family,32
funnybabys,447,Parenting & Family,27
disneylandcalifornia,448,Disney Fan Culture,204
disneycaliforniaadventure,448,Disney Fan Culture,179
disneylandresort,448,Disney Fan Culture,177
dca,448,Disney Fan Culture,160
disneycharacters,448,Disney Fan Culture,131
disneymerch,448,Disney Fan Culture,118
disneycreator,448,Disney Fan Culture,111
evilqueen,448,Disney Fan Culture,73
incredicoaster,448,Disney Fan Culture,53
disneylandtiktok,448,Disney Fan Culture,53
magickeyholder,448,Disney Fan Culture,47
disneycommunity,448,Disney Fan Culture,46
manhattan,449,Travel & NYC,619
skyline,449,Travel & NYC,108
brooklynbridge,449,Travel & NYC,78
manhattannewyork,449,Travel & NYC,71
spynyc,449,Travel & NYC,65
prankvideo,450,Kids Prank Videos,231
smartbaby,450,Kids Prank Videos,113
tomthemime,450,Kids Prank Videos,98
seaworldmime,450,Kids Prank Videos,88
solo,451,Viral Comedy Sketches,174
videoviralitiktok,451,Viral Comedy Sketches,107
tiktok_india,451,Viral Comedy Sketches,82
jessica,451,Viral Comedy Sketches,80
problem,451,Viral Comedy Sketches,44
luarlal,451,Viral Comedy Sketches,44
dramas,451,Viral Comedy Sketches,20
juancarlosharrigan,451,Viral Comedy Sketches,18
jessicayalicia,451,Viral Comedy Sketches,15
pastorharriganoficial,451,Viral Comedy Sketches,15
alicia,451,Viral Comedy Sketches,12
dancechallenge,452,Dance & Entertainment,477
dancetrend,452,Dance & Entertainment,123
yourpage,452,Dance & Entertainment,91
dancebattle,452,Dance & Entertainment,51
battleofthegrouplive,452,Dance & Entertainment,38
tiktokliveph,452,Dance & Entertainment,38
dancebreak,452,Dance & Entertainment,31
freestyledance,452,Dance & Entertainment,23
dancetrend2024,452,Dance & Entertainment,19
dancethenight,452,Dance & Entertainment,19
freestyledancer,452,Dance & Entertainment,17
dallasdancersnetwork,452,Dance & Entertainment,17
dallasdancers,452,Dance & Entertainment,15
dallasdance,452,Dance & Entertainment,13
peace,453,Relationship & Love,346
wednesday,453,Relationship & Love,114
heartwarming,453,Relationship & Love,99
dondada,453,Relationship & Love,12
funnymemes,454,Gaming Memes & Comedy,272
dankmemes,454,Gaming Memes & Comedy,57
memepage,454,Gaming Memes & Comedy,42
haikyuu,455,Sports & Volleyball,150
volleyballworld,455,Sports & Volleyball,134
volleyballplayer,455,Sports & Volleyball,110
vball,455,Sports & Volleyball,77
ncaavolleyball,455,Sports & Volleyball,70
mensvolleyball,455,Sports & Volleyball,57
libero,455,Sports & Volleyball,54
volleyballgirls,455,Sports & Volleyball,53
clubvolleyball,455,Sports & Volleyball,49
collegevolleyball,455,Sports & Volleyball,48
rally,455,Sports & Volleyball,48
gamechanger,455,Sports & Volleyball,38
voleibol,455,Sports & Volleyball,37
vb,455,Sports & Volleyball,36
setter,455,Sports & Volleyball,36
volley,455,Sports & Volleyball,28
volleyballlife,455,Sports & Volleyball,26
naia,455,Sports & Volleyball,26
volleyballgame,455,Sports & Volleyball,25
outsidehitter,455,Sports & Volleyball,24
volleyballteam,455,Sports & Volleyball,21
volleyballcoach,455,Sports & Volleyball,16
longnails,456,Beauty Nail Care,161
nailsalon,456,Beauty Nail Care,151
beginnernailtech,456,Beauty Nail Care,147
gelx,456,Beauty Nail Care,135
nailtechlife,456,Beauty Nail Care,125
nailsart,456,Beauty Nail Care,123
nailday,456,Beauty Nail Care,111
nailtiktok,456,Beauty Nail Care,98
pinknails,456,Beauty Nail Care,97
uñas,456,Beauty Nail Care,96
manicure,456,Beauty Nail Care,93
frenchtipnails,456,Beauty Nail Care,75
acrylicapplication,456,Beauty Nail Care,62
nailsupply,456,Beauty Nail Care,38
exploremore,457,Study Abroad Experiences,165
insta,457,Study Abroad Experiences,82
jetski,457,Study Abroad Experiences,53
londonlife,457,Study Abroad Experiences,38
pleasesupport,457,Study Abroad Experiences,33
jetskivideos,457,Study Abroad Experiences,13
jetskiing,457,Study Abroad Experiences,12
uk_tiktok,457,Study Abroad Experiences,12
scotlandtiktok,457,Study Abroad Experiences,10
austrilya,457,Study Abroad Experiences,9
nezlannd,457,Study Abroad Experiences,9
beautyplaces,457,Study Abroad Experiences,9
uou,457,Study Abroad Experiences,9
dontdelet,457,Study Abroad Experiences,9
yamahawaverunner,457,Study Abroad Experiences,8
original,459,Entertainment & Drama,307
landscape,459,Entertainment & Drama,142
reflection,459,Entertainment & Drama,115
tiktoktea,459,Entertainment & Drama,43
foryouuuuuuu,459,Entertainment & Drama,39
crafting,460,DIY & Crafting,130
papercraft,460,DIY & Crafting,117
furnitureflip,460,DIY & Crafting,86
cardmaking,460,DIY & Crafting,76
diorama,460,DIY & Crafting,59
flooring,460,DIY & Crafting,53
lvp,460,DIY & Crafting,22
outfitinspo,461,Fashion & Style,559
y2kfashion,461,Fashion & Style,121
streetstyle,461,Fashion & Style,109
ootdinspo,461,Fashion & Style,107
styling,461,Fashion & Style,104
outfitoftheday,461,Fashion & Style,100
streetfashion,461,Fashion & Style,82
todaysoutfit,461,Fashion & Style,74
outfitinspiration,461,Fashion & Style,71
todayslook,461,Fashion & Style,52
fitinspo,461,Fashion & Style,42
dfw,462,North Texas Lifestyle,408
talkingdog,462,North Texas Lifestyle,104
dfwfoodie,462,North Texas Lifestyle,66
texasgirl,462,North Texas Lifestyle,60
countrybar,462,North Texas Lifestyle,43
northtexas,462,North Texas Lifestyle,39
dfwrealestate,462,North Texas Lifestyle,34
nbcdfw,462,North Texas Lifestyle,29
dfwrealtor,462,North Texas Lifestyle,26
eclewisville,462,North Texas Lifestyle,20
dancethenightaway,462,North Texas Lifestyle,20
marriedlife,463,Relationship & Comedy,705
husband,463,Relationship & Comedy,634
wifey,463,Relationship & Comedy,134
dnd,464,Food & Baking,216
dungeonsanddragons,464,Food & Baking,148
adayinmylife,464,Food & Baking,143
pastrychef,464,Food & Baking,54
dice,464,Food & Baking,53
rollforsoda,464,Food & Baking,34
fratchef,464,Food & Baking,20
softball,465,College Softball,425
softballlife,465,College Softball,112
softballtiktoks,465,College Softball,108
ncaasoftball,465,College Softball,79
umpire,465,College Softball,73
wcws,465,College Softball,63
collegesoftball,465,College Softball,52
d1softball,465,College Softball,50
roadtowcws,465,College Softball,43
secsoftball,465,College Softball,40
softballtime,465,College Softball,34
softballplayer,465,College Softball,27
softballumpire,465,College Softball,27
slowpitchsoftball,465,College Softball,26
videoreview,465,College Softball,25
softballgirl,465,College Softball,25
softballgirls,465,College Softball,24
slowpitch,465,College Softball,19
fastpitch,465,College Softball,19
2024season,465,College Softball,18
softballtok,465,College Softball,18
fastpitchsoftball,465,College Softball,16
accsoftball,465,College Softball,14
grandma,466,Family & Parenting Content,331
brother,466,Family & Parenting Content,261
forsale,467,Home Decor & Real Estate,180
realestateagent,467,Home Decor & Real Estate,155
homeinspo,467,Home Decor & Real Estate,109
luxuryliving,467,Home Decor & Real Estate,101
realtorlife,467,Home Decor & Real Estate,100
homeforsale,467,Home Decor & Real Estate,86
househunting,467,Home Decor & Real Estate,78
homeownership,467,Home Decor & Real Estate,67
homebuyer,467,Home Decor & Real Estate,65
homesforsale,467,Home Decor & Real Estate,62
property,467,Home Decor & Real Estate,61
homedecortiktok,467,Home Decor & Real Estate,55
housegoals,467,Home Decor & Real Estate,54
openhouse,467,Home Decor & Real Estate,51
investmentproperty,467,Home Decor & Real Estate,48
newlisting,467,Home Decor & Real Estate,46
speedtour,467,Home Decor & Real Estate,36
sellinghomes,467,Home Decor & Real Estate,33
buyersmarket,467,Home Decor & Real Estate,32
motivacional,468,Personal Development,296
esperanza,468,Personal Development,185
fortaleza,468,Personal Development,181
sabiduria,468,Personal Development,143
refleccionesdelavida,468,Personal Development,135
diosconnosotros,468,Personal Development,134
horacion,468,Personal Development,134
relaciones,468,Personal Development,110
escritos,468,Personal Development,59
actitudpositiva,468,Personal Development,51
exitopersonal,468,Personal Development,43
fuerzaregida,469,Music & Comedy,278
fpyシ,469,Music & Comedy,203
zxycba,469,Music & Comedy,168
ghanatiktok,469,Music & Comedy,155
rapbattle,469,Music & Comedy,42
aviationlife,469,Music & Comedy,39
blackgirlfitness,469,Music & Comedy,31
battleraphighlights,469,Music & Comedy,28
feature,469,Music & Comedy,22
jamskate,469,Music & Comedy,20
peronoteenamorestour2024,469,Music & Comedy,16
shuffleskate,469,Music & Comedy,15
akabenezer,469,Music & Comedy,8
skatereflections,469,Music & Comedy,6
stickers,470,Crafting & Sticker Art,103
au,470,Crafting & Sticker Art,57
stickershop,470,Crafting & Sticker Art,54
stickerart,470,Crafting & Sticker Art,44
diylover,470,Crafting & Sticker Art,40
giftforkids,470,Crafting & Sticker Art,39
stickermaking,470,Crafting & Sticker Art,38
stickerlover,470,Crafting & Sticker Art,37
3dsticker,470,Crafting & Sticker Art,37
stickerchallenge,470,Crafting & Sticker Art,37
stickertok,470,Crafting & Sticker Art,37
cutesticker,470,Crafting & Sticker Art,36
stickergame,470,Crafting & Sticker Art,36
diystickers,470,Crafting & Sticker Art,35
dodgerstadium,471,Sports & Entertainment,71
baseballseason,471,Sports & Entertainment,47
highschoolbaseball,471,Sports & Entertainment,45
catcher,471,Sports & Entertainment,37
perfectgame,471,Sports & Entertainment,29
finance,472,Personal Finance & Wealth,208
financialfreedom,472,Personal Finance & Wealth,146
wealth,472,Personal Finance & Wealth,120
rolex,472,Personal Finance & Wealth,107
factory,472,Personal Finance & Wealth,102
millionaire,472,Personal Finance & Wealth,93
invest,472,Personal Finance & Wealth,71
businesstips,472,Personal Finance & Wealth,65
signage,472,Personal Finance & Wealth,65
watches,472,Personal Finance & Wealth,53
entrepreneurship,472,Personal Finance & Wealth,53
advertising,472,Personal Finance & Wealth,20
marriedcouple,473,Marriage Humor Content,120
wifelife,473,Marriage Humor Content,98
marriedlifehumor,473,Marriage Humor Content,58
trishandrick,473,Marriage Humor Content,26
jokeswithtrishandrick,473,Marriage Humor Content,25
ihaveajoke,473,Marriage Humor Content,22
wings,474,Food Review Content,258
keithlee,474,Food Review Content,141
chickenwings,474,Food Review Content,125
foodreviews,474,Food Review Content,123
foodvlog,474,Food Review Content,122
chopelasreviews,474,Food Review Content,84
tiktokfoodie,474,Food Review Content,77
ncfoodie,474,Food Review Content,58
foodreviewer,474,Food Review Content,47
bilaldawson,474,Food Review Content,21
1star,474,Food Review Content,16
waynedang,474,Food Review Content,12
metgala2025,475,Fashion & Celebrity,238
zendaya,475,Fashion & Celebrity,141
tiktokmusic,475,Fashion & Celebrity,115
tyla,475,Fashion & Celebrity,107
metgala2024,475,Fashion & Celebrity,95
metgala2023,475,Fashion & Celebrity,85
onregardequoi,475,Fashion & Celebrity,69
met,475,Fashion & Celebrity,55
metgalastyle,475,Fashion & Celebrity,51
metgalalooks,475,Fashion & Celebrity,50
themet,475,Fashion & Celebrity,45
mtvceleb,475,Fashion & Celebrity,36
karllagerfeld,475,Fashion & Celebrity,30
metgalaredcarpet,475,Fashion & Celebrity,29
themark,475,Fashion & Celebrity,25
carlyle,475,Fashion & Celebrity,21
metgalaoutfits,475,Fashion & Celebrity,19
newsanchor,476,Beauty & Makeup,77
getdressedwithme,476,Beauty & Makeup,47
naturalmakeup,476,Beauty & Makeup,46
gdwm,476,Beauty & Makeup,36
grwmstorytime,476,Beauty & Makeup,31
neoitgirl,476,Beauty & Makeup,31
everydaymakeup,476,Beauty & Makeup,31
arreglateconmigo,476,Beauty & Makeup,20
tattisbeauty,476,Beauty & Makeup,12
gettothepointbro,476,Beauty & Makeup,11
tattisbeatypro,476,Beauty & Makeup,7
whitehouse,477,Beauty & Hair Styling,125
hairsalon,477,Beauty & Hair Styling,123
salonlife,477,Beauty & Hair Styling,115
hairtoks,477,Beauty & Hair Styling,106
hairstylistlife,477,Beauty & Hair Styling,70
indyhairstylist,477,Beauty & Hair Styling,60
makeamericagreatagain,477,Beauty & Hair Styling,55
indyhair,477,Beauty & Hair Styling,50
indianapolishairstylist,477,Beauty & Hair Styling,48
melaniatrump,477,Beauty & Hair Styling,42
olaplex,477,Beauty & Hair Styling,37
indianapolishair,477,Beauty & Hair Styling,18
straighthair,478,Beauty & Grooming,148
houstonbarber,478,Beauty & Grooming,138
barbershopconnect,478,Beauty & Grooming,122
labarber,478,Beauty & Grooming,122
barbertok,478,Beauty & Grooming,106
barberia,478,Beauty & Grooming,100
femalebarber,478,Beauty & Grooming,88
menshairstyle,478,Beauty & Grooming,87
barberworld,478,Beauty & Grooming,51
cortesdecabello,478,Beauty & Grooming,43
asmrbarber,478,Beauty & Grooming,29
haircutasmr,478,Beauty & Grooming,24
asmrcutting,478,Beauty & Grooming,24
shavingasmr,478,Beauty & Grooming,23
cuttingasmr,478,Beauty & Grooming,21
asmrshaving,478,Beauty & Grooming,20
asmrrealbarber,478,Beauty & Grooming,20
camping,479,Outdoor Adventure Lifestyle,565
survival,479,Outdoor Adventure Lifestyle,263
vanlife,479,Outdoor Adventure Lifestyle,194
rvlife,479,Outdoor Adventure Lifestyle,149
rv,479,Outdoor Adventure Lifestyle,126
tinyhouse,479,Outdoor Adventure Lifestyle,121
camp,479,Outdoor Adventure Lifestyle,117
outdoor,479,Outdoor Adventure Lifestyle,111
shelter,479,Outdoor Adventure Lifestyle,104
glamping,479,Outdoor Adventure Lifestyle,87
camper,479,Outdoor Adventure Lifestyle,79
campinglife,479,Outdoor Adventure Lifestyle,68
survivalskills,479,Outdoor Adventure Lifestyle,40
campinghacks,479,Outdoor Adventure Lifestyle,25
tent,479,Outdoor Adventure Lifestyle,25
truckcamper,479,Outdoor Adventure Lifestyle,22
in,480,K-Pop Fan Culture,61
ohmygato_,480,K-Pop Fan Culture,37
youmakestraykidsstay,480,K-Pop Fan Culture,25
leeknowedit,480,K-Pop Fan Culture,25
thatgirl,481,Relaxation & Selfcare,187
routine,481,Relaxation & Selfcare,181
stressrelief,481,Relaxation & Selfcare,142
cleangirl,481,Relaxation & Selfcare,122
musicball,481,Relaxation & Selfcare,102
anxietyrelief,481,Relaxation & Selfcare,100
farrier,481,Relaxation & Selfcare,60
hoof,481,Relaxation & Selfcare,43
ccmusicball,481,Relaxation & Selfcare,37
frenchbulldog,482,Animal Companionship,214
frenchie,482,Animal Companionship,201
labrador,482,Animal Companionship,127
alaskanmalamute,482,Animal Companionship,20
happiness,483,Personal Development,278
quotelife,483,Personal Development,157
motivationalspeech,483,Personal Development,156
hustlehard,483,Personal Development,147
powerfulquotes,483,Personal Development,140
mindsetmatters,483,Personal Development,133
ti,483,Personal Development,126
loyalty,483,Personal Development,124
jordanpetersonquotes,483,Personal Development,78
mindest,483,Personal Development,73
motivationalpage,483,Personal Development,66
motivationalquotesandsayings,483,Personal Development,65
motivercity89,483,Personal Development,62
dewaynenoel,483,Personal Development,61
golden,484,Dog Parenting Content,98
goldensoftiktok,484,Dog Parenting Content,65
goldenpuppy,484,Dog Parenting Content,35
goldens,484,Dog Parenting Content,21
packingorders,485,Dating & Relationships,104
showertok,485,Dating & Relationships,84
blinddate,485,Dating & Relationships,81
smashorpass,485,Dating & Relationships,67
perfectmatch,485,Dating & Relationships,66
clovis,485,Dating & Relationships,58
bathbombs,485,Dating & Relationships,42
bathbombmaking,485,Dating & Relationships,39
singlelady,485,Dating & Relationships,38
singleguy,485,Dating & Relationships,36
workmemes,486,Humor & Memes,81
memenatal,486,Humor & Memes,38
memememecut,486,Humor & Memes,34
robloxmeme,486,Humor & Memes,32
robloxfunny,486,Humor & Memes,24
poud1e,486,Humor & Memes,23
malibu,487,Los Angeles Lifestyle,105
pasadena,487,Los Angeles Lifestyle,103
downtownla,487,Los Angeles Lifestyle,62
indieartist,487,Los Angeles Lifestyle,31
bmostadium,487,Los Angeles Lifestyle,31
shoeplug,487,Los Angeles Lifestyle,21
korean,488,Food Review Content,298
koreanfood,488,Food Review Content,250
soulfood,488,Food Review Content,178
streetfood,488,Food Review Content,141
diosteama,489,Christian Devotional Content,137
oraciones,489,Christian Devotional Content,99
mensaje,489,Christian Devotional Content,83
dieu,489,Christian Devotional Content,74
jesucristo,489,Christian Devotional Content,71
cristovive,489,Christian Devotional Content,54
salvacion,489,Christian Devotional Content,50
contenidocristiano,489,Christian Devotional Content,49
jésus,489,Christian Devotional Content,47
cristoteama,489,Christian Devotional Content,44
sanidad,489,Christian Devotional Content,42
descanzo,489,Christian Devotional Content,40
teamodios,489,Christian Devotional Content,37
abcxyz,490,Gaming Walkthroughs,662
iceskating,490,Gaming Walkthroughs,238
figureskating,490,Gaming Walkthroughs,210
skating,490,Gaming Walkthroughs,163
iceskater,490,Gaming Walkthroughs,84
cookierunovenbreak,490,Gaming Walkthroughs,83
cr,490,Gaming Walkthroughs,71
crob,490,Gaming Walkthroughs,70
crtoa,490,Gaming Walkthroughs,53
cookierunwitchescastle,490,Gaming Walkthroughs,53
crwc,490,Gaming Walkthroughs,53
cookieruntowerofadventures,490,Gaming Walkthroughs,52
figureskatingtiktok,490,Gaming Walkthroughs,52
icerink,490,Gaming Walkthroughs,41
crkfyp,490,Gaming Walkthroughs,38
cookierunovensmash,490,Gaming Walkthroughs,37
cros,490,Gaming Walkthroughs,36
lunch,491,Food & Recipes,565
lonche,491,Food & Recipes,159
loncheparamiesposo,491,Food & Recipes,151
lunchbox,491,Food & Recipes,99
lunchformyhusband,491,Food & Recipes,92
packinglunch,491,Food & Recipes,72
cheeselover,491,Food & Recipes,67
eeeeeats,491,Food & Recipes,57
cheatday,491,Food & Recipes,47
buzzfeast,491,Food & Recipes,44
forkyeah,491,Food & Recipes,37
dailyfoodfeed,491,Food & Recipes,33
lunchbag,491,Food & Recipes,33
eatfamous,491,Food & Recipes,31
tryitordiet,491,Food & Recipes,28
sing,492,Music & Entertainment,293
vocals,492,Music & Entertainment,232
voice,492,Music & Entertainment,149
acapella,492,Music & Entertainment,133
harmony,492,Music & Entertainment,110
singingchallenge,492,Music & Entertainment,105
choir,492,Music & Entertainment,99
singers,492,Music & Entertainment,73
kelsiewatts,492,Music & Entertainment,35
embarazo,493,Parenting & Pregnancy,139
embarazada,493,Parenting & Pregnancy,108
pregnancytok,493,Parenting & Pregnancy,32
pregnantcheck,493,Parenting & Pregnancy,13
nbayoungboy,494,Food & Culture,119
houstoneats,494,Food & Culture,53
houstonrealtor,494,Food & Culture,43
houstonapartments,494,Food & Culture,42
htxfoodie,494,Food & Culture,41
houstonfoodspots,494,Food & Culture,31
houstonthingstodo,494,Food & Culture,29
glorillapimp,494,Food & Culture,27
explorehouston,494,Food & Culture,25
4ktrey,494,Food & Culture,25
5thward,494,Food & Culture,13
lil5thandcraig,494,Food & Culture,13
followme,495,Entertainment & Comedy,294
lawenforcementhumor,495,Entertainment & Comedy,28
sharethecare,495,Entertainment & Comedy,27
catlover,496,Animal/ Pet Content,728
funnycats,496,Animal/ Pet Content,149
catvideos,496,Animal/ Pet Content,118
cutecats,496,Animal/ Pet Content,118
catwalk,496,Animal/ Pet Content,108
tuxedocat,496,Animal/ Pet Content,105
fortnite,497,Gaming Memes & Clips,908
fortniteclips,497,Gaming Memes & Clips,261
fortnitememes,497,Gaming Memes & Clips,133
fortnitefunny,497,Gaming Memes & Clips,98
fortnitebr,497,Gaming Memes & Clips,95
fn,497,Gaming Memes & Clips,53
fort,497,Gaming Memes & Clips,47
ogfortnite,497,Gaming Memes & Clips,36
fortnitefyp,497,Gaming Memes & Clips,35
emote,497,Gaming Memes & Clips,34
fortniteog,497,Gaming Memes & Clips,28
sypherpk,497,Gaming Memes & Clips,22
zerobuild,497,Gaming Memes & Clips,20
fortnitepro,497,Gaming Memes & Clips,19
fortnitedance,497,Gaming Memes & Clips,14
fortnitereload,497,Gaming Memes & Clips,14
summernails,498,Beauty Nail Art,99
springnails,498,Beauty Nail Art,78
chromenails,498,Beauty Nail Art,77
naildesign,498,Beauty Nail Art,72
nailtrends,498,Beauty Nail Art,70
nailsofinstagram,498,Beauty Nail Art,61
nailideas,498,Beauty Nail Art,57
naturalnails,498,Beauty Nail Art,52
nailaddict,498,Beauty Nail Art,30
jake,499,K-Pop Fan Community,101
jay,499,K-Pop Fan Community,72
sunghoon,499,K-Pop Fan Community,71
jungwon,499,K-Pop Fan Community,70
sunoo,499,K-Pop Fan Community,57
niki,499,K-Pop Fan Community,51
enha,499,K-Pop Fan Community,41
enhypenfateworldtour,499,K-Pop Fan Community,37
ni_ki,499,K-Pop Fan Community,34
fatetour,499,K-Pop Fan Community,31
enhypenedit,499,K-Pop Fan Community,30
fateplus,499,K-Pop Fan Community,28
fatetourenhypen,499,K-Pop Fan Community,24
simjaeyun,499,K-Pop Fan Community,24
jakeenhypen,499,K-Pop Fan Community,21
enhypenjake,499,K-Pop Fan Community,21
enhypenconcert,499,K-Pop Fan Community,21
엔하이픈,499,K-Pop Fan Community,18
leeheeseung,499,K-Pop Fan Community,17
fateplus_in_us,499,K-Pop Fan Community,16
